{"graph_0": {"_type": "graph-file", "path": "media/graph/graph_0_summary_2151c9ab.graph.json", "sha256": "2151c9abb69587caa00821f725165898170da94ea738a549007e9b9bde4ce058", "size": 868}, "Train Loss": 0.29628581760658157, "Val Loss": 0.344632754723231, "Train Acc": 88.61111111111111, "Val Acc": 85.79166666666667, "_runtime": 62, "_timestamp": 1617181957, "_step": 49, "gradients/fc_output.bias": {"_type": "histogram", "values": [1.0, 0.0, 0.0, 0.0, 0.0, 0.0, 0.0, 0.0, 0.0, 0.0, 0.0, 0.0, 0.0, 0.0, 0.0, 0.0, 0.0, 0.0, 0.0, 0.0, 0.0, 0.0, 0.0, 0.0, 0.0, 0.0, 0.0, 0.0, 0.0, 0.0, 0.0, 0.0, 0.0, 0.0, 0.0, 0.0, 0.0, 0.0, 0.0, 0.0, 0.0, 0.0, 0.0, 0.0, 0.0, 0.0, 0.0, 0.0, 0.0, 0.0, 0.0, 0.0, 0.0, 0.0, 0.0, 0.0, 0.0, 0.0, 0.0, 0.0, 0.0, 0.0, 0.0, 1.0], "bins": [-0.06575459986925125, -0.06369976699352264, -0.061644937843084335, -0.05959010496735573, -0.05753527581691742, -0.05548044294118881, -0.053425610065460205, -0.0513707771897316, -0.04931594803929329, -0.04726111516356468, -0.04520628601312637, -0.043151453137397766, -0.04109662026166916, -0.03904179111123085, -0.03698695823550224, -0.034932129085063934, -0.03287729620933533, -0.03082246519625187, -0.02876763418316841, -0.026712801307439804, -0.024657970294356346, -0.022603139281272888, -0.02054830640554428, -0.018493475392460823, -0.016438644379377365, -0.014383813366293907, -0.012328981421887875, -0.010274149477481842, -0.008219318464398384, -0.006164487451314926, -0.004109655506908894, -0.002054823562502861, 0.0, 0.0020548314787447453, 0.0041096629574894905, 0.006164494436234236, 0.008219325914978981, 0.010274156928062439, 0.012328988872468472, 0.014383820816874504, 0.016438651829957962, 0.01849348284304142, 0.020548313856124878, 0.022603146731853485, 0.024657977744936943, 0.0267128087580204, 0.028767641633749008, 0.030822472646832466, 0.032877303659915924, 0.03493213653564453, 0.03698696568608284, 0.03904179856181145, 0.041096627712249756, 0.04315146058797836, 0.04520629346370697, 0.04726112633943558, 0.049315955489873886, 0.05137078836560249, 0.0534256175160408, 0.05548045039176941, 0.057535283267498016, 0.059590112417936325, 0.06164494529366493, 0.06369977444410324, 0.06575460731983185]}, "gradients/fc_output.weight": {"_type": "histogram", "values": [1.0, 0.0, 0.0, 3.0, 1.0, 1.0, 4.0, 2.0, 1.0, 5.0, 11.0, 9.0, 7.0, 6.0, 10.0, 9.0, 7.0, 4.0, 5.0, 8.0, 6.0, 7.0, 8.0, 8.0, 11.0, 10.0, 13.0, 8.0, 13.0, 11.0, 4.0, 310.0, 24.0, 4.0, 11.0, 13.0, 8.0, 13.0, 10.0, 11.0, 8.0, 8.0, 7.0, 6.0, 8.0, 5.0, 4.0, 7.0, 9.0, 10.0, 6.0, 7.0, 9.0, 11.0, 5.0, 1.0, 2.0, 4.0, 1.0, 1.0, 3.0, 0.0, 0.0, 1.0], "bins": [-0.015742219984531403, -0.01525027584284544, -0.014758330769836903, -0.01426638662815094, -0.013774442486464977, -0.013282498344779015, -0.012790553271770477, -0.012298609130084515, -0.011806664988398552, -0.01131472084671259, -0.010822775773704052, -0.01033083163201809, -0.009838887490332127, -0.009346943348646164, -0.008854998275637627, -0.008363054133951664, -0.007871109060943127, -0.007379164453595877, -0.006887220311909914, -0.006395275704562664, -0.005903331562876701, -0.005411386955529451, -0.004919442348182201, -0.004427498206496239, -0.003935553133487701, -0.003443608758971095, -0.0029516643844544888, -0.0024597197771072388, -0.0019677754025906324, -0.001475831028074026, -0.0009838864207267761, -0.0004919420462101698, 1.862645149230957e-09, 0.0004919462953694165, 0.0009838907280936837, 0.0014758352190256119, 0.001967779593542218, 0.0024597239680588245, 0.0029516685754060745, 0.003443612949922681, 0.003935556858778, 0.00442750146612525, 0.0049194456078112125, 0.0054113902151584625, 0.005903334356844425, 0.006395278964191675, 0.006887223571538925, 0.007379167713224888, 0.007871112786233425, 0.008363056927919388, 0.008855002000927925, 0.009346946142613888, 0.00983889028429985, 0.010330835357308388, 0.01082277949899435, 0.011314723640680313, 0.01180666871368885, 0.012298612855374813, 0.01279055792838335, 0.013282502070069313, 0.013774446211755276, 0.014266390353441238, 0.014758335426449776, 0.015250279568135738, 0.0157422237098217]}, "gradients/fc_hidden.0.bias": {"_type": "histogram", "values": [2.0, 0.0, 0.0, 0.0, 1.0, 2.0, 2.0, 4.0, 2.0, 2.0, 0.0, 6.0, 7.0, 9.0, 8.0, 7.0, 19.0, 9.0, 12.0, 2.0, 1.0, 0.0, 0.0, 0.0, 0.0, 0.0, 3.0, 6.0, 151.0, 1.0, 2.0, 2.0, 2.0, 1.0, 8.0, 5.0, 1.0, 3.0, 0.0, 5.0, 1.0, 2.0, 5.0, 3.0, 5.0, 6.0, 3.0, 0.0, 7.0, 10.0, 4.0, 1.0, 5.0, 2.0, 4.0, 3.0, 2.0, 1.0, 2.0, 4.0, 3.0, 0.0, 0.0, 2.0], "bins": [-0.02173498272895813, -0.020978350192308426, -0.02022171951830387, -0.019465086981654167, -0.018708456307649612, -0.01795182377099991, -0.017195191234350204, -0.0164385586977005, -0.015681928023695946, -0.014925296418368816, -0.014168664813041687, -0.013412032276391983, -0.012655400671064854, -0.011898769065737724, -0.01114213652908802, -0.010385504923760891, -0.009628873318433762, -0.008872241713106632, -0.008115610107779503, -0.007358977571129799, -0.0066023459658026695, -0.00584571436047554, -0.0050890822894871235, -0.004332450218498707, -0.0035758186131715775, -0.0028191867750138044, -0.0020625549368560314, -0.0013059230986982584, -0.0005492912605404854, 0.00020734057761728764, 0.0009639724157750607, 0.0017206044867634773, 0.002477237954735756, 0.003233869792893529, 0.003990501631051302, 0.004747133702039719, 0.005503765307366848, 0.006260396912693977, 0.007017028983682394, 0.007773661054670811, 0.00853029265999794, 0.00928692426532507, 0.010043555870652199, 0.010800188407301903, 0.011556820012629032, 0.012313451617956161, 0.013070084154605865, 0.013826715759932995, 0.014583347365260124, 0.015339978970587254, 0.016096610575914383, 0.016853243112564087, 0.01760987564921379, 0.018366506323218346, 0.01912313885986805, 0.019879769533872604, 0.02063640207052231, 0.021393034607172012, 0.022149665281176567, 0.02290629781782627, 0.023662928491830826, 0.02441956102848053, 0.025176193565130234, 0.025932826101779938, 0.026689456775784492]}, "gradients/fc_hidden.0.weight": {"_type": "histogram", "values": [1.0, 0.0, 1.0, 0.0, 2.0, 0.0, 4.0, 1.0, 4.0, 3.0, 3.0, 4.0, 16.0, 18.0, 18.0, 28.0, 21.0, 45.0, 50.0, 72.0, 62.0, 60.0, 40.0, 34.0, 45.0, 41.0, 48.0, 223.0, 128086.0, 75.0, 46.0, 42.0, 45.0, 40.0, 30.0, 34.0, 23.0, 35.0, 32.0, 25.0, 15.0, 43.0, 26.0, 25.0, 21.0, 12.0, 13.0, 8.0, 23.0, 15.0, 9.0, 5.0, 7.0, 2.0, 4.0, 1.0, 2.0, 1.0, 3.0, 3.0, 3.0, 0.0, 0.0, 2.0], "bins": [-0.010623213835060596, -0.010243899188935757, -0.009864585474133492, -0.009485270828008652, -0.009105957113206387, -0.008726642467081547, -0.008347328752279282, -0.007968014106154442, -0.007588699460029602, -0.00720938527956605, -0.006830071099102497, -0.006450756452977657, -0.006071442272514105, -0.005692128092050552, -0.005312813911587, -0.004933499731123447, -0.004554185550659895, -0.0041748713701963425, -0.0037955569569021463, -0.003416242776438594, -0.0030369283631443977, -0.0026576141826808453, -0.002278300002217293, -0.0018989855889230967, -0.0015196716412901878, -0.0011403573444113135, -0.0007610431057401001, -0.00038172886706888676, -2.414570190012455e-06, 0.00037689972668886185, 0.0007562139071524143, 0.0011355283204466105, 0.0015148427337408066, 0.0018941570306196809, 0.002273471327498555, 0.0026527855079621077, 0.003032099921256304, 0.0034114141017198563, 0.0037907282821834087, 0.004170042462646961, 0.004549357108771801, 0.0049286712892353535, 0.005307985469698906, 0.005687300115823746, 0.006066614296287298, 0.006445928476750851, 0.006825242657214403, 0.007204556837677956, 0.007583871018141508, 0.00796318519860506, 0.0083424998447299, 0.008721813559532166, 0.009101128205657005, 0.009480442851781845, 0.00985975656658411, 0.01023907121270895, 0.010618384927511215, 0.010997699573636055, 0.01137701328843832, 0.01175632793456316, 0.012135641649365425, 0.012514956295490265, 0.012894270941615105, 0.01327358465641737, 0.01365289930254221]}, "gradients/fc_input.bias": {"_type": "histogram",