{"graph_0": {"_type": "graph-file", "path": "media/graph/graph_0_summary_f736b653.graph.json", "sha256": "f736b653423402e4bf7b27c79d28f41084e853037cd29b56d50c31bc3ae30d2b", "size": 1261}, "Train Loss": 0.6371750421822071, "Val Loss": 0.6371075186141046, "Train Acc": 66.4375, "Val Acc": 66.58097686375321, "_runtime": 83, "_timestamp": 1617033427, "_step": 49, "gradients/fc_output.bias": {"_type": "histogram", "values": [1.0, 0.0, 0.0, 0.0, 0.0, 0.0, 0.0, 0.0, 0.0, 0.0, 0.0, 0.0, 0.0, 0.0, 0.0, 0.0, 0.0, 0.0, 0.0, 0.0, 0.0, 0.0, 0.0, 0.0, 0.0, 0.0, 0.0, 0.0, 0.0, 0.0, 0.0, 0.0, 0.0, 0.0, 0.0, 0.0, 0.0, 0.0, 0.0, 0.0, 0.0, 0.0, 0.0, 0.0, 0.0, 0.0, 0.0, 0.0, 0.0, 0.0, 0.0, 0.0, 0.0, 0.0, 0.0, 0.0, 0.0, 0.0, 0.0, 0.0, 0.0, 0.0, 0.0, 1.0], "bins": [-0.05789215862751007, -0.05608302727341652, -0.054273899644613266, -0.052464768290519714, -0.05065563693642616, -0.04884650558233261, -0.04703737795352936, -0.045228246599435806, -0.043419115245342255, -0.0416099838912487, -0.03980085626244545, -0.0379917249083519, -0.03618259355425835, -0.034373462200164795, -0.03256433457136154, -0.03075520321726799, -0.028946075588464737, -0.027136946097016335, -0.025327814742922783, -0.02351868525147438, -0.02170955389738083, -0.019900424405932426, -0.018091294914484024, -0.016282163560390472, -0.01447303593158722, -0.012663905508816242, -0.010854775086045265, -0.009045645594596863, -0.007236515171825886, -0.005427384749054909, -0.0036182552576065063, -0.0018091248348355293, 7.450580596923828e-09, 0.0018091376405209303, 0.0036182678304612637, 0.005427397787570953, 0.00723652821034193, 0.009045658633112907, 0.01085478812456131, 0.012663918547332287, 0.014473050832748413, 0.016282180324196815, 0.018091311678290367, 0.01990044116973877, 0.02170957252383232, 0.023518702015280724, 0.025327831506729126, 0.027136962860822678, 0.02894609048962593, 0.030755219981074333, 0.032564349472522736, 0.03437348082661629, 0.03618261218070984, 0.03799173980951309, 0.039800871163606644, 0.041610002517700195, 0.04341913014650345, 0.045228261500597, 0.04703738912940025, 0.048846520483493805, 0.05065565183758736, 0.05246478319168091, 0.05427391082048416, 0.05608304217457771, 0.057892173528671265]}, "gradients/fc_output.weight": {"_type": "histogram", "values": [1.0, 0.0, 0.0, 0.0, 0.0, 0.0, 0.0, 0.0, 0.0, 1.0, 0.0, 0.0, 0.0, 0.0, 1.0, 1.0, 0.0, 0.0, 0.0, 0.0, 0.0, 1.0, 1.0, 0.0, 0.0, 1.0, 0.0, 0.0, 2.0, 2.0, 0.0, 4.0, 694.0, 0.0, 2.0, 2.0, 0.0, 0.0, 1.0, 0.0, 0.0, 1.0, 1.0, 0.0, 0.0, 0.0, 0.0, 0.0, 1.0, 1.0, 0.0, 0.0, 0.0, 0.0, 1.0, 0.0, 0.0, 0.0, 0.0, 0.0, 0.0, 0.0, 0.0, 1.0], "bins": [-0.007280029356479645, -0.0070525286719202995, -0.006825027521699667, -0.006597526371479034, -0.006370025686919689, -0.006142525002360344, -0.005915023852139711, -0.005687522701919079, -0.005460022017359734, -0.005232521332800388, -0.005005020182579756, -0.004777519032359123, -0.004550018347799778, -0.004322517663240433, -0.0040950165130198, -0.0038675155956298113, -0.0036400146782398224, -0.0034125137608498335, -0.0031850128434598446, -0.0029575119260698557, -0.002730011008679867, -0.002502510091289878, -0.002275009173899889, -0.0020475082565099, -0.0018200073391199112, -0.0015925064217299223, -0.0013650055043399334, -0.0011375045869499445, -0.0009100036695599556, -0.0006825027521699667, -0.0004550018347799778, -0.0002275009173899889, -4.656612873077393e-10, 0.0002275004517287016, 0.0004550013691186905, 0.0006825022865086794, 0.0009100032038986683, 0.0011375041212886572, 0.001365005038678646, 0.001592505956068635, 0.0018200068734586239, 0.002047507790848613, 0.0022750087082386017, 0.0025025096256285906, 0.0027300105430185795, 0.0029575114604085684, 0.0031850123777985573, 0.003412513295188546, 0.003640014212578535, 0.003867515129968524, 0.004095016047358513, 0.004322516731917858, 0.004550017882138491, 0.004777519032359123, 0.0050050197169184685, 0.005232520401477814, 0.005460021551698446, 0.005687522701919079, 0.005915023386478424, 0.006142524071037769, 0.006370025221258402, 0.006597526371479034, 0.00682502705603838, 0.007052527740597725, 0.0072800288908183575]}, "gradients/fc_hidden.1.bias": {"_type": "histogram", "values": [1.0, 0.0, 0.0, 0.0, 0.0, 0.0, 0.0, 0.0, 1.0, 0.0, 0.0, 0.0, 0.0, 0.0, 0.0, 0.0, 0.0, 1.0, 0.0, 0.0, 0.0, 0.0, 0.0, 0.0, 0.0, 0.0, 0.0, 349.0, 1.0, 1.0, 1.0, 1.0, 2.0, 0.0, 0.0, 0.0, 0.0, 0.0, 0.0, 0.0, 0.0, 0.0, 1.0, 0.0, 0.0, 0.0, 0.0, 0.0, 0.0, 0.0, 0.0, 0.0, 0.0, 0.0, 0.0, 0.0, 0.0, 0.0, 0.0, 0.0, 0.0, 0.0, 0.0, 1.0], "bins": [-0.003526464104652405, -0.003398704109713435, -0.003270943881943822, -0.0031431838870048523, -0.0030154238920658827, -0.002887663897126913, -0.0027599036693573, -0.00263214367441833, -0.0025043836794793606, -0.002376623684540391, -0.0022488634567707777, -0.002121103461831808, -0.0019933434668928385, -0.001865583355538547, -0.0017378232441842556, -0.001610063249245286, -0.0014823030214756727, -0.0013545429101213813, -0.0012267829151824117, -0.0010990228038281202, -0.0009712627506814897, -0.0008435026975348592, -0.0007157425861805677, -0.0005879825330339372, -0.00046022236347198486, -0.00033246231032535434, -0.00020470222807489336, -7.694214582443237e-05, 5.081790732219815e-05, 0.00017857796046882868, 0.0003063380718231201, 0.00043409812496975064, 0.0005618580617010593, 0.0006896181148476899, 0.0008173781679943204, 0.0009451382793486118, 0.0010728982742875814, 0.0012006583856418729, 0.0013284184969961643, 0.001456178491935134, 0.0015839384868741035, 0.001711698598228395, 0.0018394585931673646, 0.001967218704521656, 0.0020949786994606256, 0.0022227386943995953, 0.0023504989221692085, 0.002478258917108178, 0.0026060191448777914, 0.002733779139816761, 0.0028615393675863743, 0.002989299362525344, 0.0031170593574643135, 0.0032448195852339268, 0.0033725795801728964, 0.003500339575111866, 0.0036280998028814793, 0.003755859797820449, 0.003883620025590062, 0.004011380020529032, 0.004139140248298645, 0.004266900010406971, 0.004394660238176584, 0.0045224204659461975, 0.0046501802280545235]}, "gradients/fc_hidden.1.weight": {"_type": "histogram", "values": [1.0, 0.0, 0.0, 0.0, 0.0, 0.0, 0.0, 0.0, 0.0, 0.0, 0.0, 0.0, 0.0, 0.0, 0.0, 0.0, 0.0, 0.0, 0.0, 0.0, 0.0, 0.0, 1.0, 0.0, 0.0, 0.0, 0.0, 0.0, 0.0, 0.0, 0.0, 1.0, 0.0, 0.0, 129587.0, 3.0, 4.0, 0.0, 1.0, 0.0, 0.0, 1.0, 0.0, 0.0, 0.0, 0.0, 0.0, 0.0, 0.0, 0.0, 0.0, 0.0, 0.0, 0.0, 0.0, 0.0, 0.0, 0.0, 0.0, 0.0, 0.0, 0.0, 0.0, 1.0], "bins": [-0.0013588139554485679, -0.0013194354251027107, -0.0012800568947568536, -0.0012406783644109964, -0.0012012998340651393, -0.0011619213037192822, -0.001122542773373425, -0.0010831642430275679, -0.001043785596266389, -0.0010044070659205317, -0.0009650285355746746, -0.0009256500052288175, -0.0008862714748829603, -0.0008468929445371032, -0.0008075143559835851, -0.000768135825637728, -0.0007287573534995317, -0.0006893788231536746, -0.0006500002928078175, -0.0006106217624619603, -0.0005712432321161032, -0.000531864701770246, -0.000492486113216728, -0.00045310758287087083, -0.0004137290525250137, -0.00037435052217915654, -0.0003349719918332994, -0.0002955934323836118, -0.00025621490203775465, -0.0002168363716918975, -0.00017745782679412514, -0.00013807928189635277, -9.870086796581745e-05, -5.9322330344002694e-05, -1.9943792722187936e-05, 1.943474489962682e-05, 5.881328252144158e-05, 9.819181286729872e-05, 0.0001375703577650711, 0.00017694890266284347, 0.0002163274330087006, 0.00025570596335455775, 0.0002950844937004149, 0.0003344630531501025, 0.00037384158349595964, 0.0004132201138418168, 0.0004525986732915044, 0.0004919772036373615, 0.0005313557339832187, 0.0005707342643290758, 0.000610112794674933, 0.0006494913250207901, 0.0006888698553666472, 0.0007282483857125044, 0.0007676269742660224, 0.0008070055046118796, 0.0008463840349577367, 0.0008857625653035939, 0.000925141095649451, 0.0009645196259953082, 0.0010038982145488262, 0.0010432767448946834, 0.0010826552752405405, 0.0011220338055863976, 0.0011614123359322548]}, "gradients/fc_hidden.0.bias": {"_type": "histogram",