{"graph_0": {"_type": "graph-file", "path": "media/graph/graph_0_summary_a6814513.graph.json", "sha256": "a68145134e3674411cd8e9855595a4789493b93f9aac21fecca56d14831057a4", "size": 646}, "Train Loss": 0.005473622071197799, "Val Loss": 0.013869076260258831, "Train Acc": 100.0, "Val Acc": 99.625, "_runtime": 58, "_timestamp": 1618078233, "_step": 49, "gradients/linear_layers.1.bias": {"_type": "histogram", "values": [1.0, 0.0, 0.0, 0.0, 0.0, 0.0, 0.0, 0.0, 0.0, 0.0, 0.0, 0.0, 0.0, 0.0, 0.0, 0.0, 0.0, 0.0, 0.0, 0.0, 0.0, 0.0, 0.0, 0.0, 0.0, 0.0, 0.0, 0.0, 0.0, 0.0, 0.0, 0.0, 0.0, 0.0, 0.0, 0.0, 0.0, 0.0, 0.0, 0.0, 0.0, 0.0, 0.0, 0.0, 0.0, 0.0, 0.0, 0.0, 0.0, 0.0, 0.0, 0.0, 0.0, 0.0, 0.0, 0.0, 0.0, 0.0, 0.0, 0.0, 0.0, 0.0, 0.0, 1.0], "bins": [-0.0007352893007919192, -0.0007123112445697188, -0.0006893331883475184, -0.000666355132125318, -0.0006433770759031177, -0.0006203990196809173, -0.0005974209634587169, -0.0005744429072365165, -0.0005514648510143161, -0.0005284867947921157, -0.0005055087385699153, -0.0004825306823477149, -0.0004595526261255145, -0.0004365745699033141, -0.00041359648457728326, -0.00039061842835508287, -0.000367640343029052, -0.0003446622868068516, -0.00032168423058465123, -0.00029870617436245084, -0.00027572811814025044, -0.00025275006191805005, -0.0002297719765920192, -0.0002067939203698188, -0.00018381583504378796, -0.00016083777882158756, -0.00013785972259938717, -0.00011488165182527155, -9.190359560307115e-05, -6.892553938087076e-05, -4.594746860675514e-05, -2.2969412384554744e-05, 8.556526154279709e-09, 2.298661638633348e-05, 4.596467624651268e-05, 6.894273974467069e-05, 9.192079596687108e-05, 0.00011489885218907148, 0.0001378769229631871, 0.0001608549791853875, 0.00018383300630375743, 0.00020681106252595782, 0.00022978911874815822, 0.0002527671749703586, 0.000275745231192559, 0.0002987232874147594, 0.00032170137274079025, 0.00034467942896299064, 0.0003676575142890215, 0.0003906355705112219, 0.0004136136267334223, 0.0004365916829556227, 0.00045956973917782307, 0.00048254779540002346, 0.0005055258516222239, 0.0005285039078444242, 0.0005514819640666246, 0.000574460020288825, 0.0005974380765110254, 0.0006204161327332258, 0.0006433941889554262, 0.0006663722451776266, 0.000689350301399827, 0.0007123283576220274, 0.0007353064720518887]}, "gradients/linear_layers.1.weight": {"_type": "histogram", "values": [1.0, 2.0, 0.0, 1.0, 3.0, 3.0, 4.0, 3.0, 5.0, 9.0, 7.0, 6.0, 7.0, 7.0, 3.0, 1.0, 4.0, 3.0, 0.0, 3.0, 1.0, 0.0, 4.0, 3.0, 4.0, 9.0, 3.0, 4.0, 4.0, 4.0, 2.0, 500.0, 0.0, 2.0, 4.0, 4.0, 4.0, 3.0, 9.0, 4.0, 3.0, 4.0, 0.0, 1.0, 3.0, 0.0, 3.0, 4.0, 1.0, 3.0, 7.0, 7.0, 6.0, 7.0, 9.0, 5.0, 3.0, 4.0, 3.0, 3.0, 1.0, 0.0, 2.0, 1.0], "bins": [-0.0013903031358495355, -0.001346855890005827, -0.0013034086441621184, -0.00125996139831841, -0.0012165141524747014, -0.0011730669066309929, -0.0011296195443719625, -0.0010861724149435759, -0.0010427250526845455, -0.000999277806840837, -0.0009558305609971285, -0.00091238331515342, -0.0008689360693097115, -0.0008254888234660029, -0.0007820415194146335, -0.000738594273570925, -0.0006951470859348774, -0.0006516998400911689, -0.0006082525942474604, -0.0005648053484037519, -0.0005213581025600433, -0.00047791082761250436, -0.0004344635526649654, -0.0003910163068212569, -0.00034756900276988745, -0.00030412175692617893, -0.0002606745110824704, -0.00021722723613493145, -0.00017377999029122293, -0.00013033274444751441, -8.688546949997544e-05, -4.343822365626693e-05, 9.080395102500916e-09, 4.345633351476863e-05, 8.690358663443476e-05, 0.0001303508470300585, 0.00017379809287376702, 0.00021724533871747553, 0.0002606926136650145, 0.000304139859508723, 0.0003475870471447706, 0.00039103429298847914, 0.00043448153883218765, 0.0004779288137797266, 0.0005213760305196047, 0.0005648232763633132, 0.0006082705804146826, 0.0006517178262583911, 0.0006951651303097606, 0.0007386123761534691, 0.0007820596219971776, 0.0008255068678408861, 0.0008689541136845946, 0.0009124013595283031, 0.0009558486635796726, 0.0009992958512157202, 0.0010427432134747505, 0.001086190459318459, 0.0011296377051621675, 0.001173084951005876, 0.0012165321968495846, 0.001259979442693293, 0.0013034266885370016, 0.001346874050796032, 0.0013903211802244186]}, "gradients/linear_layers.0.bias": {"_type": "histogram", "values": [1.0, 0.0, 0.0, 0.0, 0.0, 0.0, 0.0, 0.0, 0.0, 0.0, 3.0, 3.0, 4.0, 7.0, 6.0, 5.0, 1.0, 5.0, 4.0, 3.0, 5.0, 6.0, 6.0, 2.0, 6.0, 1.0, 1.0, 1.0, 1.0, 0.0, 0.0, 0.0, 0.0, 0.0, 0.0, 250.0, 0.0, 0.0, 0.0, 0.0, 0.0, 0.0, 0.0, 0.0, 0.0, 0.0, 0.0, 3.0, 2.0, 1.0, 6.0, 1.0, 4.0, 1.0, 1.0, 3.0, 1.0, 1.0, 1.0, 5.0, 1.0, 2.0, 2.0, 4.0], "bins": [-0.0003126956580672413, -0.0003038756549358368, -0.00029505568090826273, -0.0002862356777768582, -0.0002774156746454537, -0.00026859567151404917, -0.00025977566838264465, -0.0002509556943550706, -0.00024213569122366607, -0.00023331568809226155, -0.00022449569951277226, -0.00021567571093328297, -0.00020685570780187845, -0.00019803570467047393, -0.00018921571609098464, -0.00018039572751149535, -0.00017157572438009083, -0.00016275572124868631, -0.00015393573266919702, -0.00014511574408970773, -0.0001362957409583032, -0.0001274757378268987, -0.0001186557492474094, -0.0001098357533919625, -0.0001010157575365156, -9.219576168106869e-05, -8.337576582562178e-05, -7.455576997017488e-05, -6.573577411472797e-05, -5.691577825928107e-05, -4.8095782403834164e-05, -3.927578654838726e-05, -3.0455790692940354e-05, -2.163579483749345e-05, -1.2815798982046545e-05, -3.99580312659964e-06, 4.824192728847265e-06, 1.364418858429417e-05, 2.2464184439741075e-05, 3.128418029518798e-05, 4.0104176150634885e-05, 4.892417200608179e-05, 5.7744167861528695e-05, 6.65641637169756e-05, 7.53841595724225e-05, 8.420415542786941e-05, 9.302415128331631e-05, 0.00010184414713876322, 0.00011066414299421012, 0.00011948413884965703, 0.00012830413470510393, 0.00013712412328459322, 0.00014594412641599774, 0.00015476412954740226, 0.00016358411812689155, 0.00017240410670638084, 0.00018122410983778536, 0.00019004411296918988, 0.00019886410154867917, 0.00020768409012816846, 0.00021650409325957298, 0.0002253240963909775, 0.0002341440849704668, 0.00024296407354995608, 0.0002517840766813606]}, "gradients/linear_layers.0.weight": {"_type": "histogram", "values": [2.0, 0.0, 0.0, 1.0, 2.0, 0.0, 7.0, 7.0, 9.0, 14.0, 21.0, 25.0, 20.0, 41.0, 43.0, 41.0, 252.0, 71.0, 76.0, 173.0, 284.0, 1227.0, 2485.0, 3036.0, 1864.0, 2256.0, 3478.0, 2628.0, 2186.0, 1543.0, 1036.0, 958.0, 1038.0, 90823.0, 662.0, 777.0, 611.0, 582.0, 1121.0, 1197.0, 2158.0, 1251.0, 1086.0, 712.0, 1373.0, 1006.0, 925.0, 148.0, 101.0, 61.0, 19.0, 23.0, 25.0, 8.0, 23.0, 23.0, 9.0, 8.0, 16.0, 9.0, 4.0, 6.0, 2.0, 7.0],