{"graph_0": {"_type": "graph-file", "path": "media/graph/graph_0_summary_62297a75.graph.json", "sha256": "62297a75bb423fb7e8a0849099b55ce74830bd279bc611a0a0f84cf954f4d630", "size": 868}, "Train Loss": 0.6471261266205046, "Val Loss": 0.6471854423483213, "Train Acc": 65.5, "Val Acc": 66.58333333333333, "_runtime": 61, "_timestamp": 1617462682, "_step": 49, "gradients/fc_output.bias": {"_type": "histogram", "values": [1.0, 0.0, 0.0, 0.0, 0.0, 0.0, 0.0, 0.0, 0.0, 0.0, 0.0, 0.0, 0.0, 0.0, 0.0, 0.0, 0.0, 0.0, 0.0, 0.0, 0.0, 0.0, 0.0, 0.0, 0.0, 0.0, 0.0, 0.0, 0.0, 0.0, 0.0, 0.0, 0.0, 0.0, 0.0, 0.0, 0.0, 0.0, 0.0, 0.0, 0.0, 0.0, 0.0, 0.0, 0.0, 0.0, 0.0, 0.0, 0.0, 0.0, 0.0, 0.0, 0.0, 0.0, 0.0, 0.0, 0.0, 0.0, 0.0, 0.0, 0.0, 0.0, 0.0, 1.0], "bins": [-0.006154768168926239, -0.005962431896477938, -0.005770095624029636, -0.005577758885920048, -0.0053854226134717464, -0.005193086341023445, -0.0050007496029138565, -0.004808413330465555, -0.004616077058017254, -0.0044237407855689526, -0.004231404513120651, -0.004039067775011063, -0.0038467315025627613, -0.00365439523011446, -0.003462058724835515, -0.00326972221955657, -0.0030773859471082687, -0.0028850496746599674, -0.0026927131693810225, -0.0025003766641020775, -0.002308040391653776, -0.002115704119205475, -0.0019233676139265299, -0.0017310312250629067, -0.0015386948361992836, -0.0013463584473356605, -0.0011540220584720373, -0.0009616856696084142, -0.000769349280744791, -0.0005770128918811679, -0.00038467650301754475, -0.0001923401141539216, -3.725290298461914e-09, 0.00019233266357332468, 0.0003846690524369478, 0.000577005441300571, 0.0007693418301641941, 0.0009616782190278172, 0.0011540146078914404, 0.0013463509967550635, 0.0015386873856186867, 0.0017310237744823098, 0.001923360163345933, 0.002115696668624878, 0.0023080329410731792, 0.0025003692135214806, 0.0026927057188004255, 0.0028850422240793705, 0.003077378496527672, 0.003269714768975973, 0.003462051274254918, 0.003654387779533863, 0.0038467240519821644, 0.004039060324430466, 0.004231397062540054, 0.004423733334988356, 0.004616069607436657, 0.004808405879884958, 0.00500074215233326, 0.005193078890442848, 0.0053854151628911495, 0.005577751435339451, 0.0057700881734490395, 0.005962424445897341, 0.006154760718345642]}, "gradients/fc_output.weight": {"_type": "histogram", "values": [2.0, 1.0, 1.0, 0.0, 1.0, 1.0, 0.0, 1.0, 1.0, 2.0, 0.0, 2.0, 0.0, 0.0, 1.0, 0.0, 5.0, 0.0, 2.0, 1.0, 1.0, 3.0, 2.0, 2.0, 0.0, 1.0, 0.0, 2.0, 1.0, 4.0, 9.0, 8.0, 620.0, 9.0, 4.0, 1.0, 2.0, 0.0, 1.0, 0.0, 2.0, 2.0, 3.0, 1.0, 1.0, 2.0, 0.0, 5.0, 0.0, 1.0, 0.0, 0.0, 2.0, 0.0, 2.0, 1.0, 1.0, 0.0, 1.0, 1.0, 0.0, 1.0, 1.0, 2.0], "bins": [-0.005874870344996452, -0.005691280588507652, -0.0055076912976801395, -0.0053241015411913395, -0.005140512250363827, -0.004956922493875027, -0.004773332737386227, -0.004589743446558714, -0.004406154155731201, -0.004222564399242401, -0.004038975108414888, -0.0038553853519260883, -0.0036717960610985756, -0.0034882063046097755, -0.003304616780951619, -0.0031210272572934628, -0.0029374375008046627, -0.0027538479771465063, -0.00257025845348835, -0.00238666869699955, -0.002203079406172037, -0.002019489649683237, -0.0018359001260250807, -0.0016523106023669243, -0.0014687208458781242, -0.0012851313222199678, -0.0011015417985618114, -0.0009179521584883332, -0.0007343626348301768, -0.0005507731111720204, -0.0003671834710985422, -0.00018359394744038582, -4.6566128730773926e-09, 0.00018358489614911377, 0.0003671744489111006, 0.0005507640307769179, 0.0007343535544350743, 0.0009179430780932307, 0.001101532718166709, 0.0012851222418248653, 0.001468711532652378, 0.0016523010563105345, 0.0018358905799686909, 0.002019480336457491, 0.0022030696272850037, 0.0023866593837738037, 0.00257024890743196, 0.0027538384310901165, 0.0029374281875789165, 0.003121017711237073, 0.0033046072348952293, 0.0034881969913840294, 0.003671786282211542, 0.003855376038700342, 0.004038965329527855, 0.004222555086016655, 0.004406144842505455, 0.004589734598994255, 0.004773323889821768, 0.004956913646310568, 0.005140502937138081, 0.005324092693626881, 0.005507682450115681, 0.0056912717409431934, 0.005874861031770706]}, "gradients/fc_hidden.0.bias": {"_type": "histogram", "values": [1.0, 0.0, 0.0, 1.0, 0.0, 1.0, 0.0, 0.0, 1.0, 0.0, 0.0, 0.0, 0.0, 1.0, 0.0, 1.0, 0.0, 0.0, 0.0, 2.0, 1.0, 0.0, 1.0, 0.0, 1.0, 1.0, 0.0, 0.0, 1.0, 1.0, 2.0, 0.0, 2.0, 0.0, 0.0, 0.0, 1.0, 0.0, 1.0, 0.0, 1.0, 0.0, 2.0, 1.0, 1.0, 1.0, 1.0, 0.0, 0.0, 4.0, 2.0, 0.0, 4.0, 1.0, 0.0, 0.0, 0.0, 0.0, 0.0, 2.0, 5.0, 4.0, 309.0, 2.0], "bins": [-0.0005400986410677433, -0.0005314375157468021, -0.0005227763904258609, -0.0005141152651049197, -0.0005054541397839785, -0.0004967930144630373, -0.00048813188914209604, -0.00047947076382115483, -0.0004708096385002136, -0.0004621485131792724, -0.0004534873878583312, -0.00044482626253739, -0.0004361651372164488, -0.0004275040118955076, -0.00041884288657456636, -0.00041018176125362515, -0.00040152063593268394, -0.00039285951061174273, -0.0003841983852908015, -0.0003755372599698603, -0.0003668761346489191, -0.0003582150093279779, -0.0003495538840070367, -0.0003408927586860955, -0.0003322316042613238, -0.0003235704789403826, -0.0003149093536194414, -0.0003062482282985002, -0.00029758710297755897, -0.00028892597765661776, -0.00028026485233567655, -0.00027160372701473534, -0.00026294260169379413, -0.0002542814763728529, -0.0002456203510519117, -0.0002369592257309705, -0.0002282981004100293, -0.00021963697508908808, -0.00021097584976814687, -0.00020231472444720566, -0.00019365359912626445, -0.00018499247380532324, -0.00017633134848438203, -0.00016767022316344082, -0.00015900909784249961, -0.0001503479725215584, -0.0001416868472006172, -0.00013302572187967598, -0.00012436459655873477, -0.00011570347123779356, -0.00010704234591685236, -9.838122059591115e-05, -8.972009527496994e-05, -8.105896995402873e-05, -7.23978373571299e-05, -6.373671203618869e-05, -5.507557943928987e-05, -4.641445411834866e-05, -3.775332879740745e-05, -2.909219983848743e-05, -2.043107451754622e-05, -1.1769949196605012e-05, -3.108820237684995e-06, 5.552305083256215e-06, 1.4213430404197425e-05]}, "gradients/fc_hidden.0.weight": {"_type": "histogram", "values": [1.0, 0.0, 1.0, 0.0, 2.0, 0.0, 0.0, 3.0, 0.0, 2.0, 0.0, 3.0, 1.0, 0.0, 3.0, 1.0, 1.0, 4.0, 3.0, 1.0, 4.0, 3.0, 4.0, 4.0, 0.0, 3.0, 6.0, 4.0, 3.0, 6.0, 5.0, 4.0, 4.0, 6.0, 2.0, 4.0, 5.0, 2.0, 6.0, 5.0, 4.0, 4.0, 5.0, 6.0, 8.0, 8.0, 13.0, 13.0, 19.0, 16.0, 9.0, 9.0, 13.0, 25.0, 35.0, 48.0, 129216.0, 12.0, 9.0, 4.0, 6.0, 6.0, 3.0, 3.0],