{"graph_0": {"_type": "graph-file", "path": "media/graph/graph_0_summary_1552d833.graph.json", "sha256": "1552d833fc8ba3b8bbc6ca16a2bb25cd648b8dde1458ef0cdbedb6da11593c03", "size": 868}, "Train Loss": 0.07831827676596327, "Val Loss": 0.059540782744685807, "Train Acc": 97.13888888888889, "Val Acc": 98.0, "_runtime": 55, "_timestamp": 1617185224, "_step": 49, "gradients/fc_output.bias": {"_type": "histogram", "values": [1.0, 0.0, 0.0, 0.0, 0.0, 0.0, 0.0, 0.0, 0.0, 0.0, 0.0, 0.0, 0.0, 0.0, 0.0, 0.0, 0.0, 0.0, 0.0, 0.0, 0.0, 0.0, 0.0, 0.0, 0.0, 0.0, 0.0, 0.0, 0.0, 0.0, 0.0, 0.0, 0.0, 0.0, 0.0, 0.0, 0.0, 0.0, 0.0, 0.0, 0.0, 0.0, 0.0, 0.0, 0.0, 0.0, 0.0, 0.0, 0.0, 0.0, 0.0, 0.0, 0.0, 0.0, 0.0, 0.0, 0.0, 0.0, 0.0, 0.0, 0.0, 0.0, 0.0, 1.0], "bins": [-0.0030070310458540916, -0.002913061063736677, -0.0028190910816192627, -0.0027251210995018482, -0.0026311511173844337, -0.0025371811352670193, -0.002443211153149605, -0.0023492411710321903, -0.002255271188914776, -0.0021613012067973614, -0.002067331224679947, -0.0019733612425625324, -0.001879391260445118, -0.0017854212783277035, -0.0016914511797949672, -0.0015974811976775527, -0.0015035110991448164, -0.001409541117027402, -0.0013155711349099874, -0.001221601152792573, -0.0011276311706751585, -0.001033661188557744, -0.0009396910900250077, -0.0008457211079075933, -0.000751751009374857, -0.0006577810272574425, -0.000563811045140028, -0.0004698410048149526, -0.00037587102269753814, -0.00028190104058012366, -0.00018793100025504827, -9.39610181376338e-05, 8.847564458847046e-09, 9.397884423378855e-05, 0.00018794884090311825, 0.0002819188521243632, 0.00037588883424177766, 0.00046985881635919213, 0.0005638288566842675, 0.000657798838801682, 0.0007517687045037746, 0.0008457386866211891, 0.0009397086687386036, 0.001033678650856018, 0.0011276486329734325, 0.001221618615090847, 0.0013155887136235833, 0.0014095586957409978, 0.001503528794273734, 0.0015974987763911486, 0.001691468758508563, 0.0017854387406259775, 0.001879408722743392, 0.0019733787048608065, 0.0020673489198088646, 0.002161318901926279, 0.0022552888840436935, 0.002349258866161108, 0.0024432288482785225, 0.002537198830395937, 0.0026311688125133514, 0.002725138794630766, 0.0028191087767481804, 0.002913078758865595, 0.0030070487409830093]}, "gradients/fc_output.weight": {"_type": "histogram", "values": [1.0, 0.0, 1.0, 1.0, 1.0, 2.0, 1.0, 3.0, 5.0, 7.0, 6.0, 9.0, 5.0, 7.0, 5.0, 6.0, 2.0, 7.0, 10.0, 3.0, 9.0, 8.0, 8.0, 15.0, 7.0, 16.0, 10.0, 12.0, 4.0, 0.0, 1.0, 370.0, 6.0, 1.0, 0.0, 4.0, 12.0, 10.0, 16.0, 7.0, 15.0, 8.0, 8.0, 9.0, 3.0, 10.0, 7.0, 2.0, 6.0, 5.0, 7.0, 5.0, 9.0, 6.0, 7.0, 5.0, 3.0, 1.0, 2.0, 1.0, 1.0, 1.0, 0.0, 1.0], "bins": [-0.0033722573425620794, -0.003266874235123396, -0.0031614911276847124, -0.003056108020246029, -0.0029507246799767017, -0.0028453415725380182, -0.0027399584650993347, -0.002634575357660651, -0.0025291922502219677, -0.002423809142783284, -0.0023184260353446007, -0.0022130426950752735, -0.00210765958763659, -0.0020022764801979065, -0.001896893372759223, -0.0017915102653205395, -0.0016861269250512123, -0.0015807438176125288, -0.0014753605937585235, -0.00136997748631984, -0.0012645942624658346, -0.001159211155027151, -0.0010538280475884676, -0.0009484448819421232, -0.0008430618327111006, -0.0007376786670647562, -0.0006322955014184117, -0.0005269123939797282, -0.0004215292283333838, -0.0003161460626870394, -0.00021076295524835587, -0.00010537978960201144, 3.259629011154175e-09, 0.00010538641072344035, 0.00021076956181786954, 0.0003161526983603835, 0.00042153586400672793, 0.0005269190296530724, 0.0006323021370917559, 0.0007376853027381003, 0.0008430685847997665, 0.000948451750446111, 0.0010538349160924554, 0.001159218023531139, 0.0012646012473851442, 0.0013699843548238277, 0.0014753674622625113, 0.0015807505697011948, 0.0016861336771398783, 0.0017915167845785618, 0.0018969000084325671, 0.002002282999455929, 0.002107666339725256, 0.0022130494471639395, 0.002318432554602623, 0.0024238156620413065, 0.00252919876947999, 0.0026345818769186735, 0.002739964984357357, 0.002845348324626684, 0.0029507314320653677, 0.003056114539504051, 0.0031614976469427347, 0.0032668807543814182, 0.0033722640946507454]}, "gradients/fc_hidden.0.bias": {"_type": "histogram", "values": [1.0, 0.0, 2.0, 3.0, 4.0, 3.0, 1.0, 8.0, 7.0, 5.0, 9.0, 8.0, 3.0, 6.0, 5.0, 3.0, 4.0, 4.0, 4.0, 0.0, 1.0, 0.0, 0.0, 1.0, 0.0, 0.0, 2.0, 1.0, 0.0, 1.0, 1.0, 187.0, 0.0, 0.0, 0.0, 0.0, 0.0, 0.0, 2.0, 4.0, 0.0, 1.0, 2.0, 3.0, 5.0, 1.0, 7.0, 8.0, 7.0, 8.0, 11.0, 5.0, 5.0, 3.0, 6.0, 1.0, 2.0, 2.0, 0.0, 0.0, 0.0, 1.0, 0.0, 2.0], "bins": [-0.0007035915041342378, -0.0006814609514549375, -0.0006593303987756371, -0.0006371997878886759, -0.0006150692352093756, -0.0005929386825300753, -0.0005708080716431141, -0.0005486775189638138, -0.0005265469662845135, -0.0005044164136052132, -0.0004822858318220824, -0.00046015525003895164, -0.00043802469735965133, -0.000415894144680351, -0.00039376356289722025, -0.0003716329811140895, -0.0003495024284347892, -0.00032737187575548887, -0.0003052412939723581, -0.00028311071218922734, -0.00026098015950992703, -0.0002388495922787115, -0.00021671902504749596, -0.00019458845781628042, -0.0001724578905850649, -0.00015032732335384935, -0.00012819675612263381, -0.00010606618889141828, -8.393562166020274e-05, -6.18050544289872e-05, -3.967448719777167e-05, -1.7543919966556132e-05, 4.586647264659405e-06, 2.671721449587494e-05, 4.884778172709048e-05, 7.097834895830601e-05, 9.310891618952155e-05, 0.00011523948342073709, 0.00013737005065195262, 0.00015950061788316816, 0.0001816311851143837, 0.00020376175234559923, 0.00022589231957681477, 0.00024802290135994554, 0.00027015345403924584, 0.00029228400671854615, 0.0003144145885016769, 0.0003365451702848077, 0.000358675722964108, 0.0003808062756434083, 0.00040293685742653906, 0.00042506743920966983, 0.00044719799188897014, 0.00046932854456827044, 0.0004914591554552317, 0.000513589708134532, 0.0005357202608138323, 0.0005578508134931326, 0.0005799813661724329, 0.0006021119770593941, 0.0006242425297386944, 0.0006463730824179947, 0.000668503693304956, 0.0006906342459842563, 0.0007127647986635566]}, "gradients/fc_hidden.0.weight": {"_type": "histogram", "values": [1.0, 1.0, 2.0, 4.0, 4.0, 8.0, 4.0, 10.0, 11.0, 15.0, 15.0, 21.0, 18.0, 18.0, 18.0, 27.0, 31.0, 39.0, 46.0, 58.0, 56.0, 81.0, 72.0, 74.0, 73.0, 109.0, 163.0, 223.0, 325.0, 629.0, 1512.0, 122708.0, 1231.0, 520.0, 331.0, 242.0, 140.0, 94.0, 108.0, 100.0, 76.0, 58.0, 53.0, 42.0, 44.0, 28.0, 31.0, 21.0, 24.0, 15.0, 18.0, 9.0, 14.0, 5.0, 9.0, 1.0, 2.0, 2.0, 1.0, 0.0, 1.0, 2.0, 0.0, 2.0],