{"graph_0": {"_type": "graph-file", "path": "media/graph/graph_0_summary_f4b4cc3f.graph.json", "sha256": "f4b4cc3fb9bc0a331df818fe381d422b5d5cb8702b5702b23c09a1ad19965e8d", "size": 1103}, "Train Loss": 0.6390527045975128, "Val Loss": 0.6371479977525598, "Train Acc": 66.29166666666667, "Val Acc": 66.58097686375321, "_runtime": 74, "_timestamp": 1617031625, "_step": 49, "gradients/fc_output.bias": {"_type": "histogram", "values": [1.0, 0.0, 0.0, 0.0, 0.0, 0.0, 0.0, 0.0, 0.0, 0.0, 0.0, 0.0, 0.0, 0.0, 0.0, 0.0, 0.0, 0.0, 0.0, 0.0, 0.0, 0.0, 0.0, 0.0, 0.0, 0.0, 0.0, 0.0, 0.0, 0.0, 0.0, 0.0, 0.0, 0.0, 0.0, 0.0, 0.0, 0.0, 0.0, 0.0, 0.0, 0.0, 0.0, 0.0, 0.0, 0.0, 0.0, 0.0, 0.0, 0.0, 0.0, 0.0, 0.0, 0.0, 0.0, 0.0, 0.0, 0.0, 0.0, 0.0, 0.0, 0.0, 0.0, 1.0], "bins": [-0.17635317146778107, -0.17084214091300964, -0.16533109545707703, -0.1598200649023056, -0.15430903434753418, -0.14879798889160156, -0.14328695833683014, -0.13777592778205872, -0.1322648823261261, -0.12675385177135468, -0.12124281376600266, -0.11573177576065063, -0.11022073775529861, -0.1047096997499466, -0.09919866919517517, -0.09368763118982315, -0.08817660063505173, -0.08266556262969971, -0.07715453207492828, -0.07164349406957626, -0.06613245606422424, -0.06062142178416252, -0.0551103875041008, -0.04959934949874878, -0.044088318943977356, -0.038577284663915634, -0.033066246658563614, -0.027555212378501892, -0.02204417623579502, -0.01653314009308815, -0.011022105813026428, -0.005511067807674408, -2.9802322387695312e-08, 0.005511005874723196, 0.01102204155176878, 0.016533076763153076, 0.022044112905859947, 0.027555149048566818, 0.03306618332862854, 0.03857722133398056, 0.04408825933933258, 0.0495992936193943, 0.05511033162474632, 0.060621365904808044, 0.06613240391016006, 0.07164344191551208, 0.07715447247028351, 0.08266551047563553, 0.08817654103040695, 0.09368757903575897, 0.0991986095905304, 0.10470964759588242, 0.11022068560123444, 0.11573171615600586, 0.12124275416135788, 0.1267537921667099, 0.13226482272148132, 0.13777585327625275, 0.14328689873218536, 0.1487979292869568, 0.1543089598417282, 0.15982000529766083, 0.16533103585243225, 0.17084208130836487, 0.1763531118631363]}, "gradients/fc_output.weight": {"_type": "histogram", "values": [2.0, 0.0, 0.0, 0.0, 0.0, 0.0, 0.0, 0.0, 1.0, 0.0, 0.0, 0.0, 0.0, 0.0, 3.0, 0.0, 0.0, 0.0, 0.0, 0.0, 0.0, 0.0, 0.0, 0.0, 0.0, 0.0, 0.0, 2.0, 1.0, 1.0, 1.0, 3.0, 695.0, 1.0, 1.0, 1.0, 2.0, 0.0, 0.0, 0.0, 0.0, 0.0, 0.0, 0.0, 0.0, 0.0, 0.0, 0.0, 0.0, 3.0, 0.0, 0.0, 0.0, 0.0, 0.0, 1.0, 0.0, 0.0, 0.0, 0.0, 0.0, 0.0, 0.0, 2.0], "bins": [-0.023488175123929977, -0.02275417000055313, -0.022020164877176285, -0.02128615975379944, -0.020552154630422592, -0.019818149507045746, -0.0190841443836689, -0.018350139260292053, -0.017616134136915207, -0.01688212901353836, -0.016148123890161514, -0.015414118766784668, -0.014680113643407822, -0.013946108520030975, -0.013212102465331554, -0.012478097341954708, -0.011744091287255287, -0.01101008616387844, -0.010276081040501595, -0.009542075917124748, -0.008808070793747902, -0.008074065670371056, -0.007340059615671635, -0.006606054492294788, -0.005872048437595367, -0.005138043314218521, -0.004404038190841675, -0.003670032601803541, -0.002936027478426695, -0.0022020223550498486, -0.001468016766011715, -0.0007340116426348686, -7.450580596923828e-09, 0.0007339977892115712, 0.0014680030290037394, 0.0022020083852112293, 0.0029360135085880756, 0.003670018631964922, 0.004404024221003056, 0.005138029344379902, 0.005872033536434174, 0.00660603865981102, 0.007340043783187866, 0.008074048906564713, 0.008808054029941559, 0.009542059153318405, 0.010276065208017826, 0.011010070331394672, 0.011744076386094093, 0.01247808150947094, 0.013212086632847786, 0.013946091756224632, 0.014680096879601479, 0.015414102002978325, 0.01614810898900032, 0.016882114112377167, 0.017616119235754013, 0.01835012435913086, 0.019084129482507706, 0.019818134605884552, 0.0205521397292614, 0.021286144852638245, 0.02202014997601509, 0.022754155099391937, 0.023488160222768784]}, "gradients/fc_hidden.1.bias": {"_type": "histogram", "values": [2.0, 0.0, 0.0, 0.0, 0.0, 0.0, 0.0, 0.0, 0.0, 0.0, 0.0, 0.0, 0.0, 0.0, 0.0, 0.0, 0.0, 0.0, 0.0, 0.0, 0.0, 0.0, 0.0, 1.0, 0.0, 0.0, 0.0, 0.0, 0.0, 0.0, 1.0, 0.0, 2.0, 0.0, 0.0, 0.0, 0.0, 0.0, 0.0, 0.0, 0.0, 0.0, 0.0, 0.0, 0.0, 0.0, 0.0, 0.0, 0.0, 0.0, 0.0, 0.0, 0.0, 0.0, 0.0, 0.0, 0.0, 1.0, 1.0, 2.0, 1.0, 1.0, 0.0, 348.0], "bins": [-0.0296019334346056, -0.029139403253793716, -0.028676873072981834, -0.028214342892169952, -0.02775181271135807, -0.02728928253054619, -0.026826752349734306, -0.026364222168922424, -0.025901691988110542, -0.02543916180729866, -0.024976631626486778, -0.024514101445674896, -0.024051571264863014, -0.023589041084051132, -0.02312651090323925, -0.022663980722427368, -0.022201450541615486, -0.021738920360803604, -0.021276390179991722, -0.02081385999917984, -0.020351329818367958, -0.019888799637556076, -0.019426269456744194, -0.018963739275932312, -0.01850120723247528, -0.0180386770516634, -0.017576146870851517, -0.017113616690039635, -0.016651086509227753, -0.01618855632841587, -0.01572602614760399, -0.015263495966792107, -0.0148009667173028, -0.014338436536490917, -0.013875906355679035, -0.013413376174867153, -0.012950845994055271, -0.012488315813243389, -0.012025785632431507, -0.011563255451619625, -0.011100725270807743, -0.010638195089995861, -0.010175664909183979, -0.009713134728372097, -0.009250604547560215, -0.008788074366748333, -0.008325544185936451, -0.007863014005124569, -0.0074004833586514, -0.006937953177839518, -0.006475422997027636, -0.0060128928162157536, -0.0055503626354038715, -0.005087831988930702, -0.00462530180811882, -0.004162771627306938, -0.0037002416793257, -0.003237711498513818, -0.0027751813177019358, -0.00231265090405941, -0.00185012083966285, -0.001387590542435646, -0.000925060361623764, -0.000462530180811882, 0.0]}, "gradients/fc_hidden.1.weight": {"_type": "histogram", "values": [0.0, 0.0, 0.0, 0.0, 0.0, 0.0, 0.0, 0.0, 0.0, 0.0, 0.0, 0.0, 0.0, 0.0, 0.0, 0.0, 0.0, 0.0, 0.0, 0.0, 0.0, 0.0, 0.0, 0.0, 0.0, 0.0, 0.0, 0.0, 0.0, 0.0, 0.0, 0.0, 129600.0, 0.0, 0.0, 0.0, 0.0, 0.0, 0.0, 0.0, 0.0, 0.0, 0.0, 0.0, 0.0, 0.0, 0.0, 0.0, 0.0, 0.0, 0.0, 0.0, 0.0, 0.0, 0.0, 0.0, 0.0, 0.0, 0.0, 0.0, 0.0, 0.0, 0.0, 0.0], "bins": [0.0, 0.0, 0.0, 0.0, 0.0, 0.0, 0.0, 0.0, 0.0, 0.0, 0.0, 0.0, 0.0, 0.0, 0.0, 0.0, 0.0, 0.0, 0.0, 0.0, 0.0, 0.0, 0.0, 0.0, 0.0, 0.0, 0.0, 0.0, 0.0, 0.0, 0.0, 0.0, 0.0, 0.0, 0.0, 0.0, 0.0, 0.0, 0.0, 0.0, 0.0, 0.0, 0.0, 0.0, 0.0, 0.0, 0.0, 0.0, 0.0, 0.0, 0.0, 0.0, 0.0, 0.0, 0.0, 0.0, 0.0, 0.0, 0.0, 0.0, 0.0, 0.0, 0.0, 0.0, 0.0]}, "gradients/fc_hidden.0.bias": {"_type": "histogram", "values": [0.0, 0.0, 0.0, 0.0, 0.0, 0.0, 0.0, 0.0, 0.0, 0.0, 0.0, 0.0, 0.0, 0.0, 0.0, 0.0, 0.0, 0.0, 0.0, 0.0, 0.0, 0.0, 0.0, 0.0, 0.0, 0.0, 0.0, 0.0, 0.0, 0.0, 0.0, 0.0, 360.0, 0.0, 0.0, 0.0, 0.0, 0.0, 0.0, 0.0, 0.0, 0.0, 0.0, 0.0, 0.0, 0.0, 0.0, 0.0, 0.0, 0.0, 0.0, 0.0, 0.0, 0.0, 0.0, 0.0, 0.0, 0.0, 0.0, 0.0, 0.0, 0.0, 0.0, 0.0], "bins": [0.0, 0.0, 0.0, 0.0, 0.0, 0.0, 0.0, 0.0, 0.0, 0.0, 0.0, 0.0, 0.0, 0.0, 0.0, 0.0, 0.0, 0.0, 0.0, 0.0, 0.0, 0.0, 0.0, 0.0, 0.0, 0.0, 0.0, 0.0, 0.0, 0.0, 0.0, 0.0, 0.0, 0.0, 0.0, 0.0, 0.0, 0.0, 0.0, 0.0, 0.0, 0.0, 0.0, 0.0, 0.0, 0.0, 0.0, 0.0, 0.0, 0.0, 0.0, 0.0, 0.0, 0.0, 0.0, 0.0, 0.0, 0.0, 0.0, 0.0, 0.0, 0.0, 0.0, 0.0, 0.0]}, "gradients/fc_hidden.0.weight": {"_type": "histogram", "values": [0.0, 0.0, 0.0, 0.0, 0.0, 0.0, 0.0, 0.0, 0.0, 0.0, 0.0, 0.0, 0.0, 0.0, 0.0, 0.0, 0.0, 0.0, 0.0, 0.0, 0.0, 0.0, 0.0, 0.0, 0.0, 0.0, 0.0, 0.0, 0.0, 0.0, 0.0, 0.0, 129600.0, 0.0, 0.0, 0.0, 0.0, 0.0, 0.0, 0.0, 0.0, 0.0, 0.0, 0.0, 0.0, 0.0, 0.0, 0.0, 0.0, 0.0, 0.0, 0.0, 0.0, 0.0, 0.0, 0.0, 0.0, 0.0, 0.0, 0.0, 0.0, 0.0, 0.0, 0.0],