{"graph_0": {"_type": "graph-file", "path": "media/graph/graph_0_summary_2054fe65.graph.json", "sha256": "2054fe65c88d311b742b2cbf89c832e7c2e2ae3b0130b551053678c55d26f250", "size": 508}, "Train Loss": 0.034891236366497144, "Val Loss": 0.05004145664861426, "Train Acc": 99.0, "Val Acc": 98.5, "_runtime": 40, "_timestamp": 1618064298, "_step": 49, "gradients/linear_layers.1.bias": {"_type": "histogram", "values": [1.0, 0.0, 0.0, 0.0, 0.0, 0.0, 0.0, 0.0, 0.0, 0.0, 0.0, 0.0, 0.0, 0.0, 0.0, 0.0, 0.0, 0.0, 0.0, 0.0, 0.0, 0.0, 0.0, 0.0, 0.0, 0.0, 0.0, 0.0, 0.0, 0.0, 0.0, 0.0, 0.0, 0.0, 0.0, 0.0, 0.0, 0.0, 0.0, 0.0, 0.0, 0.0, 0.0, 0.0, 0.0, 0.0, 0.0, 0.0, 0.0, 0.0, 0.0, 0.0, 0.0, 0.0, 0.0, 0.0, 0.0, 0.0, 0.0, 0.0, 0.0, 0.0, 0.0, 1.0], "bins": [-0.011592931114137173, -0.011230651289224625, -0.010868372395634651, -0.010506092570722103, -0.01014381367713213, -0.009781533852219582, -0.009419254958629608, -0.00905697513371706, -0.008694696240127087, -0.008332416415214539, -0.007970137521624565, -0.007607858162373304, -0.007245578803122044, -0.006883299443870783, -0.006521020084619522, -0.006158740259706974, -0.005796460900455713, -0.0054341815412044525, -0.005071902181953192, -0.004709622822701931, -0.00434734346345067, -0.0039850641041994095, -0.003622784512117505, -0.0032605051528662443, -0.00289822556078434, -0.002535946201533079, -0.0021736668422818184, -0.0018113873666152358, -0.001449108007363975, -0.0010868286481127143, -0.0007245491724461317, -0.00036226981319487095, 9.313225746154785e-09, 0.00036228870158083737, 0.0007245680899359286, 0.0010868475073948503, 0.001449126866646111, 0.0018114062258973718, 0.0021736857015639544, 0.002535965060815215, 0.002898244187235832, 0.003260523546487093, 0.0036228029057383537, 0.0039850822649896145, 0.004347361624240875, 0.004709640983492136, 0.005071920342743397, 0.005434200167655945, 0.005796479526907206, 0.006158758886158466, 0.006521038245409727, 0.006883317604660988, 0.007245596963912249, 0.007607876323163509, 0.007970156148076057, 0.008332435041666031, 0.008694714866578579, 0.009056994691491127, 0.0094192735850811, 0.009781553409993649, 0.010143832303583622, 0.01050611212849617, 0.010868391022086143, 0.011230670846998692, 0.011592949740588665]}, "gradients/linear_layers.1.weight": {"_type": "histogram", "values": [1.0, 0.0, 0.0, 0.0, 0.0, 1.0, 1.0, 0.0, 0.0, 2.0, 0.0, 1.0, 1.0, 0.0, 0.0, 0.0, 0.0, 1.0, 1.0, 3.0, 5.0, 5.0, 0.0, 1.0, 10.0, 4.0, 13.0, 41.0, 64.0, 74.0, 66.0, 65.0, 65.0, 66.0, 74.0, 64.0, 41.0, 13.0, 4.0, 10.0, 1.0, 0.0, 5.0, 5.0, 3.0, 1.0, 1.0, 0.0, 0.0, 0.0, 0.0, 1.0, 1.0, 0.0, 2.0, 0.0, 0.0, 1.0, 1.0, 0.0, 0.0, 0.0, 0.0, 1.0], "bins": [-0.009267362765967846, -0.008977757766842842, -0.008688152767717838, -0.008398547768592834, -0.008108943700790405, -0.007819338701665401, -0.007529733702540398, -0.007240128703415394, -0.00695052370429039, -0.006660918705165386, -0.006371313706040382, -0.006081709172576666, -0.005792104173451662, -0.005502499174326658, -0.005212894640862942, -0.004923289641737938, -0.004633684642612934, -0.00434407964348793, -0.0040544746443629265, -0.00376487011089921, -0.003475265111774206, -0.0031856601126492023, -0.002896055346354842, -0.002606450580060482, -0.002316845580935478, -0.0020272405818104744, -0.0017376358155161142, -0.0014480309328064322, -0.0011584260500967503, -0.0008688211673870683, -0.0005792162846773863, -0.0002896115183830261, -7.450580596923828e-09, 0.00028959743212908506, 0.000579202314838767, 0.000868807197548449, 0.001158412080258131, 0.001448016962967813, 0.001737621845677495, 0.002027226611971855, 0.002316831611096859, 0.002606436610221863, 0.002896041376516223, 0.003185646142810583, 0.003475251141935587, 0.0037648561410605907, 0.004054460674524307, 0.004344065673649311, 0.004633670672774315, 0.004923275671899319, 0.0052128806710243225, 0.005502485204488039, 0.005792090203613043, 0.006081695202738047, 0.006371299736201763, 0.006660904735326767, 0.006950509734451771, 0.007240114733576775, 0.007529719732701778, 0.007819324731826782, 0.008108928799629211, 0.008398533798754215, 0.008688138797879219, 0.008977743797004223, 0.009267348796129227]}, "gradients/linear_layers.0.bias": {"_type": "histogram", "values": [2.0, 0.0, 2.0, 0.0, 1.0, 5.0, 4.0, 3.0, 2.0, 2.0, 2.0, 1.0, 3.0, 4.0, 1.0, 3.0, 2.0, 8.0, 2.0, 7.0, 6.0, 9.0, 11.0, 12.0, 9.0, 12.0, 17.0, 20.0, 13.0, 6.0, 3.0, 10.0, 9.0, 4.0, 10.0, 14.0, 6.0, 12.0, 12.0, 12.0, 9.0, 11.0, 7.0, 4.0, 11.0, 7.0, 4.0, 9.0, 3.0, 8.0, 3.0, 3.0, 2.0, 2.0, 4.0, 6.0, 1.0, 0.0, 2.0, 0.0, 1.0, 0.0, 1.0, 1.0], "bins": [-0.005782602354884148, -0.005604680627584457, -0.00542675843462348, -0.00524883670732379, -0.005070914514362812, -0.004892992787063122, -0.0047150710597634315, -0.004537148866802454, -0.004359227139502764, -0.0041813054122030735, -0.004003383219242096, -0.0038254614919424057, -0.003647539531812072, -0.003469617571681738, -0.003291695611551404, -0.00311377365142107, -0.002935851691290736, -0.0027579297311604023, -0.0025800077710300684, -0.0024020858108997345, -0.0022241640836000443, -0.0020462421234697104, -0.0018683201633393764, -0.0016903983196243644, -0.0015124762430787086, -0.0013345542829483747, -0.0011566324392333627, -0.0009787104791030288, -0.0008007885771803558, -0.0006228666752576828, -0.0004449447151273489, -0.0002670228714123368, -8.910102769732475e-05, 8.882088877726346e-05, 0.0002667428052518517, 0.0004446647362783551, 0.0006225866382010281, 0.0008005085401237011, 0.000978430500254035, 0.001156352343969047, 0.0013342741876840591, 0.001512196147814393, 0.0016901179915294051, 0.001868039951659739, 0.002045961795374751, 0.002223883755505085, 0.002401805715635419, 0.002579727675765753, 0.0027576496358960867, 0.0029355715960264206, 0.0031134935561567545, 0.0032914155162870884, 0.0034693372435867786, 0.0036472592037171125, 0.0038251811638474464, 0.004003102891147137, 0.004181025084108114, 0.0043589468114078045, 0.004536869004368782, 0.004714790731668472, 0.00489271292462945, 0.00507063465192914, 0.005248556844890118, 0.005426478572189808, 0.005604400299489498]}, "gradients/linear_layers.0.weight": {"_type": "histogram", "values": [2.0, 12.0, 259.0, 244.0, 457.0, 82.0, 464.0, 1149.0, 868.0, 813.0, 943.0, 431.0, 374.0, 582.0, 1082.0, 869.0, 714.0, 779.0, 2319.0, 1017.0, 2365.0, 2112.0, 3568.0, 3718.0, 3657.0, 3864.0, 5327.0, 6895.0, 7221.0, 4793.0, 3959.0, 3541.0, 4561.0, 3035.0, 5142.0, 5664.0, 4814.0, 5020.0, 3653.0, 5424.0, 3563.0, 2695.0, 2120.0, 2736.0, 2586.0, 1852.0, 2314.0, 1281.0, 2021.0, 896.0, 795.0, 565.0, 696.0, 1328.0, 1007.0, 117.0, 457.0, 27.0, 240.0, 66.0, 205.0, 223.0, 15.0, 2.0],