{"graph_0": {"_type": "graph-file", "path": "media/graph/graph_0_summary_21340569.graph.json", "sha256": "213405692788da641822a6646a88eded5a9decc56d5e4bfd4cac8ff75d6e63f5", "size": 868}, "Train Loss": 0.2118201221908546, "Val Loss": 0.19846073848505816, "Train Acc": 91.16666666666667, "Val Acc": 93.125, "_runtime": 77, "_timestamp": 1617382367, "_step": 49, "gradients/fc_output.bias": {"_type": "histogram", "values": [1.0, 0.0, 0.0, 0.0, 0.0, 0.0, 0.0, 0.0, 0.0, 0.0, 0.0, 0.0, 0.0, 0.0, 0.0, 0.0, 0.0, 0.0, 0.0, 0.0, 0.0, 0.0, 0.0, 0.0, 0.0, 0.0, 0.0, 0.0, 0.0, 0.0, 0.0, 0.0, 0.0, 0.0, 0.0, 0.0, 0.0, 0.0, 0.0, 0.0, 0.0, 0.0, 0.0, 0.0, 0.0, 0.0, 0.0, 0.0, 0.0, 0.0, 0.0, 0.0, 0.0, 0.0, 0.0, 0.0, 0.0, 0.0, 0.0, 0.0, 0.0, 0.0, 0.0, 1.0], "bins": [-0.001333869993686676, -0.001292186789214611, -0.001250503584742546, -0.0012088203802704811, -0.0011671371757984161, -0.0011254539713263512, -0.0010837707668542862, -0.0010420875623822212, -0.0010004043579101562, -0.0009587211534380913, -0.0009170379489660263, -0.0008753547444939613, -0.0008336715400218964, -0.0007919883355498314, -0.0007503051310777664, -0.0007086219266057014, -0.0006669387221336365, -0.0006252555176615715, -0.0005835723131895065, -0.0005418891087174416, -0.0005002059042453766, -0.0004585226997733116, -0.00041683949530124664, -0.00037515629082918167, -0.0003334730863571167, -0.00029178988188505173, -0.00025010667741298676, -0.00020842347294092178, -0.0001667402684688568, -0.00012505706399679184, -8.337385952472687e-05, -4.1690655052661896e-05, -7.450580596923828e-09, 4.167575389146805e-05, 8.335895836353302e-05, 0.000125042162835598, 0.00016672536730766296, 0.00020840857177972794, 0.0002500917762517929, 0.0002917749807238579, 0.00033345818519592285, 0.0003751413896679878, 0.0004168245941400528, 0.00045850779861211777, 0.0005001910030841827, 0.0005418742075562477, 0.0005835574120283127, 0.0006252406165003777, 0.0006669238209724426, 0.0007086070254445076, 0.0007502902299165726, 0.0007919734343886375, 0.0008336566388607025, 0.0008753398433327675, 0.0009170230478048325, 0.0009587062522768974, 0.0010003894567489624, 0.0010420726612210274, 0.0010837558656930923, 0.0011254390701651573, 0.0011671222746372223, 0.0012088054791092873, 0.0012504886835813522, 0.0012921718880534172, 0.0013338550925254822]}, "gradients/fc_output.weight": {"_type": "histogram", "values": [2.0, 0.0, 0.0, 1.0, 2.0, 3.0, 6.0, 5.0, 7.0, 7.0, 9.0, 9.0, 13.0, 15.0, 8.0, 6.0, 10.0, 7.0, 8.0, 8.0, 14.0, 5.0, 7.0, 3.0, 6.0, 2.0, 3.0, 0.0, 1.0, 1.0, 0.0, 6.0, 378.0, 0.0, 1.0, 1.0, 0.0, 3.0, 2.0, 6.0, 3.0, 7.0, 5.0, 14.0, 8.0, 8.0, 7.0, 10.0, 6.0, 8.0, 15.0, 13.0, 9.0, 9.0, 7.0, 7.0, 5.0, 6.0, 3.0, 2.0, 1.0, 0.0, 0.0, 2.0], "bins": [-0.0035438232589513063, -0.003433078993111849, -0.0033223344944417477, -0.00321159022860229, -0.0031008459627628326, -0.0029901014640927315, -0.002879357198253274, -0.0027686129324138165, -0.0026578684337437153, -0.0025471241679042578, -0.0024363796692341566, -0.002325635403394699, -0.002214890904724598, -0.0021041466388851404, -0.001993402373045683, -0.0018826579907909036, -0.0017719136085361242, -0.0016611692262813449, -0.0015504248440265656, -0.001439680578187108, -0.0013289361959323287, -0.0012181918136775494, -0.0011074475478380919, -0.0009967031655833125, -0.0008859587833285332, -0.0007752144010737538, -0.0006644700770266354, -0.000553725752979517, -0.00044298137072473764, -0.0003322369884699583, -0.00022149266442283988, -0.00011074834037572145, -3.958120942115784e-09, 0.00011074039503000677, 0.00022148474818095565, 0.00033222910133190453, 0.0004429734544828534, 0.0005537178367376328, 0.0006644621607847512, 0.0007752064848318696, 0.0008859508670866489, 0.0009966952493414283, 0.0011074396315962076, 0.0012181838974356651, 0.0013289282796904445, 0.0014396726619452238, 0.0015504169277846813, 0.0016611613100394607, 0.00177190569229424, 0.0018826500745490193, 0.0019933944568037987, 0.002104138722643256, 0.0022148829884827137, 0.002325627487152815, 0.0024363717529922724, 0.00254711601883173, 0.002657860517501831, 0.0027686047833412886, 0.0028793492820113897, 0.0029900935478508472, 0.0031008380465209484, 0.003211582312360406, 0.0033223265781998634, 0.0034330710768699646, 0.003543815342709422]}, "gradients/fc_hidden.0.bias": {"_type": "histogram", "values": [1.0, 0.0, 0.0, 1.0, 1.0, 0.0, 0.0, 0.0, 0.0, 1.0, 1.0, 0.0, 0.0, 1.0, 0.0, 1.0, 0.0, 1.0, 0.0, 0.0, 0.0, 0.0, 0.0, 0.0, 0.0, 0.0, 0.0, 0.0, 0.0, 0.0, 0.0, 0.0, 0.0, 0.0, 1.0, 0.0, 1.0, 1.0, 1.0, 3.0, 3.0, 6.0, 11.0, 11.0, 12.0, 13.0, 13.0, 9.0, 8.0, 4.0, 0.0, 5.0, 193.0, 4.0, 3.0, 2.0, 7.0, 8.0, 8.0, 6.0, 11.0, 5.0, 2.0, 1.0], "bins": [-0.0014271573163568974, -0.0014000862138345838, -0.0013730151113122702, -0.0013459438923746347, -0.0013188727898523211, -0.0012918016873300076, -0.0012647304683923721, -0.0012376593658700585, -0.001210588263347745, -0.0011835171608254313, -0.0011564460583031178, -0.0011293748393654823, -0.0011023037368431687, -0.0010752326343208551, -0.0010481614153832197, -0.0010210903128609061, -0.0009940192103385925, -0.0009669481078162789, -0.0009398769470863044, -0.0009128057863563299, -0.0008857346838340163, -0.0008586635813117027, -0.0008315924205817282, -0.0008045212598517537, -0.0007774501573294401, -0.0007503790548071265, -0.000723307894077152, -0.0006962367333471775, -0.0006691656308248639, -0.0006420945283025503, -0.0006150233675725758, -0.0005879522068426013, -0.0005608811043202877, -0.0005338100017979741, -0.0005067388410679996, -0.00047966770944185555, -0.0004525965778157115, -0.00042552544618956745, -0.0003984543145634234, -0.00037138318293727934, -0.0003443120513111353, -0.00031724091968499124, -0.0002901697880588472, -0.00026309865643270314, -0.00023602752480655909, -0.00020895639318041503, -0.00018188526155427098, -0.00015481412992812693, -0.00012774299830198288, -0.00010067186667583883, -7.360073504969478e-05, -4.6529603423550725e-05, -1.9458471797406673e-05, 7.612659828737378e-06, 3.468379145488143e-05, 6.175492308102548e-05, 8.882605470716953e-05, 0.00011589718633331358, 0.00014296831795945764, 0.0001700394495856017, 0.00019711058121174574, 0.0002241817128378898, 0.00025125284446403384, 0.0002783239760901779, 0.00030539510771632195]}, "gradients/fc_hidden.0.weight": {"_type": "histogram", "values": [1.0, 0.0, 1.0, 3.0, 0.0, 2.0, 2.0, 1.0, 1.0, 1.0, 3.0, 1.0, 2.0, 1.0, 5.0, 0.0, 6.0, 0.0, 0.0, 2.0, 2.0, 2.0, 2.0, 2.0, 2.0, 4.0, 2.0, 10.0, 14.0, 18.0, 43.0, 63.0, 94.0, 137.0, 213.0, 249.0, 277.0, 316.0, 319.0, 396.0, 485.0, 520.0, 571.0, 123531.0, 474.0, 330.0, 273.0, 251.0, 197.0, 173.0, 144.0, 128.0, 96.0, 81.0, 48.0, 44.0, 20.0, 13.0, 14.0, 3.0, 2.0, 4.0, 0.0, 1.0],