{"graph_0": {"_type": "graph-file", "path": "media/graph/graph_0_summary_72cc9074.graph.json", "sha256": "72cc9074323f48c81299b1562158b875d49df067f5f42fc33eeb26429aa77a22", "size": 1103}, "Train Loss": 0.6367710592846075, "Val Loss": 0.6371356592080281, "Train Acc": 66.72916666666667, "Val Acc": 66.58097686375321, "_runtime": 89, "_timestamp": 1617031741, "_step": 49, "gradients/fc_output.bias": {"_type": "histogram", "values": [1.0, 0.0, 0.0, 0.0, 0.0, 0.0, 0.0, 0.0, 0.0, 0.0, 0.0, 0.0, 0.0, 0.0, 0.0, 0.0, 0.0, 0.0, 0.0, 0.0, 0.0, 0.0, 0.0, 0.0, 0.0, 0.0, 0.0, 0.0, 0.0, 0.0, 0.0, 0.0, 0.0, 0.0, 0.0, 0.0, 0.0, 0.0, 0.0, 0.0, 0.0, 0.0, 0.0, 0.0, 0.0, 0.0, 0.0, 0.0, 0.0, 0.0, 0.0, 0.0, 0.0, 0.0, 0.0, 0.0, 0.0, 0.0, 0.0, 0.0, 0.0, 0.0, 0.0, 1.0], "bins": [-0.101185142993927, -0.09802310913801193, -0.09486106783151627, -0.0916990339756012, -0.08853699266910553, -0.08537495881319046, -0.08221292495727539, -0.07905088365077972, -0.07588884979486465, -0.07272681593894958, -0.06956477463245392, -0.06640274077653885, -0.06324070692062378, -0.06007866561412811, -0.05691663175821304, -0.053754594177007675, -0.05059255659580231, -0.04743051901459694, -0.04426848143339157, -0.0411064475774765, -0.03794440999627113, -0.034782372415065765, -0.031620338559150696, -0.028458300977945328, -0.02529626339673996, -0.02213422581553459, -0.018972190096974373, -0.015810154378414154, -0.012648116797208786, -0.009486079216003418, -0.006324043497443199, -0.0031620077788829803, 2.9802322387695312e-08, 0.003162066452205181, 0.0063241031020879745, 0.009486139751970768, 0.012648176401853561, 0.01581021398305893, 0.018972249701619148, 0.022134285420179367, 0.025296323001384735, 0.028458360582590103, 0.03162039816379547, 0.03478243201971054, 0.03794446960091591, 0.04110650718212128, 0.044268541038036346, 0.047430578619241714, 0.05059261620044708, 0.05375465378165245, 0.05691669136285782, 0.06007872521877289, 0.06324076652526855, 0.06640280038118362, 0.0695648342370987, 0.07272687554359436, 0.07588890939950943, 0.0790509432554245, 0.08221298456192017, 0.08537501841783524, 0.0885370522737503, 0.09169909358024597, 0.09486112743616104, 0.09802316129207611, 0.10118520259857178]}, "gradients/fc_output.weight": {"_type": "histogram", "values": [1.0, 0.0, 0.0, 0.0, 0.0, 0.0, 1.0, 1.0, 0.0, 0.0, 0.0, 0.0, 0.0, 2.0, 0.0, 0.0, 0.0, 0.0, 1.0, 2.0, 0.0, 0.0, 1.0, 0.0, 1.0, 0.0, 1.0, 1.0, 1.0, 2.0, 1.0, 664.0, 24.0, 1.0, 2.0, 1.0, 1.0, 1.0, 0.0, 1.0, 0.0, 1.0, 0.0, 0.0, 2.0, 1.0, 0.0, 0.0, 0.0, 0.0, 2.0, 0.0, 0.0, 0.0, 0.0, 0.0, 1.0, 1.0, 0.0, 0.0, 0.0, 0.0, 0.0, 1.0], "bins": [-0.01696406863629818, -0.016433941200375557, -0.015903813764452934, -0.015373687259852886, -0.014843559823930264, -0.01431343238800764, -0.013783305883407593, -0.01325317844748497, -0.012723051011562347, -0.012192923575639725, -0.011662796139717102, -0.011132669635117054, -0.010602542199194431, -0.010072414763271809, -0.00954228825867176, -0.009012160822749138, -0.008482033386826515, -0.007951905950903893, -0.007421778980642557, -0.006891652010381222, -0.006361524574458599, -0.005831397138535976, -0.005301270168274641, -0.004771143198013306, -0.004241015762090683, -0.003710888558998704, -0.003180761355906725, -0.002650634152814746, -0.002120506949722767, -0.0015903797466307878, -0.0010602525435388088, -0.0005301253404468298, 1.862645149230957e-09, 0.0005301290657371283, 0.0010602562688291073, 0.0015903834719210863, 0.0021205106750130653, 0.0026506378781050444, 0.0031807650811970234, 0.0037108922842890024, 0.0042410194873809814, 0.004771146923303604, 0.0053012738935649395, 0.005831400863826275, 0.0063615282997488976, 0.00689165573567152, 0.007421782705932856, 0.007951909676194191, 0.008482037112116814, 0.009012164548039436, 0.009542291983962059, 0.010072418488562107, 0.01060254592448473, 0.011132673360407352, 0.0116627998650074, 0.012192927300930023, 0.012723054736852646, 0.013253182172775269, 0.013783309608697891, 0.01431343611329794, 0.014843563549220562, 0.015373690985143185, 0.015903817489743233, 0.016433944925665855, 0.016964072361588478]}, "gradients/fc_hidden.1.bias": {"_type": "histogram", "values": [344.0, 0.0, 1.0, 2.0, 0.0, 1.0, 1.0, 0.0, 0.0, 1.0, 1.0, 0.0, 0.0, 0.0, 0.0, 1.0, 0.0, 1.0, 0.0, 0.0, 0.0, 1.0, 1.0, 0.0, 0.0, 0.0, 0.0, 0.0, 0.0, 0.0, 1.0, 0.0, 1.0, 0.0, 0.0, 0.0, 0.0, 1.0, 0.0, 0.0, 0.0, 0.0, 0.0, 0.0, 1.0, 0.0, 0.0, 0.0, 0.0, 0.0, 0.0, 0.0, 0.0, 0.0, 0.0, 0.0, 0.0, 0.0, 0.0, 0.0, 0.0, 0.0, 0.0, 1.0], "bins": [0.0, 0.0003348609898239374, 0.0006697219796478748, 0.0010045829694718122, 0.0013394439592957497, 0.001674304949119687, 0.0020091659389436245, 0.002344026928767562, 0.0026788879185914993, 0.0030137489084154367, 0.003348609898239374, 0.0036834708880633116, 0.004018331877887249, 0.004353192634880543, 0.004688053857535124, 0.005022915080189705, 0.005357775837182999, 0.005692636594176292, 0.0060274978168308735, 0.0063623590394854546, 0.006697219796478748, 0.007032080553472042, 0.007366941776126623, 0.007701802998781204, 0.008036663755774498, 0.008371524512767792, 0.008706385269761086, 0.009041246958076954, 0.009376107715070248, 0.009710968472063541, 0.01004583016037941, 0.010380690917372704, 0.010715551674365997, 0.011050412431359291, 0.011385273188352585, 0.011720134876668453, 0.012054995633661747, 0.01238985639065504, 0.012724718078970909, 0.013059578835964203, 0.013394439592957497, 0.01372930034995079, 0.014064161106944084, 0.014399022795259953, 0.014733883552253246, 0.01506874430924654, 0.015403605997562408, 0.015738466754555702, 0.016073327511548996, 0.01640818826854229, 0.016743049025535583, 0.017077909782528877, 0.01741277053952217, 0.017747633159160614, 0.018082493916153908, 0.0184173546731472, 0.018752215430140495, 0.01908707618713379, 0.019421936944127083, 0.019756797701120377, 0.02009166032075882, 0.020426521077752113, 0.020761381834745407, 0.0210962425917387, 0.021431103348731995]}, "gradients/fc_hidden.1.weight": {"_type": "histogram", "values": [129501.0, 16.0, 12.0, 12.0, 5.0, 7.0, 4.0, 4.0, 3.0, 4.0, 3.0, 2.0, 3.0, 1.0, 1.0, 2.0, 1.0, 3.0, 1.0, 1.0, 0.0, 2.0, 2.0, 0.0, 1.0, 1.0, 1.0, 0.0, 0.0, 0.0, 1.0, 0.0, 1.0, 0.0, 0.0, 1.0, 0.0, 1.0, 1.0, 0.0, 0.0, 0.0, 0.0, 0.0, 1.0, 0.0, 0.0, 0.0, 0.0, 0.0, 0.0, 0.0, 0.0, 0.0, 0.0, 0.0, 0.0, 0.0, 0.0, 0.0, 0.0, 0.0, 0.0, 1.0], "bins": [0.0, 8.561531785744592e-07, 1.7123063571489183e-06, 2.5684594220365398e-06, 3.4246127142978366e-06, 4.2807660065591335e-06, 5.1369188440730795e-06, 5.993072136334376e-06, 6.849225428595673e-06, 7.70537826610962e-06, 8.561532013118267e-06, 9.417684850632213e-06, 1.0273837688146159e-05, 1.1129991435154807e-05, 1.1986144272668753e-05, 1.28422980196774e-05, 1.3698450857191347e-05, 1.4554603694705293e-05, 1.541075653221924e-05, 1.6266909369733185e-05, 1.7123064026236534e-05, 1.797921686375048e-05, 1.8835369701264426e-05, 1.9691522538778372e-05, 2.0547675376292318e-05, 2.1403828213806264e-05, 2.225998105132021e-05, 2.311613570782356e-05, 2.3972288545337506e-05, 2.482844138285145e-05, 2.5684594220365398e-05, 2.6540747057879344e-05, 2.7396901714382693e-05, 2.825305455189664e-05, 2.9109207389410585e-05, 2.9965362045913935e-05, 3.082151306443848e-05, 3.167766772094183e-05, 3.253381873946637e-05, 3.338997339596972e-05, 3.424612805247307e-05, 3.510228270897642e-05, 3.595843372750096e-05, 3.681458838400431e-05, 3.767073940252885e-05, 3.85268940590322e-05, 3.938304871553555e-05, 4.0239199734060094e-05, 4.1095350752584636e-05, 4.1951505409087986e-05, 4.280765642761253e-05, 4.366381108411588e-05, 4.451996210264042e-05, 4.537611675914377e-05, 4.623227141564712e-05, 4.708842243417166e-05, 4.794457709067501e-05, 4.880073174717836e-05, 4.96568827657029e-05, 5.051303742220625e-05, 5.1369188440730795e-05, 5.2225343097234145e-05, 5.308149411575869e-05, 5.393764877226204e-05, 5.4793803428765386e-05]}, "gradients/fc_hidden.0.bias": {"_type": "histogram",