{"graph_0": {"_type": "graph-file", "path": "media/graph/graph_0_summary_cd69a3c3.graph.json", "sha256": "cd69a3c38cd9597b39cd54eead37d8f7f4b75c4dccb0b05770920b40d3dcc9c9", "size": 868}, "Train Loss": 0.47344959237509304, "Val Loss": 0.5583336651325226, "Train Acc": 79.0, "Val Acc": 73.08333333333333, "_runtime": 78, "_timestamp": 1617382076, "_step": 49, "gradients/fc_output.bias": {"_type": "histogram", "values": [1.0, 0.0, 0.0, 0.0, 0.0, 0.0, 0.0, 0.0, 0.0, 0.0, 0.0, 0.0, 0.0, 0.0, 0.0, 0.0, 0.0, 0.0, 0.0, 0.0, 0.0, 0.0, 0.0, 0.0, 0.0, 0.0, 0.0, 0.0, 0.0, 0.0, 0.0, 0.0, 0.0, 0.0, 0.0, 0.0, 0.0, 0.0, 0.0, 0.0, 0.0, 0.0, 0.0, 0.0, 0.0, 0.0, 0.0, 0.0, 0.0, 0.0, 0.0, 0.0, 0.0, 0.0, 0.0, 0.0, 0.0, 0.0, 0.0, 0.0, 0.0, 0.0, 0.0, 1.0], "bins": [-0.03682767227292061, -0.035676807165145874, -0.03452594205737114, -0.033375076949596405, -0.03222421184182167, -0.031073346734046936, -0.0299224816262722, -0.028771616518497467, -0.027620751410722733, -0.026469886302947998, -0.025319021195173264, -0.02416815608739853, -0.023017290979623795, -0.02186642587184906, -0.020715560764074326, -0.01956469565629959, -0.018413832411170006, -0.01726296730339527, -0.016112102195620537, -0.014961237087845802, -0.013810371980071068, -0.012659506872296333, -0.011508642695844173, -0.010357777588069439, -0.009206913411617279, -0.008056048303842545, -0.00690518319606781, -0.005754318553954363, -0.004603453446179628, -0.003452588338404894, -0.0023017236962914467, -0.0011508585885167122, 7.450580596923828e-09, 0.0011508724419400096, 0.0023017374332994223, 0.003452602308243513, 0.004603467416018248, 0.005754332523792982, 0.006905197165906429, 0.008056062273681164, 0.009206928312778473, 0.010357793420553207, 0.011508658528327942, 0.012659523636102676, 0.013810388743877411, 0.014961253851652145, 0.01611211895942688, 0.017262984067201614, 0.0184138473123312, 0.019564712420105934, 0.02071557752788067, 0.021866442635655403, 0.023017307743430138, 0.024168172851204872, 0.025319036096334457, 0.026469901204109192, 0.027620766311883926, 0.02877163141965866, 0.029922496527433395, 0.03107336163520813, 0.032224226742982864, 0.0333750918507576, 0.03452595695853233, 0.03567682206630707, 0.0368276871740818]}, "gradients/fc_output.weight": {"_type": "histogram", "values": [1.0, 1.0, 0.0, 0.0, 0.0, 2.0, 0.0, 1.0, 3.0, 1.0, 3.0, 2.0, 3.0, 2.0, 2.0, 3.0, 4.0, 2.0, 3.0, 5.0, 3.0, 2.0, 2.0, 4.0, 3.0, 1.0, 3.0, 2.0, 5.0, 13.0, 30.0, 436.0, 72.0, 30.0, 13.0, 5.0, 2.0, 3.0, 1.0, 3.0, 4.0, 2.0, 2.0, 3.0, 5.0, 3.0, 2.0, 4.0, 3.0, 2.0, 2.0, 3.0, 2.0, 3.0, 1.0, 3.0, 1.0, 0.0, 2.0, 0.0, 0.0, 0.0, 1.0, 1.0], "bins": [-0.010586156509816647, -0.010255338624119759, -0.009924521669745445, -0.009593703784048557, -0.009262886829674244, -0.008932068943977356, -0.008601251989603043, -0.008270434103906155, -0.007939617149531841, -0.007608799729496241, -0.00727798230946064, -0.006947164889425039, -0.006616347469389439, -0.006285530049353838, -0.005954712629318237, -0.005623894743621349, -0.005293077323585749, -0.004962259903550148, -0.004631442483514547, -0.004300625063478947, -0.003969807643443346, -0.0036389902234077454, -0.003308172570541501, -0.0029773551505059004, -0.002646537497639656, -0.0023157200776040554, -0.0019849026575684547, -0.0016540851211175323, -0.0013232677010819316, -0.000992450281046331, -0.0006616327445954084, -0.0003308153245598078, 1.862645149230957e-09, 0.00033081931178458035, 0.0006616367609240115, 0.000992454239167273, 0.0013232716592028737, 0.0016540890792384744, 0.001984906615689397, 0.0023157240357249975, 0.0026465412229299545, 0.002977358642965555, 0.003308176063001156, 0.0036389934830367565, 0.003969810903072357, 0.004300628323107958, 0.0046314457431435585, 0.0049622636288404465, 0.005293081048876047, 0.005623898468911648, 0.0059547158889472485, 0.006285533308982849, 0.00661635072901845, 0.0069471681490540504, 0.007277986034750938, 0.007608802989125252, 0.00793962087482214, 0.008270438760519028, 0.008601255714893341, 0.008932073600590229, 0.009262890554964542, 0.00959370844066143, 0.009924525395035744, 0.010255343280732632, 0.010586160235106945]}, "gradients/fc_hidden.0.bias": {"_type": "histogram", "values": [1.0, 0.0, 0.0, 0.0, 0.0, 0.0, 0.0, 0.0, 1.0, 1.0, 0.0, 0.0, 0.0, 1.0, 3.0, 1.0, 2.0, 0.0, 1.0, 3.0, 2.0, 1.0, 7.0, 3.0, 4.0, 5.0, 6.0, 3.0, 3.0, 2.0, 3.0, 2.0, 12.0, 9.0, 212.0, 16.0, 8.0, 7.0, 3.0, 5.0, 3.0, 5.0, 3.0, 5.0, 2.0, 6.0, 1.0, 0.0, 1.0, 0.0, 0.0, 0.0, 1.0, 1.0, 1.0, 1.0, 1.0, 0.0, 1.0, 0.0, 0.0, 0.0, 0.0, 1.0], "bins": [-0.012162099592387676, -0.011811892502009869, -0.011461685411632061, -0.011111478321254253, -0.010761270299553871, -0.010411063209176064, -0.010060856118798256, -0.009710649028420448, -0.00936044193804264, -0.009010234847664833, -0.008660027757287025, -0.008309820666909218, -0.00795961357653141, -0.007609406020492315, -0.00725919846445322, -0.006908991374075413, -0.006558784283697605, -0.0062085771933197975, -0.00585837010294199, -0.005508162546902895, -0.005157955456525087, -0.00480774836614728, -0.004457540810108185, -0.004107333719730377, -0.0037571266293525696, -0.003406919538974762, -0.0030567122157663107, -0.0027065048925578594, -0.002356297802180052, -0.002006090711802244, -0.001655883388593793, -0.0013056760653853416, -0.0009554680436849594, -0.00060526083689183, -0.0002550536300987005, 9.515357669442892e-05, 0.00044536078348755836, 0.0007955679902806878, 0.0011457751970738173, 0.0014959825202822685, 0.0018461896106600761, 0.0021963967010378838, 0.002546604024246335, 0.0028968113474547863, 0.003247018437832594, 0.0035972255282104015, 0.0039474330842494965, 0.004297640174627304, 0.004647847265005112, 0.004998054355382919, 0.005348261445760727, 0.005698469001799822, 0.0060486760921776295, 0.006398883182555437, 0.006749090738594532, 0.00709929782897234, 0.007449504919350147, 0.007799712009727955, 0.008149919100105762, 0.00850012619048357, 0.008850334212183952, 0.00920054130256176, 0.009550748392939568, 0.009900955483317375, 0.010251162573695183]}, "gradients/fc_hidden.0.weight": {"_type": "histogram", "values": [1.0, 0.0, 0.0, 2.0, 0.0, 0.0, 0.0, 3.0, 2.0, 0.0, 2.0, 2.0, 5.0, 3.0, 1.0, 7.0, 5.0, 7.0, 10.0, 9.0, 12.0, 15.0, 15.0, 17.0, 19.0, 15.0, 25.0, 41.0, 54.0, 58.0, 46.0, 129004.0, 79.0, 31.0, 22.0, 15.0, 13.0, 7.0, 8.0, 11.0, 6.0, 4.0, 3.0, 2.0, 2.0, 1.0, 0.0, 3.0, 0.0, 2.0, 0.0, 2.0, 1.0, 2.0, 1.0, 2.0, 0.0, 0.0, 1.0, 0.0, 1.0, 0.0, 0.0, 1.0], "bins": [-0.008042327128350735, -0.0077888197265565395, -0.007535312324762344, -0.007281804922968149, -0.007028297521173954, -0.006774790119379759, -0.006521282717585564, -0.006267775781452656, -0.006014267913997173, -0.005760760512202978, -0.005507253110408783, -0.005253745708614588, -0.005000238306820393, -0.004746730905026197, -0.004493223503232002, -0.004239716567099094, -0.003986209165304899, -0.003732701763510704, -0.003479194361716509, -0.0032256869599223137, -0.0029721795581281185, -0.0027186721563339233, -0.002465164987370372, -0.0022116575855761766, -0.001958150416612625, -0.00170464301481843, -0.0014511356130242348, -0.0011976283276453614, -0.0009441209258511662, -0.0006906135240569711, -0.0004371062386780977, -0.00018359883688390255, 6.990879774093628e-05, 0.000323416170431301, 0.0005769235431216657, 0.0008304308867082, 0.0010839382885023952, 0.0013374456902965903, 0.0015909529756754637, 0.0018444603774696589, 0.0020979680120944977, 0.002351475413888693, 0.002604982815682888, 0.002858490217477083, 0.0031119976192712784, 0.0033655050210654736, 0.003619012190029025, 0.0038725195918232203, 0.004126026760786772, 0.004379534162580967, 0.004633041564375162, 0.004886548966169357, 0.0051400563679635525, 0.005393563769757748, 0.0056470707058906555, 0.005900578573346138, 0.006154085509479046, 0.006407592911273241, 0.006661100313067436, 0.006914607714861631, 0.007168115116655827, 0.007421622518450022, 0.007675129920244217, 0.007928636856377125, 0.008182144723832607]}, "gradients/fc_input.bias": {"_type": "histogram",