{"graph_0": {"_type": "graph-file", "path": "media/graph/graph_0_summary_e0115753.graph.json", "sha256": "e011575326646a6a90018ba6ed6435a9ebe551193162aee0038e86fa7428821f", "size": 457}, "Train Loss": 0.6756285130977631, "Val Loss": 0.670950748026371, "Train Acc": 65.80555555555556, "Val Acc": 66.45833333333333, "_runtime": 13, "_timestamp": 1618069277, "_step": 2}