{"graph_0": {"_type": "graph-file", "path": "media/graph/graph_0_summary_854c07dc.graph.json", "sha256": "854c07dcd910a833fcda22682ccd334f1aeadcd65f65a8abf1cd3af812b839cd", "size": 868}, "Train Loss": 0.4021478332579136, "Val Loss": 0.44033373271425563, "Train Acc": 82.16666666666667, "Val Acc": 80.58333333333333, "_runtime": 78, "_timestamp": 1617382181, "_step": 49, "gradients/fc_output.bias": {"_type": "histogram", "values": [1.0, 0.0, 0.0, 0.0, 0.0, 0.0, 0.0, 0.0, 0.0, 0.0, 0.0, 0.0, 0.0, 0.0, 0.0, 0.0, 0.0, 0.0, 0.0, 0.0, 0.0, 0.0, 0.0, 0.0, 0.0, 0.0, 0.0, 0.0, 0.0, 0.0, 0.0, 0.0, 0.0, 0.0, 0.0, 0.0, 0.0, 0.0, 0.0, 0.0, 0.0, 0.0, 0.0, 0.0, 0.0, 0.0, 0.0, 0.0, 0.0, 0.0, 0.0, 0.0, 0.0, 0.0, 0.0, 0.0, 0.0, 0.0, 0.0, 0.0, 0.0, 0.0, 0.0, 1.0], "bins": [-0.1585441380739212, -0.1535896360874176, -0.148635134100914, -0.1436806321144104, -0.1387261152267456, -0.133771613240242, -0.1288171112537384, -0.1238626092672348, -0.1189081072807312, -0.1139536052942276, -0.108999103307724, -0.1040445938706398, -0.0990900918841362, -0.0941355898976326, -0.0891810804605484, -0.0842265784740448, -0.0792720764875412, -0.0743175745010376, -0.069363072514534, -0.0644085630774498, -0.0594540610909462, -0.054499559104442596, -0.0495450533926487, -0.0445905476808548, -0.039636045694351196, -0.034681543707847595, -0.029727037996053696, -0.024772534146904945, -0.019818030297756195, -0.014863526448607445, -0.009909022599458694, -0.004954516887664795, 0.0, 0.00495450384914875, 0.0099090076982975, 0.014863511547446251, 0.019818015396595, 0.02477251924574375, 0.029727023094892502, 0.0346815288066864, 0.03963603079319, 0.044590532779693604, 0.0495450384914875, 0.0544995442032814, 0.059454046189785004, 0.0644085481762886, 0.0693630576133728, 0.0743175595998764, 0.07927206158638, 0.0842265635728836, 0.08918106555938721, 0.0941355749964714, 0.099090076982975, 0.10404457896947861, 0.1089990884065628, 0.1139535903930664, 0.11890809237957001, 0.12386259436607361, 0.1288170963525772, 0.1337715983390808, 0.1387261152267456, 0.1436806172132492, 0.1486351191997528, 0.1535896211862564, 0.15854412317276]}, "gradients/fc_output.weight": {"_type": "histogram", "values": [2.0, 1.0, 1.0, 1.0, 0.0, 1.0, 3.0, 2.0, 2.0, 5.0, 9.0, 6.0, 5.0, 9.0, 6.0, 3.0, 8.0, 1.0, 4.0, 3.0, 0.0, 0.0, 2.0, 1.0, 1.0, 1.0, 5.0, 20.0, 30.0, 15.0, 12.0, 18.0, 384.0, 12.0, 15.0, 30.0, 20.0, 5.0, 1.0, 1.0, 1.0, 2.0, 0.0, 0.0, 3.0, 4.0, 1.0, 8.0, 3.0, 6.0, 9.0, 5.0, 6.0, 9.0, 5.0, 2.0, 2.0, 3.0, 1.0, 0.0, 1.0, 1.0, 1.0, 2.0], "bins": [-0.0429750420153141, -0.041632071137428284, -0.040289103984832764, -0.038946133106946945, -0.03760316222906113, -0.03626019135117531, -0.03491722047328949, -0.03357425332069397, -0.03223128244280815, -0.030888311564922333, -0.029545342549681664, -0.028202373534440994, -0.026859402656555176, -0.025516431778669357, -0.024173462763428688, -0.02283049374818802, -0.0214875228703022, -0.020144551992416382, -0.018801582977175713, -0.017458613961935043, -0.016115643084049225, -0.014772673137485981, -0.013429703190922737, -0.012086733244359493, -0.01074376329779625, -0.009400793351233006, -0.008057823404669762, -0.006714853458106518, -0.005371883511543274, -0.00402891356498003, -0.002685943618416786, -0.0013429736718535423, 0.0, 0.0013429699465632439, 0.0026859398931264877, 0.004028909839689732, 0.0053718797862529755, 0.006714849732816219, 0.008057819679379463, 0.009400789625942707, 0.010743759572505951, 0.012086729519069195, 0.013429699465632439, 0.014772669412195683, 0.016115639358758926, 0.017458610236644745, 0.018801579251885414, 0.020144548267126083, 0.021487519145011902, 0.02283049002289772, 0.02417345903813839, 0.02551642805337906, 0.026859398931264877, 0.028202369809150696, 0.029545338824391365, 0.030888307839632034, 0.03223127871751785, 0.03357424959540367, 0.03491722047328949, 0.03626018762588501, 0.03760315850377083, 0.03894612938165665, 0.04028909653425217, 0.041632067412137985, 0.042975038290023804]}, "gradients/fc_hidden.0.bias": {"_type": "histogram", "values": [1.0, 0.0, 0.0, 0.0, 0.0, 1.0, 0.0, 0.0, 0.0, 1.0, 1.0, 1.0, 2.0, 1.0, 5.0, 3.0, 3.0, 1.0, 2.0, 1.0, 2.0, 1.0, 1.0, 6.0, 4.0, 3.0, 6.0, 5.0, 4.0, 6.0, 5.0, 6.0, 3.0, 3.0, 10.0, 193.0, 3.0, 0.0, 1.0, 1.0, 2.0, 1.0, 0.0, 2.0, 4.0, 5.0, 14.0, 12.0, 6.0, 5.0, 7.0, 3.0, 0.0, 3.0, 0.0, 3.0, 2.0, 2.0, 1.0, 1.0, 0.0, 0.0, 0.0, 1.0], "bins": [-0.06442611664533615, -0.06261688470840454, -0.06080766022205353, -0.05899842828512192, -0.057189200073480606, -0.055379971861839294, -0.05357074365019798, -0.05176151543855667, -0.04995228722691536, -0.04814305901527405, -0.046333830803632736, -0.044524602591991425, -0.042715370655059814, -0.0409061424434185, -0.03909691423177719, -0.03728768602013588, -0.03547845780849457, -0.033669229596853256, -0.031860001385211945, -0.030050771310925484, -0.028241543099284172, -0.02643231302499771, -0.0246230848133564, -0.022813856601715088, -0.021004624664783478, -0.019195396453142166, -0.017386166378855705, -0.015576938167214394, -0.013767709955573082, -0.011958480812609196, -0.01014925166964531, -0.008340023458003998, -0.006530795246362686, -0.004721566569060087, -0.0029123376589268446, -0.001103108748793602, 0.000706119928508997, 0.002515348605811596, 0.004324577748775482, 0.006133805960416794, 0.007943034172058105, 0.009752263315021992, 0.011561491526663303, 0.01337072066962719, 0.015179948881268501, 0.016989178955554962, 0.018798407167196274, 0.020607635378837585, 0.022416865453124046, 0.024226093664765358, 0.02603532373905182, 0.02784455195069313, 0.029653780162334442, 0.031463008373975754, 0.033272236585617065, 0.035081468522548676, 0.03689069673418999, 0.0386999249458313, 0.04050915315747261, 0.04231838136911392, 0.04412761330604553, 0.045936841517686844, 0.047746069729328156, 0.04955529794096947, 0.05136452615261078]}, "gradients/fc_hidden.0.weight": {"_type": "histogram", "values": [1.0, 0.0, 2.0, 1.0, 0.0, 0.0, 0.0, 0.0, 2.0, 3.0, 4.0, 5.0, 2.0, 6.0, 7.0, 6.0, 8.0, 11.0, 13.0, 11.0, 12.0, 12.0, 14.0, 18.0, 14.0, 25.0, 28.0, 46.0, 41.0, 43.0, 36.0, 83.0, 128762.0, 4.0, 1.0, 7.0, 9.0, 7.0, 7.0, 13.0, 31.0, 46.0, 43.0, 48.0, 33.0, 30.0, 18.0, 14.0, 15.0, 9.0, 7.0, 11.0, 5.0, 6.0, 7.0, 4.0, 2.0, 1.0, 3.0, 1.0, 0.0, 0.0, 1.0, 1.0], "bins": [-0.021566877141594887, -0.020895855501294136, -0.020224833860993385, -0.019553812220692635, -0.018882788717746735, -0.018211767077445984, -0.017540745437145233, -0.016869723796844482, -0.01619870215654373, -0.015527680516242981, -0.01485665887594223, -0.014185636304318905, -0.013514614664018154, -0.012843593023717403, -0.012172570452094078, -0.011501548811793327, -0.010830527171492577, -0.010159505531191826, -0.009488483890891075, -0.00881746131926775, -0.008146439678966999, -0.007475418038666248, -0.00680439593270421, -0.006133373826742172, -0.0054623521864414215, -0.004791330546140671, -0.004120308440178633, -0.0034492865670472383, -0.002778264693915844, -0.0021072428207844496, -0.0014362209476530552, -0.0007651988416910172, -9.417906403541565e-05, 0.0005768428090959787, 0.0012478646822273731, 0.0019188865553587675, 0.002589908428490162, 0.0032609303016215563, 0.003931952174752951, 0.004602974280714989, 0.0052739959210157394, 0.00594501756131649, 0.006616039667278528, 0.007287061773240566, 0.007958083413541317, 0.008629105053842068, 0.009300127625465393, 0.009971149265766144, 0.010642170906066895, 0.011313192546367645, 0.011984214186668396, 0.012655236758291721, 0.013326258398592472, 0.013997280038893223, 0.014668302610516548, 0.015339324250817299, 0.01601034589111805, 0.0166813675314188, 0.01735238917171955, 0.018023410812020302, 0.018694434314966202, 0.019365455955266953, 0.020036477595567703, 0.020707499235868454, 0.021378520876169205]}, "gradients/fc_input.bias": {"_type": "histogram",