{"graph_0": {"_type": "graph-file", "path": "media/graph/graph_0_summary_69a4d1cc.graph.json", "sha256": "69a4d1cc7fefd877224ff6826d056c85bc704057d9980619dc91a903f86bde56", "size": 866}, "Train Loss": 0.279807028050224, "Val Loss": 0.4529080018401146, "Train Acc": 88.36111111111111, "Val Acc": 79.54166666666667, "_runtime": 97, "_timestamp": 1617139082, "_step": 49, "gradients/fc_output.bias": {"_type": "histogram", "values": [1.0, 0.0, 0.0, 0.0, 0.0, 0.0, 0.0, 0.0, 0.0, 0.0, 0.0, 0.0, 0.0, 0.0, 0.0, 0.0, 0.0, 0.0, 0.0, 0.0, 0.0, 0.0, 0.0, 0.0, 0.0, 0.0, 0.0, 0.0, 0.0, 0.0, 0.0, 0.0, 0.0, 0.0, 0.0, 0.0, 0.0, 0.0, 0.0, 0.0, 0.0, 0.0, 0.0, 0.0, 0.0, 0.0, 0.0, 0.0, 0.0, 0.0, 0.0, 0.0, 0.0, 0.0, 0.0, 0.0, 0.0, 0.0, 0.0, 0.0, 0.0, 0.0, 0.0, 1.0], "bins": [-0.08116018027067184, -0.078623928129673, -0.07608766853809357, -0.07355141639709473, -0.07101515680551529, -0.06847890466451645, -0.06594264507293701, -0.06340639293193817, -0.060870133340358734, -0.058333877474069595, -0.05579762160778046, -0.05326136574149132, -0.05072510987520218, -0.04818885400891304, -0.0456525981426239, -0.04311634600162506, -0.04058009013533592, -0.03804383426904678, -0.035507578402757645, -0.032971322536468506, -0.030435066670179367, -0.02789881080389023, -0.02536255680024624, -0.0228263009339571, -0.02029004693031311, -0.01775379106402397, -0.015217535197734833, -0.012681280262768269, -0.01014502439647913, -0.007608768530189991, -0.005072513595223427, -0.002536257728934288, 0.0, 0.002536255633458495, 0.00507251126691699, 0.007608766667544842, 0.01014502253383398, 0.01268127840012312, 0.015217533335089684, 0.017753789201378822, 0.02029004693031311, 0.02282630279660225, 0.025362558662891388, 0.027898814529180527, 0.030435070395469666, 0.032971326261758804, 0.03550758212804794, 0.03804383426904678, 0.04058009013533592, 0.04311634600162506, 0.0456526018679142, 0.04818885773420334, 0.05072511360049248, 0.053261369466781616, 0.05579762160778046, 0.058333881199359894, 0.060870133340358734, 0.06340638548135757, 0.06594264507293701, 0.06847889721393585, 0.07101515680551529, 0.07355140894651413, 0.07608766853809357, 0.07862392067909241, 0.08116018027067184]}, "gradients/fc_output.weight": {"_type": "histogram", "values": [1.0, 0.0, 0.0, 0.0, 0.0, 2.0, 2.0, 1.0, 2.0, 5.0, 4.0, 2.0, 2.0, 3.0, 6.0, 5.0, 2.0, 0.0, 8.0, 6.0, 9.0, 5.0, 4.0, 3.0, 4.0, 1.0, 1.0, 1.0, 1.0, 4.0, 3.0, 0.0, 186.0, 3.0, 4.0, 1.0, 1.0, 1.0, 1.0, 4.0, 3.0, 4.0, 5.0, 9.0, 6.0, 8.0, 0.0, 2.0, 5.0, 6.0, 3.0, 2.0, 2.0, 4.0, 5.0, 2.0, 1.0, 2.0, 2.0, 0.0, 0.0, 0.0, 0.0, 1.0], "bins": [-0.0522184744477272, -0.05058664828538895, -0.04895481839776039, -0.047322992235422134, -0.04569116607308388, -0.04405933618545532, -0.042427510023117065, -0.04079568386077881, -0.03916385769844055, -0.037532031536102295, -0.03590020164847374, -0.03426837548613548, -0.032636549323797226, -0.03100472129881382, -0.029372893273830414, -0.027741067111492157, -0.02610923908650875, -0.024477411061525345, -0.022845584899187088, -0.021213756874203682, -0.019581930711865425, -0.01795010268688202, -0.016318276524543762, -0.014686448499560356, -0.01305462047457695, -0.011422793380916119, -0.009790966287255287, -0.008159138262271881, -0.006527311634272337, -0.004895484074950218, -0.0032636569812893867, -0.0016318298876285553, -3.725290298461914e-09, 0.0016318234847858548, 0.003263650694862008, 0.004895478021353483, 0.006527305115014315, 0.008159132674336433, 0.009790959767997265, 0.011422786861658096, 0.013054613023996353, 0.014686440117657185, 0.016318267211318016, 0.017950095236301422, 0.01958192139863968, 0.021213749423623085, 0.02284557744860649, 0.024477403610944748, 0.026109231635928154, 0.02774105966091156, 0.029372885823249817, 0.031004713848233223, 0.03263654187321663, 0.034268368035554886, 0.03590019419789314, 0.0375320240855217, 0.039163850247859955, 0.04079567641019821, 0.04242750629782677, 0.044059332460165024, 0.04569115862250328, 0.047322988510131836, 0.04895481467247009, 0.05058664083480835, 0.052218466997146606]}, "gradients/fc_hidden.0.bias": {"_type": "histogram", "values": [1.0, 0.0, 1.0, 0.0, 0.0, 1.0, 2.0, 1.0, 1.0, 1.0, 7.0, 3.0, 0.0, 2.0, 2.0, 3.0, 4.0, 1.0, 1.0, 1.0, 1.0, 3.0, 2.0, 2.0, 0.0, 0.0, 2.0, 0.0, 1.0, 0.0, 0.0, 0.0, 2.0, 0.0, 93.0, 0.0, 0.0, 0.0, 1.0, 0.0, 0.0, 1.0, 1.0, 0.0, 2.0, 2.0, 0.0, 2.0, 3.0, 3.0, 0.0, 3.0, 2.0, 2.0, 3.0, 2.0, 6.0, 2.0, 3.0, 0.0, 1.0, 2.0, 0.0, 1.0], "bins": [-0.028577785938978195, -0.027742469683289528, -0.02690715529024601, -0.026071839034557343, -0.025236524641513824, -0.024401208385825157, -0.02356589399278164, -0.022730577737092972, -0.021895263344049454, -0.021059947088360786, -0.02022463269531727, -0.0193893164396286, -0.018554002046585083, -0.017718685790896416, -0.016883371397852898, -0.01604805514216423, -0.015212739817798138, -0.014377424493432045, -0.013542109169065952, -0.01270679384469986, -0.011871478520333767, -0.011036163195967674, -0.010200846940279007, -0.009365532547235489, -0.008530216291546822, -0.007694900967180729, -0.006859585642814636, -0.0060242703184485435, -0.005188954994082451, -0.004353639204055071, -0.003518323879688978, -0.0026830085553228855, -0.0018476936966180801, -0.0010123783722519875, -0.00017706293147057295, 0.0006582525093108416, 0.0014935678336769342, 0.0023288833908736706, 0.0031641987152397633, 0.003999514039605856, 0.004834828898310661, 0.005670144222676754, 0.006505459547042847, 0.007340774871408939, 0.008176090195775032, 0.0090114064514637, 0.009846720844507217, 0.010682037100195885, 0.011517352424561977, 0.01235266774892807, 0.013187983073294163, 0.014023298397660255, 0.014858613722026348, 0.01569392904639244, 0.016529245302081108, 0.017364559695124626, 0.018199875950813293, 0.01903519220650196, 0.01987050659954548, 0.020705822855234146, 0.021541137248277664, 0.02237645350396633, 0.02321176789700985, 0.024047084152698517, 0.024882398545742035]}, "gradients/fc_hidden.0.weight": {"_type": "histogram", "values": [1.0, 0.0, 1.0, 0.0, 0.0, 1.0, 2.0, 1.0, 1.0, 1.0, 7.0, 3.0, 0.0, 2.0, 2.0, 3.0, 4.0, 1.0, 2.0, 2.0, 3.0, 7.0, 7.0, 15.0, 13.0, 9.0, 13.0, 5.0, 12.0, 8.0, 19.0, 40.0, 241.0, 671.0, 30633.0, 467.0, 54.0, 24.0, 12.0, 4.0, 11.0, 9.0, 13.0, 14.0, 15.0, 7.0, 4.0, 3.0, 3.0, 3.0, 0.0, 3.0, 2.0, 2.0, 3.0, 2.0, 6.0, 2.0, 3.0, 0.0, 1.0, 2.0, 0.0, 1.0], "bins": [-0.12334933876991272, -0.11974377930164337, -0.11613821983337402, -0.11253266036510468, -0.10892709344625473, -0.10532153397798538, -0.10171597450971603, -0.09811041504144669, -0.09450484812259674, -0.09089928865432739, -0.08729372918605804, -0.0836881697177887, -0.08008260279893875, -0.0764770433306694, -0.07287148386240005, -0.0692659243941307, -0.06566036492586136, -0.06205480545759201, -0.058449242264032364, -0.054843682795763016, -0.05123811960220337, -0.04763256013393402, -0.04402700066566467, -0.040421441197395325, -0.03681588172912598, -0.03321032226085663, -0.029604759067296982, -0.025999199599027634, -0.022393638268113136, -0.01878807693719864, -0.01518251746892929, -0.011576956138014793, -0.007971391081809998, -0.0043658302165567875, -0.0007602693513035774, 0.0028452910482883453, 0.006450852379202843, 0.01005641371011734, 0.013661973178386688, 0.017267534509301186, 0.02087309956550598, 0.02447866089642048, 0.028084222227334976, 0.031689781695604324, 0.03529534488916397, 0.03890090435743332, 0.04250646382570267, 0.046112023293972015, 0.049717582762241364, 0.05332314223051071, 0.05692870542407036, 0.060534264892339706, 0.06413982808589935, 0.0677453875541687, 0.07135094702243805, 0.0749565064907074, 0.07856206595897675, 0.0821676254272461, 0.08577318489551544, 0.08937874436378479, 0.09298431128263474, 0.09658987075090408, 0.10019543021917343, 0.10380098968744278, 0.10740655660629272]}, "gradients/fc_input.bias": {"_type": "histogram",