{"graph_0": {"_type": "graph-file", "path": "media/graph/graph_0_summary_e87658d9.graph.json", "sha256": "e87658d9c7a9d317bfd58279fc0b52bc02ef6be60c3f8f0997b2a46429edb2a4", "size": 1026}, "Train Loss": 0.49050671483079594, "Val Loss": 0.40095211124492947, "Train Acc": 75.375, "Val Acc": 78.92030848329048, "_runtime": 103, "_timestamp": 1617036510, "_step": 49, "gradients/fc_output.bias": {"_type": "histogram", "values": [1.0, 0.0, 0.0, 0.0, 0.0, 0.0, 0.0, 0.0, 0.0, 0.0, 0.0, 0.0, 0.0, 0.0, 0.0, 0.0, 0.0, 0.0, 0.0, 0.0, 0.0, 0.0, 0.0, 0.0, 0.0, 0.0, 0.0, 0.0, 0.0, 0.0, 0.0, 0.0, 0.0, 0.0, 0.0, 0.0, 0.0, 0.0, 0.0, 0.0, 0.0, 0.0, 0.0, 0.0, 0.0, 0.0, 0.0, 0.0, 0.0, 0.0, 0.0, 0.0, 0.0, 0.0, 0.0, 0.0, 0.0, 0.0, 0.0, 0.0, 0.0, 0.0, 0.0, 1.0], "bins": [-0.017416801303625107, -0.016872525215148926, -0.016328250989317894, -0.015783974900841713, -0.015239700675010681, -0.0146954245865345, -0.014151149429380894, -0.013606874272227287, -0.013062599115073681, -0.012518323957920074, -0.011974048800766468, -0.011429773643612862, -0.01088549755513668, -0.010341223329305649, -0.009796947240829468, -0.009252672083675861, -0.008708396926522255, -0.008164121769368649, -0.007619846612215042, -0.007075570989400148, -0.006531295832246542, -0.0059870206750929356, -0.005442745052278042, -0.004898469895124435, -0.004354194737970829, -0.0038099195808172226, -0.0032656441908329725, -0.0027213688008487225, -0.002177093643695116, -0.0016328184865415096, -0.0010885430965572596, -0.0005442677065730095, 9.313225746154785e-09, 0.0005442845867946744, 0.0010885598603636026, 0.0016328351339325309, 0.002177110407501459, 0.0027213855646550655, 0.0032656609546393156, 0.0038099363446235657, 0.004354211501777172, 0.0048984866589307785, 0.005442761816084385, 0.005987037438899279, 0.006531312596052885, 0.0070755877532064915, 0.007619863376021385, 0.008164138533174992, 0.008708413690328598, 0.009252688847482204, 0.00979696400463581, 0.010341239161789417, 0.010885514318943024, 0.011429790407419205, 0.011974065564572811, 0.012518340721726418, 0.013062615878880024, 0.01360689103603363, 0.014151166193187237, 0.014695441350340843, 0.015239717438817024, 0.015783991664648056, 0.016328267753124237, 0.016872543841600418, 0.01741681806743145]}, "gradients/fc_output.weight": {"_type": "histogram", "values": [3.0, 1.0, 1.0, 2.0, 0.0, 2.0, 0.0, 1.0, 2.0, 0.0, 0.0, 0.0, 1.0, 0.0, 0.0, 0.0, 0.0, 0.0, 0.0, 0.0, 0.0, 1.0, 0.0, 0.0, 1.0, 0.0, 3.0, 2.0, 1.0, 3.0, 1.0, 646.0, 24.0, 1.0, 3.0, 1.0, 2.0, 3.0, 0.0, 1.0, 0.0, 0.0, 1.0, 0.0, 0.0, 0.0, 0.0, 0.0, 0.0, 0.0, 0.0, 1.0, 0.0, 0.0, 0.0, 2.0, 1.0, 0.0, 2.0, 0.0, 2.0, 1.0, 1.0, 3.0], "bins": [-0.0380563847720623, -0.03686712309718132, -0.03567786142230034, -0.03448859602212906, -0.03329933434724808, -0.032110072672367096, -0.030920810997486115, -0.029731549322605133, -0.02854228764772415, -0.02735302597284317, -0.02616376243531704, -0.024974500760436058, -0.023785239085555077, -0.022595975548028946, -0.021406713873147964, -0.020217452198266983, -0.019028188660740852, -0.01783892698585987, -0.01664966344833374, -0.015460401773452759, -0.014271140098571777, -0.013081877492368221, -0.011892614886164665, -0.010703353211283684, -0.009514089673757553, -0.008324827067553997, -0.007135565392673016, -0.0059463027864694595, -0.004757040645927191, -0.003567778505384922, -0.002378515899181366, -0.0011892542243003845, 7.450580596923828e-09, 0.0011892697075381875, 0.002378531964495778, 0.0035677943378686905, 0.004757056478410959, 0.005946318618953228, 0.007135581225156784, 0.008324842900037766, 0.009514104574918747, 0.010703367181122303, 0.011892628856003284, 0.01308189146220684, 0.014271153137087822, 0.015460415743291378, 0.016649678349494934, 0.017838940024375916, 0.019028203561902046, 0.020217465236783028, 0.02140672877430916, 0.02259599044919014, 0.02378525212407112, 0.024974513798952103, 0.026163777336478233, 0.027353039011359215, 0.028542302548885345, 0.029731564223766327, 0.030920827761292458, 0.03211008757352829, 0.03329935297369957, 0.03448861464858055, 0.03567787632346153, 0.036867137998342514, 0.038056399673223495]}, "gradients/fc_hidden.0.bias": {"_type": "histogram", "values": [1.0, 0.0, 0.0, 0.0, 0.0, 1.0, 0.0, 0.0, 0.0, 0.0, 0.0, 0.0, 0.0, 0.0, 0.0, 0.0, 0.0, 0.0, 0.0, 0.0, 0.0, 0.0, 1.0, 1.0, 0.0, 2.0, 1.0, 3.0, 2.0, 3.0, 4.0, 316.0, 1.0, 1.0, 1.0, 4.0, 0.0, 5.0, 2.0, 0.0, 0.0, 0.0, 0.0, 0.0, 0.0, 1.0, 0.0, 1.0, 1.0, 1.0, 1.0, 1.0, 0.0, 0.0, 0.0, 0.0, 0.0, 1.0, 0.0, 0.0, 0.0, 1.0, 1.0, 2.0], "bins": [-0.011811217293143272, -0.011437973938882351, -0.01106473058462143, -0.010691487230360508, -0.010318243876099586, -0.00994500145316124, -0.009571758098900318, -0.009198514744639397, -0.008825271390378475, -0.008452028036117554, -0.008078784681856632, -0.007705541793256998, -0.007332298438996077, -0.006959055084735155, -0.006585812196135521, -0.0062125688418745995, -0.005839325487613678, -0.0054660821333527565, -0.005092838779091835, -0.004719595890492201, -0.004346352536231279, -0.003973109181970358, -0.00359986606054008, -0.0032266229391098022, -0.0028533795848488808, -0.0024801362305879593, -0.0021068931091576815, -0.0017336498713120818, -0.0013604066334664822, -0.0009871633956208825, -0.0006139201577752829, -0.00024067703634500504, 0.00013256724923849106, 0.0005058104870840907, 0.0008790537249296904, 0.00125229696277529, 0.0016255402006208897, 0.001998783554881811, 0.002372026676312089, 0.002745269797742367, 0.0031185131520032883, 0.0034917565062642097, 0.0038649996276944876, 0.004238242749124765, 0.004611486103385687, 0.004984729457646608, 0.0053579723462462425, 0.005731215700507164, 0.0061044590547680855, 0.006477702409029007, 0.0068509457632899284, 0.007224188651889563, 0.007597432006150484, 0.007970674894750118, 0.00834391824901104, 0.008717161603271961, 0.009090404957532883, 0.009463648311793804, 0.009836891666054726, 0.010210135020315647, 0.010583378374576569, 0.010956620797514915, 0.011329864151775837, 0.011703107506036758, 0.01207635086029768]}, "gradients/fc_hidden.0.weight": {"_type": "histogram", "values": [1.0, 0.0, 0.0, 0.0, 1.0, 0.0, 1.0, 0.0, 0.0, 1.0, 0.0, 0.0, 0.0, 0.0, 0.0, 0.0, 0.0, 0.0, 0.0, 0.0, 0.0, 0.0, 0.0, 0.0, 0.0, 0.0, 0.0, 0.0, 0.0, 1.0, 0.0, 0.0, 0.0, 0.0, 0.0, 0.0, 0.0, 0.0, 1.0, 1.0, 3.0, 129549.0, 5.0, 3.0, 1.0, 2.0, 0.0, 2.0, 1.0, 0.0, 2.0, 1.0, 2.0, 1.0, 3.0, 4.0, 5.0, 3.0, 1.0, 1.0, 0.0, 0.0, 1.0, 3.0], "bins": [-0.06612780690193176, -0.0645403042435646, -0.06295280903577805, -0.06136530637741089, -0.05977780371904373, -0.05819030478596687, -0.056602805852890015, -0.05501530319452286, -0.053427804261446, -0.05184030532836914, -0.050252802670001984, -0.048665303736925125, -0.04707780107855797, -0.04549030214548111, -0.04390279948711395, -0.042315300554037094, -0.040727801620960236, -0.03914030268788338, -0.03755280002951622, -0.03596530109643936, -0.034377798438072205, -0.032790299504995346, -0.03120279870927334, -0.02961529791355133, -0.028027795255184174, -0.026440294459462166, -0.024852793663740158, -0.0232652947306633, -0.021677793934941292, -0.020090293139219284, -0.018502792343497276, -0.01691529154777527, -0.01532779261469841, -0.013740291818976402, -0.01215279195457697, -0.010565291158854961, -0.008977791294455528, -0.0073902904987335205, -0.005802789703011513, -0.00421528983861208, -0.0026277899742126465, -0.0010402895277366042, 0.0005472109187394381, 0.002134711481630802, 0.0037222118116915226, 0.005309712141752243, 0.006897212937474251, 0.008484712801873684, 0.010072214528918266, 0.011659715324640274, 0.013247215189039707, 0.014834715984761715, 0.016422215849161148, 0.018009716644883156, 0.019597217440605164, 0.021184716373682022, 0.02277221903204918, 0.024359719827771187, 0.025947220623493195, 0.027534719556570053, 0.02912222035229206, 0.03070972114801407, 0.032297223806381226, 0.033884722739458084, 0.03547222167253494]}, "gradients/fc_input.bias": {"_type": "histogram",