{"graph_0": {"_type": "graph-file", "path": "media/graph/graph_0_summary_256f8578.graph.json", "sha256": "256f857802d2b89372500f8bc5a0c4dfe4aa53b3d25fa1000cbacc0f5db1d469", "size": 868}, "Train Loss": 0.1973683654796332, "Val Loss": 0.29999379929375497, "Train Acc": 91.77083333333333, "Val Acc": 85.60411311053984, "_runtime": 86, "_timestamp": 1617099635, "_step": 49, "gradients/fc_output.bias": {"_type": "histogram", "values": [1.0, 0.0, 0.0, 0.0, 0.0, 0.0, 0.0, 0.0, 0.0, 0.0, 0.0, 0.0, 0.0, 0.0, 0.0, 0.0, 0.0, 0.0, 0.0, 0.0, 0.0, 0.0, 0.0, 0.0, 0.0, 0.0, 0.0, 0.0, 0.0, 0.0, 0.0, 0.0, 0.0, 0.0, 0.0, 0.0, 0.0, 0.0, 0.0, 0.0, 0.0, 0.0, 0.0, 0.0, 0.0, 0.0, 0.0, 0.0, 0.0, 0.0, 0.0, 0.0, 0.0, 0.0, 0.0, 0.0, 0.0, 0.0, 0.0, 0.0, 0.0, 0.0, 0.0, 1.0], "bins": [-0.08126964420080185, -0.07872996479272842, -0.0761902928352356, -0.07365061342716217, -0.07111094146966934, -0.06857126206159592, -0.06603159010410309, -0.06349191069602966, -0.06095223128795624, -0.05841255560517311, -0.055872879922389984, -0.05333320051431656, -0.05079352483153343, -0.048253849148750305, -0.04571417346596718, -0.04317449778318405, -0.040634822100400925, -0.0380951464176178, -0.03555547073483467, -0.033015795052051544, -0.03047611564397812, -0.027936439961194992, -0.025396764278411865, -0.02285708673298359, -0.02031741291284561, -0.017777737230062485, -0.015238059684634209, -0.012698384001851082, -0.01015870738774538, -0.007619030773639679, -0.005079355090856552, -0.002539677545428276, 0.0, 0.002539676381275058, 0.005079352762550116, 0.00761902891099453, 0.010158705525100231, 0.012698382139205933, 0.01523805782198906, 0.017777735367417336, 0.02031741291284561, 0.02285708859562874, 0.025396766141057014, 0.02793644182384014, 0.030476119369268417, 0.033015795052051544, 0.03555547073483467, 0.0380951464176178, 0.040634822100400925, 0.04317449778318405, 0.04571417346596718, 0.048253849148750305, 0.05079352855682373, 0.05333320423960686, 0.055872879922389984, 0.05841255933046341, 0.06095223128795624, 0.06349191069602966, 0.06603158265352249, 0.06857126206159592, 0.07111093401908875, 0.07365061342716217, 0.0761902928352356, 0.07872996479272842, 0.08126964420080185]}, "gradients/fc_output.weight": {"_type": "histogram", "values": [1.0, 0.0, 0.0, 0.0, 0.0, 0.0, 1.0, 0.0, 2.0, 0.0, 0.0, 1.0, 0.0, 3.0, 1.0, 1.0, 1.0, 3.0, 8.0, 6.0, 1.0, 5.0, 6.0, 3.0, 7.0, 5.0, 9.0, 1.0, 2.0, 1.0, 1.0, 36.0, 546.0, 1.0, 1.0, 2.0, 1.0, 9.0, 5.0, 7.0, 3.0, 6.0, 5.0, 1.0, 6.0, 8.0, 3.0, 1.0, 1.0, 1.0, 3.0, 0.0, 1.0, 0.0, 0.0, 2.0, 0.0, 1.0, 0.0, 0.0, 0.0, 0.0, 0.0, 1.0], "bins": [-0.031023673713207245, -0.030054183676838875, -0.029084693640470505, -0.028115203604102135, -0.027145713567733765, -0.026176225394010544, -0.025206735357642174, -0.024237245321273804, -0.023267755284905434, -0.022298265248537064, -0.021328775212168694, -0.020359285175800323, -0.019389797002077103, -0.018420305103063583, -0.017450816929340363, -0.016481326892971992, -0.015511836856603622, -0.014542346820235252, -0.013572856783866882, -0.012603367678821087, -0.011633877642452717, -0.010664387606084347, -0.009694898501038551, -0.008725408464670181, -0.007755918428301811, -0.006786428391933441, -0.005816938821226358, -0.004847449250519276, -0.0038779592141509056, -0.0029084691777825356, -0.0019389796070754528, -0.0009694900363683701, 0.0, 0.0009694898035377264, 0.0019389796070754528, 0.002908469410613179, 0.0038779592141509056, 0.004847449250519276, 0.005816938821226358, 0.006786428391933441, 0.007755918428301811, 0.008725408464670181, 0.009694898501038551, 0.010664387606084347, 0.011633877642452717, 0.012603367678821087, 0.013572856783866882, 0.014542346820235252, 0.015511836856603622, 0.016481326892971992, 0.017450816929340363, 0.018420306965708733, 0.019389797002077103, 0.020359285175800323, 0.021328775212168694, 0.022298265248537064, 0.023267755284905434, 0.024237245321273804, 0.025206735357642174, 0.026176225394010544, 0.027145713567733765, 0.028115205466747284, 0.029084693640470505, 0.030054183676838875, 0.031023673713207245]}, "gradients/fc_hidden.0.bias": {"_type": "histogram", "values": [1.0, 0.0, 0.0, 0.0, 0.0, 0.0, 1.0, 0.0, 1.0, 1.0, 0.0, 1.0, 0.0, 0.0, 0.0, 1.0, 1.0, 0.0, 1.0, 0.0, 1.0, 0.0, 0.0, 1.0, 2.0, 2.0, 5.0, 3.0, 1.0, 4.0, 0.0, 1.0, 2.0, 1.0, 9.0, 282.0, 0.0, 2.0, 1.0, 5.0, 3.0, 1.0, 5.0, 3.0, 3.0, 3.0, 1.0, 3.0, 2.0, 1.0, 3.0, 0.0, 1.0, 0.0, 0.0, 0.0, 0.0, 0.0, 0.0, 0.0, 0.0, 0.0, 0.0, 1.0], "bins": [-0.08021771907806396, -0.07793150097131729, -0.07564529031515121, -0.07335907220840454, -0.07107286155223846, -0.06878664344549179, -0.06650043278932571, -0.06421421468257904, -0.061928000301122665, -0.05964178591966629, -0.057355571538209915, -0.05506935715675354, -0.052783139050006866, -0.05049692839384079, -0.048210710287094116, -0.04592449590563774, -0.043638281524181366, -0.04135206714272499, -0.039065852761268616, -0.03677963837981224, -0.034493423998355865, -0.03220720589160919, -0.029920991510152817, -0.02763477712869644, -0.025348562747240067, -0.02306234836578369, -0.020776133984327316, -0.018489917740225792, -0.016203703358769417, -0.013917488977313042, -0.011631273664534092, -0.009345058351755142, -0.007058843970298767, -0.004772629123181105, -0.0024864142760634422, -0.0002001994289457798, 0.0020860154181718826, 0.004372229799628258, 0.0066584451124072075, 0.008944660425186157, 0.011230874806642532, 0.013517089188098907, 0.015803303569555283, 0.018089519813656807, 0.020375734195113182, 0.022661948576569557, 0.02494816482067108, 0.027234379202127457, 0.029520593583583832, 0.03180680796504021, 0.03409302234649658, 0.03637923672795296, 0.03866545110940933, 0.040951669216156006, 0.04323788359761238, 0.045524097979068756, 0.04781031236052513, 0.050096526741981506, 0.05238274112343788, 0.05466895550489426, 0.05695517361164093, 0.05924138426780701, 0.06152760237455368, 0.06381382048130035, 0.06610003113746643]}, "gradients/fc_hidden.0.weight": {"_type": "histogram", "values": [1.0, 0.0, 0.0, 0.0, 0.0, 0.0, 1.0, 0.0, 2.0, 0.0, 0.0, 1.0, 0.0, 0.0, 1.0, 0.0, 1.0, 0.0, 1.0, 0.0, 1.0, 0.0, 1.0, 0.0, 2.0, 5.0, 3.0, 3.0, 1.0, 3.0, 0.0, 1.0, 2.0, 4.0, 129525.0, 3.0, 0.0, 2.0, 1.0, 1.0, 4.0, 3.0, 3.0, 3.0, 3.0, 3.0, 4.0, 2.0, 3.0, 1.0, 3.0, 1.0, 0.0, 0.0, 0.0, 0.0, 0.0, 0.0, 0.0, 0.0, 0.0, 0.0, 0.0, 1.0], "bins": [-0.07735510170459747, -0.07514375448226929, -0.0729323998093605, -0.07072105258703232, -0.06850969791412354, -0.06629835069179535, -0.06408700346946716, -0.06187565252184868, -0.059664301574230194, -0.05745295062661171, -0.055241599678993225, -0.05303025245666504, -0.050818901509046555, -0.04860755056142807, -0.046396203339099884, -0.0441848523914814, -0.041973501443862915, -0.03976215049624443, -0.037550799548625946, -0.03533945232629776, -0.033128101378679276, -0.03091675043106079, -0.028705401346087456, -0.02649405226111412, -0.024282701313495636, -0.02207135036587715, -0.019860001280903816, -0.01764865219593048, -0.015437301248311996, -0.013225951232016087, -0.011014601215720177, -0.008803251199424267, -0.006591901183128357, -0.004380551166832447, -0.002169201150536537, 4.214886575937271e-05, 0.0022534988820552826, 0.0044648488983511925, 0.006676198914647102, 0.008887548930943012, 0.011098898947238922, 0.013310248963534832, 0.015521598979830742, 0.017732948064804077, 0.01994429901242256, 0.022155649960041046, 0.02436699904501438, 0.026578348129987717, 0.0287896990776062, 0.031001050025224686, 0.03321240097284317, 0.035423748195171356, 0.03763509914278984, 0.039846450090408325, 0.04205779731273651, 0.044269148260354996, 0.04648049920797348, 0.048691850155591965, 0.05090320110321045, 0.053114548325538635, 0.05532589927315712, 0.057537250220775604, 0.05974859744310379, 0.061959948390722275, 0.06417129933834076]}, "gradients/fc_input.bias": {"_type": "histogram",