{"graph_0": {"_type": "graph-file", "path": "media/graph/graph_0_summary_b018e66e.graph.json", "sha256": "b018e66e6d533e29ecda214bd2327c5691cc6f502e2bcb231b6632afc5b1d25f", "size": 1026}, "Train Loss": 0.6376571469008923, "Val Loss": 0.6371460936216585, "Train Acc": 66.72916666666667, "Val Acc": 66.58097686375321, "_runtime": 72, "_timestamp": 1617035651, "_step": 21, "gradients/fc_output.bias": {"_type": "histogram", "values": [1.0, 0.0, 0.0, 0.0, 0.0, 0.0, 0.0, 0.0, 0.0, 0.0, 0.0, 0.0, 0.0, 0.0, 0.0, 0.0, 0.0, 0.0, 0.0, 0.0, 0.0, 0.0, 0.0, 0.0, 0.0, 0.0, 0.0, 0.0, 0.0, 0.0, 0.0, 0.0, 0.0, 0.0, 0.0, 0.0, 0.0, 0.0, 0.0, 0.0, 0.0, 0.0, 0.0, 0.0, 0.0, 0.0, 0.0, 0.0, 0.0, 0.0, 0.0, 0.0, 0.0, 0.0, 0.0, 0.0, 0.0, 0.0, 0.0, 0.0, 0.0, 0.0, 0.0, 1.0], "bins": [-0.05012577027082443, -0.048559341579675674, -0.04699290916323662, -0.04542648047208786, -0.043860048055648804, -0.042293619364500046, -0.04072719067335129, -0.03916075825691223, -0.037594329565763474, -0.036027900874614716, -0.03446146845817566, -0.0328950397670269, -0.03132861107587814, -0.029762178659439087, -0.02819574996829033, -0.026629319414496422, -0.025062888860702515, -0.023496458306908607, -0.0219300277531147, -0.020363599061965942, -0.018797168508172035, -0.017230737954378128, -0.01566430926322937, -0.014097878709435463, -0.012531448155641556, -0.010965017601847649, -0.009398587979376316, -0.007832158356904984, -0.006265727803111076, -0.004699297249317169, -0.0031328676268458366, -0.001566438004374504, -1.1175870895385742e-08, 0.0015664189122617245, 0.0031328490003943443, 0.004699279088526964, 0.006265709176659584, 0.007832139730453491, 0.009398569352924824, 0.010964998975396156, 0.012531429529190063, 0.01409786008298397, 0.015664290636777878, 0.017230719327926636, 0.018797149881720543, 0.02036358043551445, 0.021930009126663208, 0.023496439680457115, 0.025062870234251022, 0.02662930078804493, 0.028195731341838837, 0.029762160032987595, 0.03132858872413635, 0.03289502114057541, 0.03446144983172417, 0.036027878522872925, 0.03759431093931198, 0.03916073963046074, 0.040727172046899796, 0.04229360073804855, 0.04386003315448761, 0.04542646184563637, 0.046992890536785126, 0.04855932295322418, 0.05012575164437294]}, "gradients/fc_output.weight": {"_type": "histogram", "values": [1.0, 0.0, 0.0, 0.0, 0.0, 0.0, 0.0, 0.0, 0.0, 0.0, 0.0, 0.0, 0.0, 1.0, 1.0, 0.0, 0.0, 1.0, 1.0, 0.0, 1.0, 2.0, 0.0, 1.0, 0.0, 1.0, 3.0, 1.0, 2.0, 2.0, 3.0, 21.0, 657.0, 3.0, 2.0, 2.0, 1.0, 3.0, 1.0, 0.0, 1.0, 0.0, 2.0, 1.0, 0.0, 1.0, 1.0, 0.0, 0.0, 1.0, 1.0, 0.0, 0.0, 0.0, 0.0, 0.0, 0.0, 0.0, 0.0, 0.0, 0.0, 0.0, 0.0, 1.0], "bins": [-0.041770290583372116, -0.040464967489242554, -0.03915964812040329, -0.03785432502627373, -0.036549005657434464, -0.0352436825633049, -0.03393836319446564, -0.032633040100336075, -0.03132771700620651, -0.0300223957747221, -0.028717074543237686, -0.027411751449108124, -0.02610643021762371, -0.024801108986139297, -0.023495787754654884, -0.02219046652317047, -0.020885145291686058, -0.019579824060201645, -0.018274502828717232, -0.01696918159723282, -0.015663858503103256, -0.014358537271618843, -0.01305321604013443, -0.011747893877327442, -0.010442573577165604, -0.00913725234568119, -0.007831930182874203, -0.00652660895138979, -0.005221287254244089, -0.003915965557098389, -0.0026106443256139755, -0.0013053221628069878, 0.0, 0.0013053215807303786, 0.0026106431614607573, 0.003915964625775814, 0.0052212863229215145, 0.006526608020067215, 0.007831929251551628, 0.009137251414358616, 0.010442573577165604, 0.011747894808650017, 0.013053216971457005, 0.014358538202941418, 0.015663860365748405, 0.01696918159723282, 0.018274502828717232, 0.019579824060201645, 0.020885145291686058, 0.02219046652317047, 0.023495787754654884, 0.024801108986139297, 0.02610643208026886, 0.027411753311753273, 0.028717074543237686, 0.03002239763736725, 0.03132771700620651, 0.032633040100336075, 0.03393835946917534, 0.0352436825633049, 0.036549001932144165, 0.03785432502627373, 0.03915964812040329, 0.040464967489242554, 0.041770290583372116]}, "gradients/fc_hidden.0.bias": {"_type": "histogram", "values": [1.0, 0.0, 0.0, 0.0, 0.0, 0.0, 0.0, 0.0, 0.0, 0.0, 0.0, 0.0, 0.0, 0.0, 0.0, 0.0, 0.0, 0.0, 0.0, 0.0, 0.0, 0.0, 0.0, 0.0, 0.0, 0.0, 1.0, 1.0, 0.0, 0.0, 0.0, 0.0, 1.0, 0.0, 1.0, 0.0, 0.0, 1.0, 1.0, 0.0, 0.0, 0.0, 3.0, 1.0, 1.0, 0.0, 2.0, 0.0, 1.0, 0.0, 0.0, 1.0, 6.0, 332.0, 2.0, 1.0, 1.0, 0.0, 1.0, 0.0, 0.0, 0.0, 0.0, 1.0], "bins": [-0.030702786520123482, -0.030124887824058533, -0.029546989127993584, -0.028969090431928635, -0.028391189873218536, -0.027813291177153587, -0.02723539248108864, -0.02665749378502369, -0.02607959508895874, -0.02550169639289379, -0.024923797696828842, -0.024345899000763893, -0.023768000304698944, -0.023190099745988846, -0.022612201049923897, -0.022034302353858948, -0.021456403657794, -0.02087850496172905, -0.0203006062656641, -0.01972270756959915, -0.019144807010889053, -0.018566908314824104, -0.017989009618759155, -0.017411110922694206, -0.016833212226629257, -0.016255313530564308, -0.01567741483449936, -0.015099515207111835, -0.014521616511046886, -0.013943717814981937, -0.013365818187594414, -0.012787919491529465, -0.01221002172678709, -0.011632123030722141, -0.011054223403334618, -0.010476324707269669, -0.00989842601120472, -0.00932052731513977, -0.008742628619074821, -0.008164728991687298, -0.007586830295622349, -0.0070089315995574, -0.006431032437831163, -0.005853133276104927, -0.005275234580039978, -0.004697335883975029, -0.004119436722248793, -0.0035415375605225563, -0.0029636388644576073, -0.0023857399355620146, -0.0018078410066664219, -0.0012299420777708292, -0.0006520431488752365, -7.414421997964382e-05, 0.0005037547089159489, 0.0010816538706421852, 0.0016595525667071342, 0.002237451495602727, 0.0028153504244983196, 0.0033932493533939123, 0.003971148282289505, 0.004549046978354454, 0.00512694614008069, 0.005704845301806927, 0.006282743997871876]}, "gradients/fc_hidden.0.weight": {"_type": "histogram", "values": [0.0, 0.0, 0.0, 0.0, 0.0, 0.0, 0.0, 0.0, 0.0, 0.0, 0.0, 0.0, 0.0, 0.0, 0.0, 0.0, 0.0, 0.0, 0.0, 0.0, 0.0, 0.0, 0.0, 0.0, 0.0, 0.0, 0.0, 0.0, 0.0, 0.0, 0.0, 0.0, 129600.0, 0.0, 0.0, 0.0, 0.0, 0.0, 0.0, 0.0, 0.0, 0.0, 0.0, 0.0, 0.0, 0.0, 0.0, 0.0, 0.0, 0.0, 0.0, 0.0, 0.0, 0.0, 0.0, 0.0, 0.0, 0.0, 0.0, 0.0, 0.0, 0.0, 0.0, 0.0], "bins": [0.0, 0.0, 0.0, 0.0, 0.0, 0.0, 0.0, 0.0, 0.0, 0.0, 0.0, 0.0, 0.0, 0.0, 0.0, 0.0, 0.0, 0.0, 0.0, 0.0, 0.0, 0.0, 0.0, 0.0, 0.0, 0.0, 0.0, 0.0, 0.0, 0.0, 0.0, 0.0, 0.0, 0.0, 0.0, 0.0, 0.0, 0.0, 0.0, 0.0, 0.0, 0.0, 0.0, 0.0, 0.0, 0.0, 0.0, 0.0, 0.0, 0.0, 0.0, 0.0, 0.0, 0.0, 0.0, 0.0, 0.0, 0.0, 0.0, 0.0, 0.0, 0.0, 0.0, 0.0, 0.0]}, "gradients/fc_input.bias": {"_type": "histogram", "values": [0.0, 0.0, 0.0, 0.0, 0.0, 0.0, 0.0, 0.0, 0.0, 0.0, 0.0, 0.0, 0.0, 0.0, 0.0, 0.0, 0.0, 0.0, 0.0, 0.0, 0.0, 0.0, 0.0, 0.0, 0.0, 0.0, 0.0, 0.0, 0.0, 0.0, 0.0, 0.0, 360.0, 0.0, 0.0, 0.0, 0.0, 0.0, 0.0, 0.0, 0.0, 0.0, 0.0, 0.0, 0.0, 0.0, 0.0, 0.0, 0.0, 0.0, 0.0, 0.0, 0.0, 0.0, 0.0, 0.0, 0.0, 0.0, 0.0, 0.0, 0.0, 0.0, 0.0, 0.0], "bins": [0.0, 0.0, 0.0, 0.0, 0.0, 0.0, 0.0, 0.0, 0.0, 0.0, 0.0, 0.0, 0.0, 0.0, 0.0, 0.0, 0.0, 0.0, 0.0, 0.0, 0.0, 0.0, 0.0, 0.0, 0.0, 0.0, 0.0, 0.0, 0.0, 0.0, 0.0, 0.0, 0.0, 0.0, 0.0, 0.0, 0.0, 0.0, 0.0, 0.0, 0.0, 0.0, 0.0, 0.0, 0.0, 0.0, 0.0, 0.0, 0.0, 0.0, 0.0, 0.0, 0.0, 0.0, 0.0, 0.0, 0.0, 0.0, 0.0, 0.0, 0.0, 0.0, 0.0, 0.0, 0.0]}, "gradients/fc_input.weight": {"_type": "histogram", "values": [0.0, 0.0, 0.0, 0.0, 0.0, 0.0, 0.0, 0.0, 0.0, 0.0, 0.0, 0.0, 0.0, 0.0, 0.0, 0.0, 0.0, 0.0, 0.0, 0.0, 0.0, 0.0, 0.0, 0.0, 0.0, 0.0, 0.0, 0.0, 0.0, 0.0, 0.0, 0.0, 129600.0, 0.0, 0.0, 0.0, 0.0, 0.0, 0.0, 0.0, 0.0, 0.0, 0.0, 0.0, 0.0, 0.0, 0.0, 0.0, 0.0, 0.0, 0.0, 0.0, 0.0, 0.0, 0.0, 0.0, 0.0, 0.0, 0.0, 0.0, 0.0, 0.0, 0.0, 0.0],