{"graph_0": {"_type": "graph-file", "path": "media/graph/graph_0_summary_6ec49c7f.graph.json", "sha256": "6ec49c7f298482b68cb48caace82295c8fff55f27b9220fb26375941045886fe", "size": 868}, "Train Loss": 0.5455925853716003, "Val Loss": 0.5911577853063742, "Train Acc": 73.66666666666667, "Val Acc": 70.75, "_runtime": 81, "_timestamp": 1617380819, "_step": 49, "gradients/fc_output.bias": {"_type": "histogram", "values": [1.0, 0.0, 0.0, 0.0, 0.0, 0.0, 0.0, 0.0, 0.0, 0.0, 0.0, 0.0, 0.0, 0.0, 0.0, 0.0, 0.0, 0.0, 0.0, 0.0, 0.0, 0.0, 0.0, 0.0, 0.0, 0.0, 0.0, 0.0, 0.0, 0.0, 0.0, 0.0, 0.0, 0.0, 0.0, 0.0, 0.0, 0.0, 0.0, 0.0, 0.0, 0.0, 0.0, 0.0, 0.0, 0.0, 0.0, 0.0, 0.0, 0.0, 0.0, 0.0, 0.0, 0.0, 0.0, 0.0, 0.0, 0.0, 0.0, 0.0, 0.0, 0.0, 0.0, 1.0], "bins": [-0.0681813508272171, -0.066050685942173, -0.06392001360654831, -0.06178934872150421, -0.059658683836460114, -0.05752801522612572, -0.05539734661579132, -0.05326668173074722, -0.05113601312041283, -0.04900534451007843, -0.04687467962503433, -0.044744011014699936, -0.04261334240436554, -0.04048267751932144, -0.038352008908987045, -0.03622134029865265, -0.03409067541360855, -0.031960006803274155, -0.029829341918230057, -0.02769867330789566, -0.025568006560206413, -0.023437339812517166, -0.02130667120218277, -0.019176004454493523, -0.017045337706804276, -0.014914670959115028, -0.012784003280103207, -0.010653335601091385, -0.008522668853402138, -0.006392002105712891, -0.004261334426701069, -0.002130666747689247, -7.450580596923828e-09, 0.0021306597627699375, 0.004261326976120472, 0.006391994189471006, 0.00852266140282154, 0.010653328150510788, 0.01278399582952261, 0.014914663508534431, 0.01704533025622368, 0.019175997003912926, 0.021306663751602173, 0.02343733236193657, 0.025567999109625816, 0.027698665857315063, 0.02982933446764946, 0.031960003077983856, 0.034090667963027954, 0.03622133657336235, 0.03835200145840645, 0.040482670068740845, 0.04261333495378494, 0.04474400356411934, 0.046874672174453735, 0.04900533705949783, 0.05113600566983223, 0.053266674280166626, 0.055397339165210724, 0.05752800777554512, 0.05965867638587952, 0.061789341270923615, 0.06392000615596771, 0.06605067849159241, 0.0681813433766365]}, "gradients/fc_output.weight": {"_type": "histogram", "values": [1.0, 1.0, 0.0, 1.0, 1.0, 0.0, 1.0, 0.0, 1.0, 1.0, 0.0, 0.0, 1.0, 1.0, 4.0, 0.0, 2.0, 4.0, 8.0, 3.0, 3.0, 2.0, 3.0, 4.0, 4.0, 4.0, 1.0, 2.0, 5.0, 8.0, 8.0, 11.0, 561.0, 8.0, 8.0, 5.0, 2.0, 1.0, 4.0, 4.0, 4.0, 3.0, 2.0, 3.0, 3.0, 8.0, 4.0, 2.0, 0.0, 4.0, 1.0, 1.0, 0.0, 0.0, 1.0, 1.0, 0.0, 1.0, 0.0, 1.0, 1.0, 0.0, 1.0, 1.0], "bins": [-0.020605912432074547, -0.019961977377533913, -0.01931804232299328, -0.018674109131097794, -0.01803017407655716, -0.017386239022016525, -0.01674230396747589, -0.016098368912935257, -0.015454433858394623, -0.014810498803853989, -0.014166564680635929, -0.013522629626095295, -0.01287869457155466, -0.012234760448336601, -0.011590825393795967, -0.010946890339255333, -0.010302956216037273, -0.00965902116149664, -0.00901508703827858, -0.008371151983737946, -0.007727216929197311, -0.0070832823403179646, -0.006439347751438618, -0.0057954126968979836, -0.005151478573679924, -0.004507543984800577, -0.003863608930259943, -0.003219674341380596, -0.0025757395196706057, -0.0019318046979606152, -0.0012878701090812683, -0.0006439350545406342, 0.0, 0.0006439347635023296, 0.0012878695270046592, 0.0019318042322993279, 0.0025757390540093184, 0.003219673875719309, 0.0038636084645986557, 0.00450754351913929, 0.005151478573679924, 0.005795413162559271, 0.006439348217099905, 0.007083282805979252, 0.007727217860519886, 0.008371151983737946, 0.00901508703827858, 0.009659022092819214, 0.010302956216037273, 0.010946891270577908, 0.011590825393795967, 0.012234760448336601, 0.012878695502877235, 0.01352263055741787, 0.014166564680635929, 0.014810499735176563, 0.015454433858394623, 0.016098368912935257, 0.01674230396747589, 0.017386239022016525, 0.01803017221391201, 0.018674107268452644, 0.01931804232299328, 0.019961977377533913, 0.020605912432074547]}, "gradients/fc_hidden.0.bias": {"_type": "histogram", "values": [1.0, 0.0, 1.0, 0.0, 0.0, 0.0, 0.0, 0.0, 1.0, 0.0, 0.0, 0.0, 0.0, 0.0, 0.0, 0.0, 1.0, 0.0, 1.0, 0.0, 3.0, 0.0, 5.0, 284.0, 3.0, 2.0, 2.0, 4.0, 2.0, 5.0, 1.0, 3.0, 1.0, 1.0, 0.0, 2.0, 1.0, 1.0, 1.0, 5.0, 1.0, 2.0, 2.0, 5.0, 1.0, 3.0, 1.0, 1.0, 3.0, 0.0, 2.0, 1.0, 1.0, 0.0, 0.0, 1.0, 1.0, 1.0, 0.0, 0.0, 0.0, 2.0, 0.0, 1.0], "bins": [-0.005073453299701214, -0.004856541752815247, -0.004639629740267992, -0.004422718193382025, -0.00420580618083477, -0.003988894633948803, -0.003771982854232192, -0.003555071074515581, -0.003338159527629614, -0.003121247747913003, -0.002904335968196392, -0.002687424421310425, -0.002470512641593814, -0.002253600861877203, -0.002036689082160592, -0.001819777418859303, -0.0016028655227273703, -0.0013859537430107594, -0.0011690420797094703, -0.0009521302999928594, -0.0007352185784839094, -0.0005183068569749594, -0.00030139507725834846, -8.448341395705938e-05, 0.00013242848217487335, 0.00034934020368382335, 0.0005662519251927733, 0.0007831637049093843, 0.0010000753682106733, 0.0012169871479272842, 0.0014338989276438951, 0.0016508105909451842, 0.0018677222542464733, 0.0020846340339630842, 0.002301545813679695, 0.0025184573605656624, 0.0027353691402822733, 0.002952280919998884, 0.003169192699715495, 0.003386104479432106, 0.0036030160263180733, 0.003819927806034684, 0.004036839585751295, 0.004253751132637262, 0.004470663145184517, 0.004687574692070484, 0.004904486238956451, 0.005121398251503706, 0.0053383102640509605, 0.005555221810936928, 0.005772133823484182, 0.00598904537037015, 0.006205957382917404, 0.006422868929803371, 0.006639780476689339, 0.006856692489236593, 0.0070736040361225605, 0.007290515583008528, 0.007507427595555782, 0.00772433914244175, 0.007941250689327717, 0.008158162236213684, 0.008375074714422226, 0.008591986261308193, 0.00880889780819416]}, "gradients/fc_hidden.0.weight": {"_type": "histogram", "values": [2.0, 0.0, 2.0, 1.0, 1.0, 0.0, 0.0, 0.0, 2.0, 1.0, 0.0, 0.0, 0.0, 0.0, 0.0, 2.0, 1.0, 0.0, 3.0, 0.0, 9.0, 0.0, 15.0, 129372.0, 9.0, 8.0, 7.0, 10.0, 9.0, 12.0, 7.0, 5.0, 3.0, 3.0, 3.0, 3.0, 4.0, 5.0, 5.0, 13.0, 4.0, 11.0, 5.0, 11.0, 3.0, 8.0, 3.0, 6.0, 5.0, 3.0, 2.0, 2.0, 3.0, 2.0, 0.0, 2.0, 2.0, 4.0, 0.0, 1.0, 0.0, 4.0, 0.0, 2.0], "bins": [-0.005716572515666485, -0.00547216460108757, -0.0052277566865086555, -0.004983348771929741, -0.004738940857350826, -0.004494532942771912, -0.004250125493854284, -0.00400571757927537, -0.003761309664696455, -0.0035169017501175404, -0.0032724938355386257, -0.0030280861537903547, -0.00278367823921144, -0.0025392703246325254, -0.0022948626428842545, -0.00205045472830534, -0.0018060468137264252, -0.0015616388991475105, -0.0013172311009839177, -0.001072823302820325, -0.0008284153882414103, -0.0005840074736624956, -0.0003395996754989028, -9.519187733530998e-05, 0.00014921603724360466, 0.0003936238936148584, 0.0006380317499861121, 0.0008824396063573658, 0.0011268474627286196, 0.0013712553773075342, 0.001615663175471127, 0.0018600709736347198, 0.002104479819536209, 0.0023488877341151237, 0.0025932956486940384, 0.0028377033304423094, 0.003082111245021224, 0.0033265191596001387, 0.0035709268413484097, 0.0038153347559273243, 0.004059742670506239, 0.004304150585085154, 0.004548558499664068, 0.004792966414242983, 0.00503737386316061, 0.005281781777739525, 0.0055261896923184395, 0.005770597606897354, 0.006015005521476269, 0.006259413436055183, 0.006503821350634098, 0.006748229265213013, 0.006992637179791927, 0.007237045094370842, 0.007481452543288469, 0.007725860457867384, 0.007970267906785011, 0.008214675821363926, 0.00845908373594284, 0.008703491650521755, 0.00894789956510067, 0.009192307479679585, 0.0094367153942585, 0.00968112237751484, 0.009925531223416328]}, "gradients/fc_input.bias": {"_type": "histogram",