{"graph_0": {"_type": "graph-file", "path": "media/graph/graph_0_summary_49a31737.graph.json", "sha256": "49a3173794dc74539f25c01847a4879bfcc29142ed7eab51ccbe0c44f640305a", "size": 868}, "Train Loss": 0.28157708669702214, "Val Loss": 0.21874173916876316, "Train Acc": 87.33333333333333, "Val Acc": 91.20833333333333, "_runtime": 71, "_timestamp": 1617137642, "_step": 49, "gradients/fc_output.bias": {"_type": "histogram", "values": [1.0, 0.0, 0.0, 0.0, 0.0, 0.0, 0.0, 0.0, 0.0, 0.0, 0.0, 0.0, 0.0, 0.0, 0.0, 0.0, 0.0, 0.0, 0.0, 0.0, 0.0, 0.0, 0.0, 0.0, 0.0, 0.0, 0.0, 0.0, 0.0, 0.0, 0.0, 0.0, 0.0, 0.0, 0.0, 0.0, 0.0, 0.0, 0.0, 0.0, 0.0, 0.0, 0.0, 0.0, 0.0, 0.0, 0.0, 0.0, 0.0, 0.0, 0.0, 0.0, 0.0, 0.0, 0.0, 0.0, 0.0, 0.0, 0.0, 0.0, 0.0, 0.0, 0.0, 1.0], "bins": [-0.1131955236196518, -0.10965816676616669, -0.10612080246210098, -0.10258344560861588, -0.09904608130455017, -0.09550872445106506, -0.09197136014699936, -0.08843400329351425, -0.08489663898944855, -0.08135928213596344, -0.07782191783189774, -0.07428456097841263, -0.07074719667434692, -0.06720983982086182, -0.06367247551679611, -0.060135118663311005, -0.0565977580845356, -0.05306039750576019, -0.04952303692698479, -0.04598567634820938, -0.042448315769433975, -0.03891095519065857, -0.03537359833717346, -0.03183623403310776, -0.02829887717962265, -0.024761516600847244, -0.02122415602207184, -0.017686795443296432, -0.014149435795843601, -0.01061207614839077, -0.007074715569615364, -0.003537354990839958, 7.450580596923828e-09, 0.003537367796525359, 0.007074728142470121, 0.01061208825558424, 0.014149448834359646, 0.017686808481812477, 0.021224169060587883, 0.02476152963936329, 0.028298892080783844, 0.03183625265955925, 0.035373613238334656, 0.03891097381711006, 0.04244833439588547, 0.045985691249370575, 0.04952305555343628, 0.05306041240692139, 0.05659777298569679, 0.0601351335644722, 0.0636724904179573, 0.06720985472202301, 0.07074721157550812, 0.07428457587957382, 0.07782193273305893, 0.08135929703712463, 0.08489665389060974, 0.08843401074409485, 0.09197137504816055, 0.09550873190164566, 0.09904609620571136, 0.10258345305919647, 0.10612081736326218, 0.10965817421674728, 0.11319553852081299]}, "gradients/fc_output.weight": {"_type": "histogram", "values": [2.0, 2.0, 0.0, 2.0, 1.0, 1.0, 5.0, 8.0, 6.0, 7.0, 8.0, 6.0, 5.0, 7.0, 3.0, 14.0, 14.0, 14.0, 10.0, 12.0, 16.0, 12.0, 8.0, 8.0, 5.0, 6.0, 3.0, 0.0, 2.0, 0.0, 0.0, 7.0, 339.0, 0.0, 0.0, 2.0, 0.0, 3.0, 6.0, 5.0, 8.0, 8.0, 12.0, 16.0, 12.0, 10.0, 14.0, 14.0, 14.0, 3.0, 7.0, 5.0, 6.0, 8.0, 7.0, 6.0, 8.0, 5.0, 1.0, 1.0, 2.0, 0.0, 2.0, 2.0], "bins": [-0.03692491352558136, -0.03577100858092308, -0.0346171073615551, -0.03346320241689682, -0.03230930119752884, -0.03115539625287056, -0.03000149130821228, -0.02884758822619915, -0.02769368514418602, -0.02653978206217289, -0.02538587898015976, -0.02423197403550148, -0.02307807095348835, -0.02192416787147522, -0.02077026292681694, -0.01961635984480381, -0.01846245676279068, -0.01730855368077755, -0.01615465059876442, -0.01500074565410614, -0.01384684257209301, -0.01269293949007988, -0.011539035476744175, -0.01038513146340847, -0.00923122838139534, -0.00807732529938221, -0.006923421286046505, -0.0057695177383720875, -0.00461561419069767, -0.0034617106430232525, -0.002307807095348835, -0.0011539030820131302, 3.725290298461914e-09, 0.001153907272964716, 0.0023078108206391335, 0.003461714368313551, 0.0046156179159879684, 0.005769521463662386, 0.0069234250113368034, 0.008077329024672508, 0.009231232106685638, 0.010385135188698769, 0.011539039202034473, 0.012692943215370178, 0.013846846297383308, 0.015000749379396439, 0.016154654324054718, 0.017308557406067848, 0.01846246048808098, 0.01961636357009411, 0.02077026665210724, 0.021924171596765518, 0.02307807467877865, 0.02423197776079178, 0.025385882705450058, 0.026539785787463188, 0.02769368886947632, 0.02884759195148945, 0.03000149503350258, 0.031155399978160858, 0.03230930119752884, 0.03346320614218712, 0.0346171110868454, 0.03577101230621338, 0.03692491725087166]}, "gradients/fc_hidden.0.bias": {"_type": "histogram", "values": [1.0, 0.0, 0.0, 0.0, 0.0, 1.0, 2.0, 1.0, 2.0, 1.0, 3.0, 3.0, 4.0, 4.0, 6.0, 5.0, 5.0, 2.0, 6.0, 3.0, 10.0, 3.0, 2.0, 5.0, 3.0, 5.0, 2.0, 6.0, 2.0, 3.0, 2.0, 1.0, 1.0, 1.0, 1.0, 2.0, 4.0, 168.0, 0.0, 0.0, 0.0, 0.0, 0.0, 0.0, 1.0, 0.0, 2.0, 1.0, 3.0, 4.0, 5.0, 3.0, 4.0, 8.0, 8.0, 11.0, 9.0, 11.0, 6.0, 4.0, 3.0, 2.0, 2.0, 3.0], "bins": [-0.030990850180387497, -0.030159978196024895, -0.029329106211662292, -0.02849823422729969, -0.027667362242937088, -0.026836490258574486, -0.026005618274211884, -0.02517474628984928, -0.02434387430548668, -0.023513002321124077, -0.022682130336761475, -0.021851258352398872, -0.02102038636803627, -0.020189514383673668, -0.019358642399311066, -0.018527770414948463, -0.01769689843058586, -0.01686602644622326, -0.016035154461860657, -0.015204282477498055, -0.014373410493135452, -0.01354253850877285, -0.012711666524410248, -0.011880794540047646, -0.011049922555685043, -0.010219050571322441, -0.009388178586959839, -0.008557306602597237, -0.007726434618234634, -0.006895562633872032, -0.00606469064950943, -0.005233818665146828, -0.0044029466807842255, -0.0035720746964216232, -0.002741202712059021, -0.0019103307276964188, -0.0010794587433338165, -0.0002485867589712143, 0.0005822852253913879, 0.0014131572097539902, 0.0022440291941165924, 0.0030749011784791946, 0.003905773162841797, 0.004736645147204399, 0.005567517131567001, 0.006398389115929604, 0.007229261100292206, 0.008060133084654808, 0.00889100506901741, 0.009721877053380013, 0.010552749037742615, 0.011383621022105217, 0.01221449300646782, 0.013045364990830421, 0.013876236975193024, 0.014707108959555626, 0.015537980943918228, 0.01636885292828083, 0.017199724912643433, 0.018030596897006035, 0.018861468881368637, 0.01969234086573124, 0.02052321285009384, 0.021354084834456444, 0.022184956818819046]}, "gradients/fc_hidden.0.weight": {"_type": "histogram", "values": [1.0, 0.0, 0.0, 0.0, 0.0, 1.0, 2.0, 2.0, 2.0, 1.0, 3.0, 4.0, 6.0, 5.0, 9.0, 5.0, 11.0, 6.0, 12.0, 11.0, 16.0, 9.0, 6.0, 14.0, 9.0, 7.0, 8.0, 11.0, 5.0, 9.0, 8.0, 18.0, 81.0, 338.0, 748.0, 710.0, 496.0, 124619.0, 401.0, 1018.0, 696.0, 105.0, 7.0, 1.0, 2.0, 2.0, 7.0, 7.0, 7.0, 8.0, 14.0, 18.0, 15.0, 19.0, 15.0, 16.0, 12.0, 14.0, 9.0, 4.0, 3.0, 3.0, 1.0, 3.0], "bins": [-0.05484618619084358, -0.05337745323777199, -0.051908720284700394, -0.0504399873316288, -0.048971258103847504, -0.04750252515077591, -0.046033792197704315, -0.04456505924463272, -0.04309632629156113, -0.04162759333848953, -0.04015886038541794, -0.038690127432346344, -0.03722139447927475, -0.035752665251493454, -0.03428393229842186, -0.032815199345350266, -0.03134646639227867, -0.029877733439207077, -0.028409000486135483, -0.026940269395709038, -0.025471536442637444, -0.02400280348956585, -0.022534072399139404, -0.02106533944606781, -0.019596606492996216, -0.01812787353992462, -0.016659140586853027, -0.015190409496426582, -0.013721676543354988, -0.012252943590283394, -0.010784211568534374, -0.009315479546785355, -0.00784674659371376, -0.0063780141063034534, -0.0049092816188931465, -0.0034405491314828396, -0.0019718166440725327, -0.0005030841566622257, 0.0009656483307480812, 0.002434380352497101, 0.003903113305568695, 0.005371845792979002, 0.006840578280389309, 0.008309310302138329, 0.009778043255209923, 0.011246776208281517, 0.012715508230030537, 0.014184240251779556, 0.01565297320485115, 0.017121706157922745, 0.01859043911099434, 0.020059170201420784, 0.021527903154492378, 0.022996636107563972, 0.024465367197990417, 0.02593410015106201, 0.027402833104133606, 0.0288715660572052, 0.030340299010276794, 0.03180903196334839, 0.03327776491641998, 0.03474649414420128, 0.03621522709727287, 0.03768396005034447, 0.03915269300341606]}, "gradients/fc_input.bias": {"_type": "histogram",