{"graph_0": {"_type": "graph-file", "path": "media/graph/graph_0_summary_0f20df46.graph.json", "sha256": "0f20df468bebdc3ead0484fb59bae612a5ddb62c8fd8e56e4fe63b661661f931", "size": 646}, "Train Loss": 0.006566154279021753, "Val Loss": 0.01639845616106565, "Train Acc": 99.91666666666667, "Val Acc": 99.5, "_runtime": 59, "_timestamp": 1618078159, "_step": 49, "gradients/linear_layers.1.bias": {"_type": "histogram", "values": [1.0, 0.0, 0.0, 0.0, 0.0, 0.0, 0.0, 0.0, 0.0, 0.0, 0.0, 0.0, 0.0, 0.0, 0.0, 0.0, 0.0, 0.0, 0.0, 0.0, 0.0, 0.0, 0.0, 0.0, 0.0, 0.0, 0.0, 0.0, 0.0, 0.0, 0.0, 0.0, 0.0, 0.0, 0.0, 0.0, 0.0, 0.0, 0.0, 0.0, 0.0, 0.0, 0.0, 0.0, 0.0, 0.0, 0.0, 0.0, 0.0, 0.0, 0.0, 0.0, 0.0, 0.0, 0.0, 0.0, 0.0, 0.0, 0.0, 0.0, 0.0, 0.0, 0.0, 1.0], "bins": [-0.004699713084846735, -0.004552846774458885, -0.004405980464071035, -0.004259113688021898, -0.0041122473776340485, -0.003965381067246199, -0.003818514756858349, -0.0036716482136398554, -0.003524781670421362, -0.003377915360033512, -0.0032310488168150187, -0.003084182506427169, -0.0029373159632086754, -0.0027904496528208256, -0.0026435833424329758, -0.0024967167992144823, -0.0023498504888266325, -0.0022029841784387827, -0.0020561176352202892, -0.0019092513248324394, -0.001762384781613946, -0.0016155184712260962, -0.0014686520444229245, -0.0013217856176197529, -0.001174919307231903, -0.0010280528804287314, -0.0008811864536255598, -0.0007343200850300491, -0.0005874536582268775, -0.0004405872314237058, -0.0002937208628281951, -0.00014685443602502346, 1.210719347000122e-08, 0.0001468785194447264, 0.0002937449316959828, 0.000440611329395324, 0.0005874777561984956, 0.0007343441830016673, 0.000881210551597178, 0.0010280769784003496, 0.001174943521618843, 0.0013218099484220147, 0.0014686763752251863, 0.0016155426856130362, 0.0017624092288315296, 0.0019092755392193794, 0.0020561418496072292, 0.0022030083928257227, 0.0023498747032135725, 0.0024967410136014223, 0.0026436075568199158, 0.0027904738672077656, 0.002937340410426259, 0.003084206720814109, 0.0032310732640326023, 0.003377939574420452, 0.003524805884808302, 0.0036716721951961517, 0.003818538738414645, 0.003965405281633139, 0.0041122715920209885, 0.004259137902408838, 0.004406004212796688, 0.004552870988845825, 0.004699737299233675]}, "gradients/linear_layers.1.weight": {"_type": "histogram", "values": [1.0, 2.0, 0.0, 0.0, 0.0, 2.0, 2.0, 1.0, 5.0, 9.0, 11.0, 7.0, 11.0, 9.0, 12.0, 7.0, 6.0, 3.0, 1.0, 1.0, 0.0, 0.0, 0.0, 0.0, 0.0, 0.0, 0.0, 0.0, 0.0, 0.0, 0.0, 540.0, 0.0, 0.0, 0.0, 0.0, 0.0, 0.0, 0.0, 0.0, 0.0, 0.0, 0.0, 0.0, 1.0, 1.0, 3.0, 6.0, 7.0, 12.0, 9.0, 11.0, 7.0, 11.0, 9.0, 5.0, 1.0, 2.0, 2.0, 0.0, 0.0, 0.0, 2.0, 1.0], "bins": [-0.004163981415331364, -0.004033856559544802, -0.0039037319365888834, -0.003773607313632965, -0.003643482457846403, -0.003513357602059841, -0.003383232979103923, -0.0032531083561480045, -0.0031229835003614426, -0.0029928586445748806, -0.0028627340216189623, -0.002732609398663044, -0.002602484542876482, -0.00247235968708992, -0.0023422350641340017, -0.0022121104411780834, -0.0020819855853915215, -0.0019518608460202813, -0.0018217361066490412, -0.001691611367277801, -0.001561486627906561, -0.0014313618885353208, -0.0013012371491640806, -0.0011711124097928405, -0.0010409876704216003, -0.0009108629310503602, -0.0007807381916791201, -0.0006506134523078799, -0.0005204887129366398, -0.00039036397356539965, -0.0002602392341941595, -0.00013011449482291937, 1.0244548320770264e-08, 0.0001301349839195609, 0.00026025972329080105, 0.0003903844626620412, 0.0005205092020332813, 0.0006506339414045215, 0.0007807586807757616, 0.0009108834201470017, 0.0010410081595182419, 0.001171132898889482, 0.0013012576382607222, 0.0014313823776319623, 0.0015615071170032024, 0.0016916318563744426, 0.0018217565957456827, 0.0019518813351169229, 0.002082006074488163, 0.002212130930274725, 0.0023422555532306433, 0.0024723801761865616, 0.0026025050319731236, 0.0027326298877596855, 0.002862754510715604, 0.002992879133671522, 0.003123003989458084, 0.003253128845244646, 0.0033832534682005644, 0.0035133780911564827, 0.0036435029469430447, 0.0037736278027296066, 0.003903752425685525, 0.004033877048641443, 0.004164001904428005]}, "gradients/linear_layers.0.bias": {"_type": "histogram", "values": [4.0, 1.0, 4.0, 5.0, 2.0, 2.0, 3.0, 2.0, 1.0, 3.0, 7.0, 4.0, 3.0, 2.0, 4.0, 3.0, 3.0, 2.0, 2.0, 1.0, 1.0, 0.0, 2.0, 0.0, 0.0, 0.0, 0.0, 0.0, 0.0, 0.0, 0.0, 0.0, 0.0, 270.0, 0.0, 0.0, 0.0, 0.0, 0.0, 0.0, 0.0, 0.0, 0.0, 0.0, 0.0, 0.0, 0.0, 0.0, 0.0, 1.0, 2.0, 3.0, 1.0, 1.0, 3.0, 2.0, 1.0, 1.0, 3.0, 1.0, 5.0, 1.0, 1.0, 3.0], "bins": [-0.0018317174399271607, -0.0017768560210242867, -0.001721994485706091, -0.001667133066803217, -0.001612271647900343, -0.0015574101125821471, -0.0015025486936792731, -0.0014476871583610773, -0.0013928257394582033, -0.0013379643205553293, -0.0012831027852371335, -0.0012282413663342595, -0.0011733799474313855, -0.0011185184121131897, -0.0010636569932103157, -0.0010087955743074417, -0.0009539340971969068, -0.0008990726200863719, -0.0008442112011834979, -0.000789349724072963, -0.0007344882469624281, -0.0006796268280595541, -0.0006247653509490192, -0.0005699038738384843, -0.0005150424549356103, -0.00046018100692890584, -0.00040531952981837094, -0.0003504580818116665, -0.0002955966047011316, -0.00024073515669442713, -0.00018587370868772268, -0.00013101223157718778, -7.615075446665287e-05, -2.1289295546012e-05, 3.357216337462887e-05, 8.843361865729094e-05, 0.0001432950812159106, 0.0001981565437745303, 0.00025301799178123474, 0.00030787946889176965, 0.00036274094600230455, 0.000417602394009009, 0.0004724638711195439, 0.0005273253191262484, 0.0005821867962367833, 0.0006370482733473182, 0.0006919096922501922, 0.0007467711693607271, 0.0008016325882636011, 0.000856494065374136, 0.00091135548427701, 0.0009662169613875449, 0.0010210784384980798, 0.0010759398574009538, 0.0011308013927191496, 0.0011856628116220236, 0.0012405242305248976, 0.0012953856494277716, 0.0013502471847459674, 0.0014051086036488414, 0.0014599700225517154, 0.0015148315578699112, 0.0015696929767727852, 0.0016245543956756592, 0.001679415930993855]}, "gradients/linear_layers.0.weight": {"_type": "histogram", "values": [408.0, 572.0, 487.0, 1001.0, 1100.0, 844.0, 779.0, 829.0, 358.0, 522.0, 919.0, 1710.0, 1261.0, 673.0, 632.0, 1426.0, 803.0, 1041.0, 684.0, 872.0, 811.0, 562.0, 1089.0, 659.0, 606.0, 506.0, 396.0, 247.0, 127.0, 35.0, 1.0, 0.0, 0.0, 97200.0, 0.0, 0.0, 0.0, 0.0, 21.0, 69.0, 165.0, 267.0, 334.0, 337.0, 334.0, 305.0, 265.0, 222.0, 404.0, 358.0, 441.0, 980.0, 78.0, 596.0, 792.0, 459.0, 296.0, 608.0, 304.0, 1282.0, 507.0, 283.0, 333.0, 400.0],