{"graph_0": {"_type": "graph-file", "path": "media/graph/graph_0_summary_55696b69.graph.json", "sha256": "55696b696da6f1c01c877a03d41b5d3f6699a901320d3c41e71e92bf0a1eeb7a", "size": 868}, "Train Loss": 0.19306303591777882, "Val Loss": 0.3015368983297486, "Train Acc": 91.85416666666667, "Val Acc": 86.11825192802057, "_runtime": 98, "_timestamp": 1617036174, "_step": 49, "gradients/fc_output.bias": {"_type": "histogram", "values": [1.0, 0.0, 0.0, 0.0, 0.0, 0.0, 0.0, 0.0, 0.0, 0.0, 0.0, 0.0, 0.0, 0.0, 0.0, 0.0, 0.0, 0.0, 0.0, 0.0, 0.0, 0.0, 0.0, 0.0, 0.0, 0.0, 0.0, 0.0, 0.0, 0.0, 0.0, 0.0, 0.0, 0.0, 0.0, 0.0, 0.0, 0.0, 0.0, 0.0, 0.0, 0.0, 0.0, 0.0, 0.0, 0.0, 0.0, 0.0, 0.0, 0.0, 0.0, 0.0, 0.0, 0.0, 0.0, 0.0, 0.0, 0.0, 0.0, 0.0, 0.0, 0.0, 0.0, 1.0], "bins": [-0.037357695400714874, -0.03619026765227318, -0.03502283990383148, -0.033855412155389786, -0.03268798440694809, -0.031520552933216095, -0.0303531251847744, -0.029185697436332703, -0.028018269687891006, -0.02685084193944931, -0.025683414191007614, -0.02451598457992077, -0.023348556831479073, -0.022181129083037376, -0.02101369947195053, -0.019846271723508835, -0.01867884397506714, -0.017511416226625443, -0.016343988478183746, -0.015176558867096901, -0.014009131118655205, -0.012841703370213509, -0.011674274690449238, -0.010506846010684967, -0.009339418262243271, -0.008171990513801575, -0.007004561834037304, -0.0058371336199343204, -0.004669705405831337, -0.0035022771917283535, -0.00233484897762537, -0.0011674202978610992, 1.1175870895385742e-08, 0.0011674393899738789, 0.0023348676040768623, 0.003502295818179846, 0.004669724032282829, 0.005837152246385813, 0.007004580460488796, 0.008172009140253067, 0.009339436888694763, 0.01050686463713646, 0.01167429331690073, 0.012841721996665001, 0.014009149745106697, 0.015176577493548393, 0.01634400710463524, 0.017511434853076935, 0.01867886260151863, 0.019846290349960327, 0.021013718098402023, 0.02218114770948887, 0.023348575457930565, 0.02451600320637226, 0.025683432817459106, 0.026850860565900803, 0.0280182883143425, 0.029185716062784195, 0.03035314381122589, 0.03152057155966759, 0.03268799930810928, 0.03385543078184128, 0.035022858530282974, 0.03619028627872467, 0.03735771402716637]}, "gradients/fc_output.weight": {"_type": "histogram", "values": [2.0, 0.0, 0.0, 0.0, 4.0, 1.0, 1.0, 1.0, 4.0, 3.0, 2.0, 2.0, 1.0, 1.0, 2.0, 3.0, 1.0, 0.0, 0.0, 0.0, 2.0, 1.0, 1.0, 4.0, 2.0, 3.0, 5.0, 2.0, 6.0, 5.0, 4.0, 572.0, 22.0, 4.0, 5.0, 6.0, 2.0, 5.0, 3.0, 2.0, 4.0, 1.0, 1.0, 2.0, 0.0, 0.0, 0.0, 1.0, 3.0, 2.0, 1.0, 1.0, 2.0, 2.0, 3.0, 4.0, 1.0, 1.0, 1.0, 4.0, 0.0, 0.0, 0.0, 2.0], "bins": [-0.01807621866464615, -0.017511336132884026, -0.01694645546376705, -0.01638157293200493, -0.015816690400242805, -0.015251808799803257, -0.014686927199363708, -0.014122044667601585, -0.013557163067162037, -0.012992281466722488, -0.012427398934960365, -0.011862517334520817, -0.011297635734081268, -0.010732753202319145, -0.010167871601879597, -0.009602990001440048, -0.009038107469677925, -0.008473225869238377, -0.007908343337476254, -0.007343461737036705, -0.006778579670935869, -0.006213697604835033, -0.005648816004395485, -0.005083933938294649, -0.004519051872193813, -0.0039541698060929775, -0.0033892879728227854, -0.0028244061395525932, -0.0022595240734517574, -0.0016946420073509216, -0.0011297601740807295, -0.0005648783408105373, 5.587935447692871e-09, 0.0005648875376209617, 0.0011297694873064756, 0.0016946514369919896, 0.0022595333866775036, 0.0028244154527783394, 0.0033892972860485315, 0.003954179119318724, 0.0045190611854195595, 0.005083943251520395, 0.005648825317621231, 0.00621370691806078, 0.006778588984161615, 0.007343471050262451, 0.007908352650702, 0.008473234251141548, 0.009038116782903671, 0.00960299838334322, 0.010167880915105343, 0.010732762515544891, 0.011297645047307014, 0.011862526647746563, 0.012427408248186111, 0.012992290779948235, 0.013557172380387783, 0.014122053980827332, 0.014686936512589455, 0.015251818113029003, 0.01581669971346855, 0.016381582245230675, 0.016946464776992798, 0.01751134544610977, 0.018076227977871895]}, "gradients/fc_hidden.0.bias": {"_type": "histogram", "values": [1.0, 0.0, 0.0, 1.0, 5.0, 2.0, 0.0, 0.0, 1.0, 0.0, 3.0, 3.0, 1.0, 2.0, 2.0, 2.0, 4.0, 4.0, 0.0, 2.0, 0.0, 0.0, 2.0, 0.0, 1.0, 0.0, 5.0, 295.0, 0.0, 0.0, 2.0, 1.0, 3.0, 3.0, 0.0, 1.0, 0.0, 0.0, 1.0, 0.0, 0.0, 0.0, 1.0, 0.0, 1.0, 1.0, 2.0, 1.0, 0.0, 0.0, 0.0, 0.0, 1.0, 0.0, 1.0, 0.0, 1.0, 0.0, 0.0, 0.0, 2.0, 1.0, 0.0, 1.0], "bins": [-0.02486187033355236, -0.023944254964590073, -0.023026637732982635, -0.022109022364020348, -0.02119140699505806, -0.020273789763450623, -0.019356174394488335, -0.018438559025526047, -0.01752094179391861, -0.01660332642495632, -0.015685709193348885, -0.014768093824386597, -0.013850477524101734, -0.012932861223816872, -0.012015245854854584, -0.011097629554569721, -0.010180013254284859, -0.009262396953999996, -0.008344780653715134, -0.007427165284752846, -0.006509548984467983, -0.005591932684183121, -0.0046743168495595455, -0.0037567010149359703, -0.002839084714651108, -0.001921468647196889, -0.00100385257974267, -8.62365122884512e-05, 0.0008313795551657677, 0.0017489958554506302, 0.0026666116900742054, 0.0035842275246977806, 0.004501845687627792, 0.005419461987912655, 0.00633707782253623, 0.007254693657159805, 0.008172309957444668, 0.00908992625772953, 0.010007541626691818, 0.01092515792697668, 0.011842774227261543, 0.012760390527546406, 0.013678006827831268, 0.014595622196793556, 0.015513238497078419, 0.01643085479736328, 0.01734847016632557, 0.018266085535287857, 0.019183702766895294, 0.020101318135857582, 0.02101893536746502, 0.021936550736427307, 0.022854167968034744, 0.023771783336997032, 0.02468939870595932, 0.025607015937566757, 0.026524631306529045, 0.027442246675491333, 0.02835986390709877, 0.029277479276061058, 0.030195094645023346, 0.031112711876630783, 0.03203032910823822, 0.03294794261455536, 0.033865559846162796]}, "gradients/fc_hidden.0.weight": {"_type": "histogram", "values": [2.0, 0.0, 3.0, 1.0, 2.0, 1.0, 0.0, 1.0, 4.0, 1.0, 3.0, 2.0, 1.0, 3.0, 3.0, 4.0, 0.0, 1.0, 0.0, 1.0, 1.0, 1.0, 1.0, 1.0, 129535.0, 4.0, 0.0, 1.0, 1.0, 1.0, 3.0, 3.0, 0.0, 0.0, 1.0, 0.0, 0.0, 1.0, 0.0, 0.0, 0.0, 1.0, 1.0, 1.0, 1.0, 1.0, 1.0, 0.0, 0.0, 0.0, 0.0, 1.0, 0.0, 0.0, 1.0, 1.0, 0.0, 0.0, 0.0, 0.0, 2.0, 1.0, 0.0, 1.0], "bins": [-0.024523016065359116, -0.023528872057795525, -0.022534729912877083, -0.021540585905313492, -0.02054644376039505, -0.01955229975283146, -0.018558155745267868, -0.017564013600349426, -0.016569869592785835, -0.015575726516544819, -0.014581583440303802, -0.013587439432740211, -0.012593296356499195, -0.011599153280258179, -0.010605009272694588, -0.009610866196453571, -0.008616723120212555, -0.0076225800439715385, -0.006628436502069235, -0.005634292960166931, -0.004640149883925915, -0.0036460068076848984, -0.0026518632657825947, -0.001657719723880291, -0.0006635766476392746, 0.00033056666143238544, 0.0013247099705040455, 0.0023188532795757055, 0.0033129965886473656, 0.004307139664888382, 0.005301283206790686, 0.006295426748692989, 0.007289569824934006, 0.008283712901175022, 0.009277855977416039, 0.01027199998497963, 0.011266143061220646, 0.012260286137461662, 0.013254430145025253, 0.01424857322126627, 0.015242716297507286, 0.016236860305070877, 0.01723100244998932, 0.01822514645755291, 0.0192192904651165, 0.020213432610034943, 0.021207576617598534, 0.022201720625162125, 0.023195862770080566, 0.024190006777644157, 0.0251841489225626, 0.02617829293012619, 0.027172435075044632, 0.028166579082608223, 0.029160723090171814, 0.030154865235090256, 0.031149009242653847, 0.03214315325021744, 0.03313729539513588, 0.03413143754005432, 0.03512558341026306, 0.0361197255551815, 0.037113867700099945, 0.038108013570308685, 0.03910215571522713]}, "gradients/fc_input.bias": {"_type": "histogram",