{"graph_0": {"_type": "graph-file", "path": "media/graph/graph_0_summary_bbcd6309.graph.json", "sha256": "bbcd6309a9f90badc10a965e6853b12290478fe7bfa5a594df008397cbf0c09c", "size": 868}, "Train Loss": 0.004605968267747408, "Val Loss": 0.016601854926799813, "Train Acc": 99.91666666666667, "Val Acc": 99.25, "_runtime": 67, "_timestamp": 1617460457, "_step": 49, "gradients/fc_output.bias": {"_type": "histogram", "values": [1.0, 0.0, 0.0, 0.0, 0.0, 0.0, 0.0, 0.0, 0.0, 0.0, 0.0, 0.0, 0.0, 0.0, 0.0, 0.0, 0.0, 0.0, 0.0, 0.0, 0.0, 0.0, 0.0, 0.0, 0.0, 0.0, 0.0, 0.0, 0.0, 0.0, 0.0, 0.0, 0.0, 0.0, 0.0, 0.0, 0.0, 0.0, 0.0, 0.0, 0.0, 0.0, 0.0, 0.0, 0.0, 0.0, 0.0, 0.0, 0.0, 0.0, 0.0, 0.0, 0.0, 0.0, 0.0, 0.0, 0.0, 0.0, 0.0, 0.0, 0.0, 0.0, 0.0, 1.0], "bins": [-0.009369886480271816, -0.009077077731490135, -0.00878426805138588, -0.008491459302604198, -0.008198650553822517, -0.007905841805040836, -0.007613032124936581, -0.0073202233761549, -0.0070274146273732185, -0.00673460541293025, -0.006441796664148569, -0.006148987449705601, -0.00585617870092392, -0.005563369486480951, -0.005270560272037983, -0.004977751523256302, -0.0046849423088133335, -0.004392133094370365, -0.004099324345588684, -0.0038065151311457157, -0.0035137063823640347, -0.0032208971679210663, -0.0029280881863087416, -0.002635279204696417, -0.0023424699902534485, -0.0020496610086411238, -0.001756852027028799, -0.0014640429290011525, -0.0011712339473888278, -0.0008784249657765031, -0.0005856158677488565, -0.00029280688613653183, 1.862645149230957e-09, 0.0002928108733613044, 0.0005856198840774596, 0.0008784289238974452, 0.00117123790550977, 0.0014640468871220946, 0.0017568559851497412, 0.002049664966762066, 0.002342473715543747, 0.0026352826971560717, 0.0029280916787683964, 0.0032209008932113647, 0.003513709641993046, 0.003806518856436014, 0.0040993280708789825, 0.004392136819660664, 0.004684946034103632, 0.0049777552485466, 0.005270563997328281, 0.00556337321177125, 0.005856181960552931, 0.006148991174995899, 0.00644179992377758, 0.006734609138220549, 0.007027418352663517, 0.007320227567106485, 0.007613036315888166, 0.007905845530331135, 0.008198654279112816, 0.008491463027894497, 0.008784272707998753, 0.009077081456780434, 0.009369890205562115]}, "gradients/fc_output.weight": {"_type": "histogram", "values": [1.0, 2.0, 0.0, 6.0, 4.0, 7.0, 2.0, 5.0, 4.0, 3.0, 2.0, 3.0, 7.0, 7.0, 5.0, 8.0, 5.0, 8.0, 8.0, 8.0, 11.0, 13.0, 20.0, 11.0, 16.0, 10.0, 9.0, 8.0, 0.0, 3.0, 2.0, 13.0, 311.0, 2.0, 3.0, 0.0, 8.0, 9.0, 10.0, 16.0, 11.0, 20.0, 13.0, 11.0, 8.0, 8.0, 8.0, 5.0, 8.0, 5.0, 7.0, 7.0, 3.0, 2.0, 3.0, 4.0, 5.0, 2.0, 7.0, 4.0, 6.0, 0.0, 2.0, 1.0], "bins": [-0.004708766005933285, -0.004561617039144039, -0.0044144680723547935, -0.004267319105565548, -0.004120170138776302, -0.003973021171987057, -0.0038258724380284548, -0.003678723471239209, -0.0035315745044499636, -0.003384425537660718, -0.0032372765708714724, -0.0030901276040822268, -0.002942978870123625, -0.002795829903334379, -0.0026486809365451336, -0.002501531969755888, -0.0023543830029666424, -0.0022072340361773968, -0.002060085069388151, -0.0019129362190142274, -0.0017657872522249818, -0.0016186382854357362, -0.0014714894350618124, -0.0013243404682725668, -0.0011771915014833212, -0.0010300425346940756, -0.0008828936261124909, -0.0007357447175309062, -0.0005885957507416606, -0.000441446783952415, -0.0002942978753708303, -0.0001471489667892456, -4.656612873077393e-10, 0.00014714847202412784, 0.000294297409709543, 0.00044144634739495814, 0.0005885952850803733, 0.0007357442518696189, 0.0008828931604512036, 0.0010300420690327883, 0.0011771910358220339, 0.0013243400026112795, 0.001471488969400525, 0.0016186378197744489, 0.0017657867865636945, 0.00191293575335294, 0.002060084603726864, 0.0022072335705161095, 0.002354382537305355, 0.0025015315040946007, 0.0026486804708838463, 0.002795829437673092, 0.0029429784044623375, 0.003090127371251583, 0.003237276105210185, 0.0033844250719994307, 0.0035315740387886763, 0.003678723005577922, 0.0038258719723671675, 0.003973020706325769, 0.004120169673115015, 0.004267318639904261, 0.004414467606693506, 0.004561616573482752, 0.0047087655402719975]}, "gradients/fc_hidden.0.bias": {"_type": "histogram", "values": [1.0, 0.0, 0.0, 0.0, 0.0, 1.0, 0.0, 1.0, 2.0, 1.0, 2.0, 4.0, 6.0, 6.0, 5.0, 1.0, 5.0, 6.0, 5.0, 8.0, 10.0, 2.0, 5.0, 8.0, 2.0, 2.0, 1.0, 0.0, 0.0, 1.0, 0.0, 1.0, 1.0, 0.0, 1.0, 3.0, 159.0, 1.0, 1.0, 0.0, 0.0, 0.0, 0.0, 3.0, 2.0, 4.0, 7.0, 8.0, 8.0, 15.0, 10.0, 14.0, 15.0, 8.0, 2.0, 3.0, 4.0, 3.0, 1.0, 0.0, 0.0, 0.0, 0.0, 1.0], "bins": [-0.0026088717859238386, -0.0025364456232637167, -0.0024640194606035948, -0.0023915935307741165, -0.0023191673681139946, -0.0022467412054538727, -0.0021743150427937508, -0.002101888880133629, -0.002029462717473507, -0.001957036554813385, -0.001884610508568585, -0.001812184345908463, -0.001739758299663663, -0.001667332137003541, -0.001594905974343419, -0.0015224798116832972, -0.001450053881853819, -0.001377627719193697, -0.0013052016729488969, -0.001232775510288775, -0.0011603494640439749, -0.001087923301383853, -0.001015497138723731, -0.00094307103427127, -0.000870644929818809, -0.000798218825366348, -0.000725792720913887, -0.0006533665582537651, -0.0005809404538013041, -0.0005085143493488431, -0.00043608821579255164, -0.0003636620822362602, -0.00029123597778379917, -0.00021880985877942294, -0.0001463837397750467, -7.395762077067047e-05, -1.531501766294241e-06, 7.089460268616676e-05, 0.00014332073624245822, 0.00021574686979874969, 0.0002881729742512107, 0.0003605990787036717, 0.00043302521225996315, 0.0005054513458162546, 0.0005778774502687156, 0.0006503035547211766, 0.0007227297173812985, 0.0007951558218337595, 0.0008675819262862206, 0.0009400080307386816, 0.0010124341351911426, 0.0010848602978512645, 0.0011572863440960646, 0.0012297125067561865, 0.0013021386694163084, 0.0013745648320764303, 0.0014469908783212304, 0.0015194170409813523, 0.0015918430872261524, 0.0016642692498862743, 0.0017366954125463963, 0.0018091214587911963, 0.0018815476214513183, 0.0019539736676961184, 0.0020263998303562403]}, "gradients/fc_hidden.0.weight": {"_type": "histogram", "values": [1.0, 1.0, 1.0, 0.0, 1.0, 3.0, 0.0, 3.0, 3.0, 6.0, 9.0, 10.0, 18.0, 24.0, 39.0, 27.0, 44.0, 50.0, 53.0, 74.0, 89.0, 91.0, 99.0, 101.0, 123.0, 131.0, 123.0, 111.0, 139.0, 169.0, 243.0, 367.0, 607.0, 952.0, 1120.0, 599.0, 118342.0, 1745.0, 1164.0, 664.0, 349.0, 234.0, 201.0, 190.0, 178.0, 189.0, 180.0, 165.0, 141.0, 130.0, 92.0, 70.0, 49.0, 31.0, 16.0, 16.0, 10.0, 6.0, 1.0, 2.0, 1.0, 0.0, 2.0, 1.0],