{"graph_0": {"_type": "graph-file", "path": "media/graph/graph_0_summary_2b221828.graph.json", "sha256": "2b221828dd465ca494fdd2687c215fd4259c9cd6a881a6f0caedc6f46a06ef90", "size": 868}, "Train Loss": 0.22025798967418572, "Val Loss": 0.2346131517338003, "Train Acc": 90.77083333333333, "Val Acc": 91.25964010282776, "_runtime": 95, "_timestamp": 1617035928, "_step": 49, "gradients/fc_output.bias": {"_type": "histogram", "values": [1.0, 0.0, 0.0, 0.0, 0.0, 0.0, 0.0, 0.0, 0.0, 0.0, 0.0, 0.0, 0.0, 0.0, 0.0, 0.0, 0.0, 0.0, 0.0, 0.0, 0.0, 0.0, 0.0, 0.0, 0.0, 0.0, 0.0, 0.0, 0.0, 0.0, 0.0, 0.0, 0.0, 0.0, 0.0, 0.0, 0.0, 0.0, 0.0, 0.0, 0.0, 0.0, 0.0, 0.0, 0.0, 0.0, 0.0, 0.0, 0.0, 0.0, 0.0, 0.0, 0.0, 0.0, 0.0, 0.0, 0.0, 0.0, 0.0, 0.0, 0.0, 0.0, 0.0, 1.0], "bins": [-0.056285127997398376, -0.05452621728181839, -0.0527673065662384, -0.05100839585065842, -0.04924948513507843, -0.047490574419498444, -0.04573166370391846, -0.04397275298833847, -0.042213842272758484, -0.0404549315571785, -0.03869602084159851, -0.036937110126018524, -0.03517819941043854, -0.03341928869485855, -0.031660377979278564, -0.029901469126343727, -0.02814256027340889, -0.026383649557828903, -0.024624738842248917, -0.02286582812666893, -0.021106917411088943, -0.019348006695508957, -0.01758909784257412, -0.015830187126994133, -0.014071278274059296, -0.012312367558479309, -0.010553456842899323, -0.00879454705864191, -0.007035636343061924, -0.005276725627481937, -0.0035178158432245255, -0.0017589051276445389, 7.450580596923828e-09, 0.0017589179333299398, 0.0035178284160792828, 0.005276738665997982, 0.007035649381577969, 0.008794560097157955, 0.010553469881415367, 0.012312380596995354, 0.01407129317522049, 0.015830203890800476, 0.017589114606380463, 0.01934802532196045, 0.021106936037540436, 0.022865846753120422, 0.02462475560605526, 0.026383666321635246, 0.028142575174570084, 0.02990148589015007, 0.03166039660573006, 0.03341930732131004, 0.03517821803689003, 0.036937128752470016, 0.038696035742759705, 0.04045494645833969, 0.04221385717391968, 0.043972767889499664, 0.04573167860507965, 0.04749058932065964, 0.049249500036239624, 0.05100841075181961, 0.0527673214673996, 0.054526232182979584, 0.05628514289855957]}, "gradients/fc_output.weight": {"_type": "histogram", "values": [1.0, 0.0, 0.0, 0.0, 0.0, 0.0, 0.0, 0.0, 2.0, 4.0, 1.0, 3.0, 0.0, 3.0, 3.0, 4.0, 2.0, 1.0, 1.0, 1.0, 4.0, 5.0, 3.0, 5.0, 5.0, 1.0, 4.0, 4.0, 1.0, 2.0, 1.0, 34.0, 564.0, 1.0, 2.0, 1.0, 4.0, 4.0, 1.0, 5.0, 5.0, 3.0, 5.0, 4.0, 1.0, 1.0, 1.0, 2.0, 4.0, 3.0, 3.0, 0.0, 3.0, 1.0, 4.0, 2.0, 0.0, 0.0, 0.0, 0.0, 0.0, 0.0, 0.0, 1.0], "bins": [-0.01983518898487091, -0.019215339794754982, -0.018595490604639053, -0.017975639551877975, -0.017355790361762047, -0.016735941171646118, -0.01611609011888504, -0.015496240928769112, -0.014876391738653183, -0.014256542548537254, -0.013636692427098751, -0.013016842305660248, -0.01239699311554432, -0.01177714392542839, -0.011157293803989887, -0.010537443682551384, -0.009917594492435455, -0.009297745302319527, -0.008677895180881023, -0.00805804505944252, -0.0074381958693265915, -0.0068183462135493755, -0.00619849655777216, -0.005578646901994944, -0.004958797246217728, -0.004338947590440512, -0.0037190979346632957, -0.00309924827888608, -0.002479398623108864, -0.0018595489673316479, -0.001239699311554432, -0.000619849655777216, 0.0, 0.000619849655777216, 0.001239699311554432, 0.0018595489673316479, 0.002479398623108864, 0.00309924827888608, 0.0037190979346632957, 0.004338947590440512, 0.004958797246217728, 0.005578646901994944, 0.00619849655777216, 0.0068183462135493755, 0.0074381958693265915, 0.00805804505944252, 0.008677895180881023, 0.009297745302319527, 0.009917594492435455, 0.010537443682551384, 0.011157293803989887, 0.01177714392542839, 0.01239699311554432, 0.013016842305660248, 0.013636692427098751, 0.014256542548537254, 0.014876391738653183, 0.015496240928769112, 0.01611609011888504, 0.016735941171646118, 0.017355790361762047, 0.017975639551877975, 0.018595490604639053, 0.019215339794754982, 0.01983518898487091]}, "gradients/fc_hidden.0.bias": {"_type": "histogram", "values": [1.0, 1.0, 1.0, 0.0, 0.0, 1.0, 0.0, 0.0, 0.0, 0.0, 2.0, 1.0, 1.0, 0.0, 0.0, 1.0, 1.0, 0.0, 0.0, 0.0, 1.0, 1.0, 2.0, 2.0, 0.0, 0.0, 1.0, 1.0, 1.0, 0.0, 4.0, 1.0, 2.0, 0.0, 1.0, 1.0, 3.0, 291.0, 4.0, 1.0, 1.0, 3.0, 5.0, 4.0, 2.0, 4.0, 3.0, 3.0, 0.0, 2.0, 0.0, 0.0, 1.0, 0.0, 1.0, 1.0, 0.0, 1.0, 0.0, 1.0, 0.0, 0.0, 0.0, 1.0], "bins": [-0.060001570731401443, -0.05839826911687851, -0.05679496377706528, -0.05519166216254234, -0.05358836054801941, -0.05198505520820618, -0.05038175359368324, -0.04877845197916031, -0.047175146639347076, -0.04557184502482414, -0.04396853968501091, -0.042365238070487976, -0.04076193645596504, -0.03915863484144211, -0.037555329501628876, -0.03595202788710594, -0.03434872627258301, -0.032745424658060074, -0.03114212118089199, -0.029538817703723907, -0.027935516089200974, -0.02633221261203289, -0.024728909134864807, -0.023125607520341873, -0.02152230218052864, -0.019918998703360558, -0.018315697088837624, -0.01671239361166954, -0.015109091065824032, -0.013505788519978523, -0.01190248504281044, -0.010299182496964931, -0.00869588553905487, -0.007092582993209362, -0.005489279981702566, -0.0038859769701957703, -0.0022826744243502617, -0.0006793718785047531, 0.0009239315986633301, 0.0025272341445088387, 0.004130534827709198, 0.005733837373554707, 0.0073371403850615025, 0.008940443396568298, 0.010543745942413807, 0.012147048488259315, 0.013750351965427399, 0.015353654511272907, 0.016956958919763565, 0.018560262396931648, 0.020163564011454582, 0.021766867488622665, 0.0233701691031456, 0.024973472580313683, 0.026576776057481766, 0.0281800776720047, 0.029783381149172783, 0.031386684626340866, 0.0329899862408638, 0.03459329158067703, 0.036196593195199966, 0.0377998948097229, 0.03940320014953613, 0.04100650176405907, 0.042609803378582]}, "gradients/fc_hidden.0.weight": {"_type": "histogram", "values": [1.0, 1.0, 1.0, 0.0, 0.0, 1.0, 0.0, 0.0, 0.0, 1.0, 3.0, 2.0, 1.0, 1.0, 0.0, 1.0, 1.0, 3.0, 1.0, 0.0, 2.0, 2.0, 2.0, 2.0, 1.0, 3.0, 2.0, 3.0, 1.0, 1.0, 6.0, 5.0, 2.0, 2.0, 1.0, 3.0, 4.0, 129464.0, 8.0, 2.0, 3.0, 8.0, 13.0, 7.0, 8.0, 5.0, 6.0, 2.0, 1.0, 3.0, 0.0, 1.0, 2.0, 1.0, 1.0, 1.0, 0.0, 2.0, 0.0, 1.0, 0.0, 0.0, 0.0, 1.0], "bins": [-0.03371211141347885, -0.032809216529130936, -0.03190632164478302, -0.031003426760435104, -0.03010053187608719, -0.029197636991739273, -0.028294742107391357, -0.027391847223043442, -0.026488952338695526, -0.02558605745434761, -0.024683162569999695, -0.02378026768565178, -0.022877372801303864, -0.021974477916955948, -0.021071583032608032, -0.020168688148260117, -0.0192657932639122, -0.018362898379564285, -0.01746000349521637, -0.016557108610868454, -0.01565421372652054, -0.014751318842172623, -0.013848423957824707, -0.012945529073476791, -0.012042634189128876, -0.01113973930478096, -0.010236844420433044, -0.009333949536085129, -0.008431054651737213, -0.0075281597673892975, -0.006625264883041382, -0.005722369998693466, -0.004819473251700401, -0.003916578367352486, -0.00301368348300457, -0.0021107885986566544, -0.0012078937143087387, -0.00030499882996082306, 0.0005978960543870926, 0.0015007909387350082, 0.002403685823082924, 0.0033065807074308395, 0.004209475591778755, 0.005112370476126671, 0.0060152653604745865, 0.006918160244822502, 0.007821055129170418, 0.008723950013518333, 0.009626844897866249, 0.010529739782214165, 0.01143263466656208, 0.012335529550909996, 0.013238424435257912, 0.014141319319605827, 0.015044214203953743, 0.01594710908830166, 0.016850003972649574, 0.01775289885699749, 0.018655793741345406, 0.01955868862569332, 0.020461583510041237, 0.021364478394389153, 0.022267373278737068, 0.023170268163084984, 0.0240731630474329]}, "gradients/fc_input.bias": {"_type": "histogram",