{"graph_0": {"_type": "graph-file", "path": "media/graph/graph_0_summary_5d859bdc.graph.json", "sha256": "5d859bdc922bdff51f47939b04a1aa3ee4555717bf58b4e22568f82755176568", "size": 1261}, "Train Loss": 0.6365056298673153, "Val Loss": 0.6371069758134513, "Train Acc": 66.66666666666667, "Val Acc": 66.58097686375321, "_runtime": 90, "_timestamp": 1617035101, "_step": 49, "gradients/fc_output.bias": {"_type": "histogram", "values": [1.0, 0.0, 0.0, 0.0, 0.0, 0.0, 0.0, 0.0, 0.0, 0.0, 0.0, 0.0, 0.0, 0.0, 0.0, 0.0, 0.0, 0.0, 0.0, 0.0, 0.0, 0.0, 0.0, 0.0, 0.0, 0.0, 0.0, 0.0, 0.0, 0.0, 0.0, 0.0, 0.0, 0.0, 0.0, 0.0, 0.0, 0.0, 0.0, 0.0, 0.0, 0.0, 0.0, 0.0, 0.0, 0.0, 0.0, 0.0, 0.0, 0.0, 0.0, 0.0, 0.0, 0.0, 0.0, 0.0, 0.0, 0.0, 0.0, 0.0, 0.0, 0.0, 0.0, 1.0], "bins": [-0.006879135966300964, -0.006664162967354059, -0.006449189968407154, -0.006234216969460249, -0.006019243970513344, -0.005804270505905151, -0.005589297506958246, -0.005374324508011341, -0.005159351509064436, -0.004944378510117531, -0.004729405511170626, -0.0045144325122237206, -0.004299459047615528, -0.00408448651432991, -0.003869513049721718, -0.0036545400507748127, -0.0034395670518279076, -0.0032245940528810024, -0.0030096210539340973, -0.0027946478221565485, -0.0025796748232096434, -0.0023647018242627382, -0.0021497285924851894, -0.0019347555935382843, -0.0017197825945913792, -0.001504809595644474, -0.001289836480282247, -0.00107486336492002, -0.000859890365973115, -0.0006449173670262098, -0.00042994425166398287, -0.0002149711363017559, 1.862645149230957e-09, 0.00021497491979971528, 0.00042994797695428133, 0.0006449210341088474, 0.0008598940912634134, 0.0010748670902103186, 0.0012898402055725455, 0.0015048133209347725, 0.0017197863198816776, 0.0019347593188285828, 0.002149732317775488, 0.0023647055495530367, 0.002579678548499942, 0.002794651547446847, 0.0030096247792243958, 0.003224597778171301, 0.003439570777118206, 0.003654543776065111, 0.0038695167750120163, 0.004084489773958921, 0.004299462772905827, 0.004514436237514019, 0.004729409236460924, 0.004944382235407829, 0.005159355234354734, 0.0053743282333016396, 0.005589301232248545, 0.00580427423119545, 0.006019247695803642, 0.00623422022908926, 0.0064491936936974525, 0.006664166692644358, 0.006879139691591263]}, "gradients/fc_output.weight": {"_type": "histogram", "values": [2.0, 0.0, 0.0, 0.0, 0.0, 0.0, 0.0, 0.0, 1.0, 0.0, 0.0, 0.0, 0.0, 0.0, 1.0, 0.0, 0.0, 0.0, 0.0, 1.0, 1.0, 0.0, 0.0, 0.0, 0.0, 0.0, 0.0, 0.0, 2.0, 2.0, 0.0, 7.0, 693.0, 0.0, 2.0, 2.0, 0.0, 0.0, 0.0, 0.0, 0.0, 0.0, 0.0, 1.0, 1.0, 0.0, 0.0, 0.0, 0.0, 1.0, 0.0, 0.0, 0.0, 0.0, 0.0, 1.0, 0.0, 0.0, 0.0, 0.0, 0.0, 0.0, 0.0, 2.0], "bins": [-0.01170650590211153, -0.011340677738189697, -0.010974849574267864, -0.010609021410346031, -0.010243192315101624, -0.00987736415117979, -0.009511535987257957, -0.009145707823336124, -0.008779879659414291, -0.008414051495492458, -0.008048223331570625, -0.007682394701987505, -0.007316566538065672, -0.006950737908482552, -0.0065849097445607185, -0.0062190815806388855, -0.005853252951055765, -0.005487424787133932, -0.005121596157550812, -0.004755767993628979, -0.004389939829707146, -0.004024111665785313, -0.0036582830362021923, -0.0032924548722803593, -0.002926626242697239, -0.0025607978459447622, -0.002194969682022929, -0.0018291412852704525, -0.0014633130049332976, -0.0010974847245961428, -0.0007316563278436661, -0.00036582816392183304, 0.0, 0.0003658283094409853, 0.0007316566188819706, 0.0010974849574267864, 0.0014633132377639413, 0.0018291415181010962, 0.002194969914853573, 0.002560798078775406, 0.002926626242697239, 0.0032924546394497156, 0.0036582828033715487, 0.004024111200124025, 0.004389939364045858, 0.004755767993628979, 0.005121596157550812, 0.005487424321472645, 0.005853252951055765, 0.006219081114977598, 0.0065849097445607185, 0.006950737908482552, 0.007316566072404385, 0.007682394236326218, 0.008048223331570625, 0.008414050564169884, 0.008779879659414291, 0.009145707823336124, 0.009511535987257957, 0.009877365082502365, 0.010243193246424198, 0.010609021410346031, 0.010974849574267864, 0.011340677738189697, 0.01170650590211153]}, "gradients/fc_hidden.1.bias": {"_type": "histogram", "values": [1.0, 0.0, 0.0, 0.0, 0.0, 2.0, 0.0, 1.0, 348.0, 1.0, 0.0, 0.0, 1.0, 1.0, 0.0, 0.0, 0.0, 0.0, 0.0, 0.0, 0.0, 0.0, 1.0, 0.0, 0.0, 0.0, 0.0, 1.0, 0.0, 0.0, 0.0, 0.0, 0.0, 0.0, 1.0, 0.0, 0.0, 0.0, 0.0, 0.0, 0.0, 0.0, 0.0, 0.0, 0.0, 0.0, 0.0, 0.0, 0.0, 0.0, 0.0, 0.0, 0.0, 0.0, 0.0, 0.0, 0.0, 0.0, 0.0, 0.0, 1.0, 0.0, 0.0, 1.0], "bins": [-0.0015052666421979666, -0.0013320642756298184, -0.0011588620254769921, -0.000985659658908844, -0.0008124573505483568, -0.0006392550421878695, -0.0004660526756197214, -0.0002928504254668951, -0.00011964805889874697, 5.3554264013655484e-05, 0.00022675658692605793, 0.0003999589243903756, 0.0005731612327508628, 0.0007463635411113501, 0.0009195659076794982, 0.0010927681578323245, 0.0012659705244004726, 0.0014391728909686208, 0.001612375141121447, 0.0017855775076895952, 0.0019587797578424215, 0.0021319822408258915, 0.002305184490978718, 0.002478386741131544, 0.002651589224115014, 0.0028247914742678404, 0.0029979939572513103, 0.0031711962074041367, 0.003344398457556963, 0.0035176007077097893, 0.0036908031906932592, 0.0038640054408460855, 0.004037207458168268, 0.0042104097083210945, 0.004383611958473921, 0.004556814208626747, 0.004730016924440861, 0.004903219174593687, 0.005076421424746513, 0.00524962367489934, 0.005422825925052166, 0.005596028175204992, 0.005769230425357819, 0.005942433141171932, 0.0061156353913247585, 0.006288837641477585, 0.006462039891630411, 0.0066352421417832375, 0.006808444857597351, 0.006981647107750177, 0.007154849357903004, 0.007328052073717117, 0.007501254323869944, 0.00767445657402277, 0.007847659289836884, 0.008020861074328423, 0.008194062858819962, 0.008367265574634075, 0.008540467359125614, 0.008713670074939728, 0.008886871859431267, 0.00906007457524538, 0.009233277291059494, 0.009406479075551033, 0.009579681791365147]}, "gradients/fc_hidden.1.weight": {"_type": "histogram", "values": [1.0, 0.0, 0.0, 0.0, 1.0, 0.0, 0.0, 0.0, 0.0, 0.0, 0.0, 0.0, 0.0, 0.0, 0.0, 0.0, 0.0, 0.0, 1.0, 0.0, 0.0, 1.0, 0.0, 129594.0, 0.0, 0.0, 0.0, 0.0, 0.0, 0.0, 0.0, 0.0, 0.0, 0.0, 0.0, 0.0, 0.0, 0.0, 0.0, 0.0, 0.0, 0.0, 0.0, 0.0, 0.0, 0.0, 0.0, 0.0, 0.0, 0.0, 0.0, 0.0, 0.0, 0.0, 1.0, 0.0, 0.0, 0.0, 0.0, 0.0, 0.0, 0.0, 0.0, 1.0], "bins": [-0.0012933487305417657, -0.0012373763602226973, -0.0011814041063189507, -0.0011254317359998822, -0.0010694593656808138, -0.0010134869953617454, -0.0009575146832503378, -0.0009015423711389303, -0.0008455700008198619, -0.0007895976305007935, -0.0007336253183893859, -0.0006776530062779784, -0.00062168063595891, -0.0005657082656398416, -0.000509735953528434, -0.00045376361231319606, -0.0003977912710979581, -0.0003418189298827201, -0.00028584658866748214, -0.00022987424745224416, -0.0001739019062370062, -0.00011792956502176821, -6.195722380653024e-05, -5.984882591292262e-06, 4.998745862394571e-05, 0.00010595979983918369, 0.00016193214105442166, 0.00021790448226965964, 0.0002738768234848976, 0.0003298491647001356, 0.00038582150591537356, 0.00044179384713061154, 0.0004977663047611713, 0.0005537386750802398, 0.0006097109871916473, 0.0006656832993030548, 0.0007216556696221232, 0.0007776280399411917, 0.0008336003520525992, 0.0008895726641640067, 0.0009455450344830751, 0.0010015174048021436, 0.001057489775121212, 0.0011134620290249586, 0.001169434399344027, 0.0012254067696630955, 0.001281379023566842, 0.0013373513938859105, 0.001393323764204979, 0.0014492961345240474, 0.0015052685048431158, 0.0015612407587468624, 0.0016172131290659308, 0.0016731854993849993, 0.0017291577532887459, 0.0017851301236078143, 0.0018411024939268827, 0.0018970748642459512, 0.0019530472345650196, 0.002009019488468766, 0.002064991742372513, 0.002120964229106903, 0.0021769364830106497, 0.00223290896974504, 0.0022888812236487865]}, "gradients/fc_hidden.0.bias": {"_type": "histogram",