{"graph_0": {"_type": "graph-file", "path": "media/graph/graph_0_summary_1337817e.graph.json", "sha256": "1337817eb80e2ba99ac10fb3eeb6d35d7d62c6f83863162ab5f8babaaede5cec", "size": 1026}, "Train Loss": 0.5865545670191447, "Val Loss": 0.5916087553096614, "Train Acc": 69.04166666666667, "Val Acc": 83.80462724935732, "_runtime": 96, "_timestamp": 1617036656, "_step": 49, "gradients/fc_output.bias": {"_type": "histogram", "values": [1.0, 0.0, 0.0, 0.0, 0.0, 0.0, 0.0, 0.0, 0.0, 0.0, 0.0, 0.0, 0.0, 0.0, 0.0, 0.0, 0.0, 0.0, 0.0, 0.0, 0.0, 0.0, 0.0, 0.0, 0.0, 0.0, 0.0, 0.0, 0.0, 0.0, 0.0, 0.0, 0.0, 0.0, 0.0, 0.0, 0.0, 0.0, 0.0, 0.0, 0.0, 0.0, 0.0, 0.0, 0.0, 0.0, 0.0, 0.0, 0.0, 0.0, 0.0, 0.0, 0.0, 0.0, 0.0, 0.0, 0.0, 0.0, 0.0, 0.0, 0.0, 0.0, 0.0, 1.0], "bins": [-0.025864169001579285, -0.025055913254618645, -0.024247657507658005, -0.023439403623342514, -0.022631147876381874, -0.021822892129421234, -0.021014636382460594, -0.020206380635499954, -0.019398126751184464, -0.018589871004223824, -0.017781615257263184, -0.016973361372947693, -0.016165105625987053, -0.015356849879026413, -0.014548594132065773, -0.013740338385105133, -0.012932082638144493, -0.012123826891183853, -0.011315572075545788, -0.010507316328585148, -0.009699061512947083, -0.008890805765986443, -0.008082550019025803, -0.00727429473772645, -0.006466038525104523, -0.00565778324380517, -0.004849527962505817, -0.0040412722155451775, -0.003233016934245825, -0.002424761652946472, -0.0016165059059858322, -0.0008082506246864796, 1.862645149230957e-09, 0.0008082572603598237, 0.0016165126580744982, 0.0024247681722044945, 0.003233023453503847, 0.0040412787348032, 0.00484953448176384, 0.005657789763063192, 0.00646604411303997, 0.007274299394339323, 0.008082554675638676, 0.008890810422599316, 0.009699065238237381, 0.010507320985198021, 0.011315576732158661, 0.0121238324791193, 0.01293208822607994, 0.01374034397304058, 0.014548598788678646, 0.015356854535639286, 0.01616510935127735, 0.01697336509823799, 0.01778162084519863, 0.01858987659215927, 0.019398130476474762, 0.020206386223435402, 0.021014641970396042, 0.021822895854711533, 0.022631151601672173, 0.023439407348632812, 0.024247663095593452, 0.025055918842554092, 0.025864174589514732]}, "gradients/fc_output.weight": {"_type": "histogram", "values": [1.0, 1.0, 0.0, 0.0, 0.0, 0.0, 0.0, 0.0, 0.0, 0.0, 0.0, 1.0, 0.0, 0.0, 0.0, 1.0, 0.0, 1.0, 0.0, 0.0, 0.0, 0.0, 1.0, 0.0, 0.0, 2.0, 0.0, 0.0, 1.0, 7.0, 6.0, 651.0, 25.0, 6.0, 7.0, 1.0, 0.0, 0.0, 2.0, 0.0, 0.0, 1.0, 0.0, 0.0, 0.0, 0.0, 1.0, 0.0, 1.0, 0.0, 0.0, 0.0, 1.0, 0.0, 0.0, 0.0, 0.0, 0.0, 0.0, 0.0, 0.0, 0.0, 1.0, 1.0], "bins": [-0.06196283549070358, -0.06002649664878845, -0.05809015780687332, -0.05615381896495819, -0.05421748012304306, -0.05228114128112793, -0.0503448024392128, -0.04840846359729767, -0.04647212475538254, -0.04453578591346741, -0.04259944707155228, -0.040663108229637146, -0.038726769387722015, -0.036790430545806885, -0.034854091703891754, -0.032917752861976624, -0.030981414020061493, -0.029045075178146362, -0.02710873633623123, -0.0251723974943161, -0.02323605865240097, -0.02129971981048584, -0.01936338096857071, -0.01742704212665558, -0.015490703284740448, -0.013554364442825317, -0.011618025600910187, -0.009681686758995056, -0.0077453479170799255, -0.005809009075164795, -0.0038726702332496643, -0.0019363313913345337, 3.725290298461914e-09, 0.001936342567205429, 0.0038726814091205597, 0.00580902025103569, 0.007745359092950821, 0.009681697934865952, 0.011618036776781082, 0.013554375618696213, 0.015490714460611343, 0.017427053302526474, 0.019363392144441605, 0.021299730986356735, 0.023236069828271866, 0.025172408670186996, 0.027108747512102127, 0.029045086354017258, 0.03098142519593239, 0.03291776403784752, 0.03485410287976265, 0.03679044172167778, 0.03872678056359291, 0.04066311940550804, 0.04259945824742317, 0.0445357970893383, 0.04647213593125343, 0.048408474773168564, 0.050344813615083694, 0.052281152456998825, 0.054217491298913956, 0.056153830140829086, 0.05809016898274422, 0.06002650782465935, 0.06196284666657448]}, "gradients/fc_hidden.0.bias": {"_type": "histogram", "values": [1.0, 0.0, 0.0, 0.0, 0.0, 0.0, 0.0, 0.0, 0.0, 0.0, 0.0, 0.0, 0.0, 0.0, 0.0, 0.0, 0.0, 0.0, 0.0, 0.0, 0.0, 0.0, 0.0, 0.0, 0.0, 0.0, 0.0, 0.0, 0.0, 1.0, 0.0, 2.0, 5.0, 322.0, 9.0, 5.0, 0.0, 4.0, 0.0, 1.0, 0.0, 2.0, 1.0, 0.0, 0.0, 0.0, 1.0, 0.0, 0.0, 0.0, 0.0, 1.0, 1.0, 1.0, 0.0, 0.0, 0.0, 1.0, 0.0, 0.0, 0.0, 1.0, 0.0, 1.0], "bins": [-0.013723594136536121, -0.013311930000782013, -0.012900266796350479, -0.012488603591918945, -0.012076939456164837, -0.011665275320410728, -0.011253612115979195, -0.01084194891154766, -0.010430284775793552, -0.010018620640039444, -0.00960695743560791, -0.009195294231176376, -0.008783630095422268, -0.00837196595966816, -0.007960302755236626, -0.0075486390851438046, -0.007136975415050983, -0.006725311744958162, -0.006313648074865341, -0.00590198440477252, -0.005490320734679699, -0.005078657064586878, -0.004666993394494057, -0.004255329724401236, -0.0038436660543084145, -0.0034320023842155933, -0.003020338714122772, -0.002608675044029951, -0.00219701137393713, -0.0017853477038443089, -0.0013736840337514877, -0.0009620203636586666, -0.0005503566935658455, -0.00013869302347302437, 0.00027297064661979675, 0.0006846343167126179, 0.001096297986805439, 0.0015079616568982601, 0.0019196253269910812, 0.0023312889970839024, 0.0027429526671767235, 0.0031546163372695446, 0.0035662800073623657, 0.003977943677455187, 0.004389607347548008, 0.004801271017640829, 0.00521293468773365, 0.005624598357826471, 0.0060362620279192924, 0.006447925698012114, 0.006859589368104935, 0.007271253038197756, 0.007682916708290577, 0.008094580844044685, 0.00850624404847622, 0.008917907252907753, 0.009329571388661861, 0.00974123552441597, 0.010152898728847504, 0.010564561933279037, 0.010976226069033146, 0.011387890204787254, 0.011799553409218788, 0.012211216613650322, 0.01262288074940443]}, "gradients/fc_hidden.0.weight": {"_type": "histogram", "values": [1.0, 0.0, 0.0, 0.0, 0.0, 1.0, 0.0, 0.0, 0.0, 0.0, 1.0, 0.0, 0.0, 0.0, 0.0, 0.0, 0.0, 0.0, 0.0, 0.0, 0.0, 0.0, 0.0, 0.0, 0.0, 1.0, 0.0, 0.0, 0.0, 0.0, 0.0, 0.0, 0.0, 0.0, 0.0, 0.0, 0.0, 1.0, 0.0, 2.0, 0.0, 0.0, 0.0, 0.0, 0.0, 1.0, 1.0, 1.0, 0.0, 0.0, 0.0, 0.0, 3.0, 0.0, 1.0, 0.0, 1.0, 0.0, 5.0, 0.0, 1.0, 6.0, 3.0, 129570.0], "bins": [-0.05177370831370354, -0.05096474289894104, -0.05015578120946884, -0.049346815794706345, -0.04853785037994385, -0.04772888869047165, -0.04691992327570915, -0.046110957860946655, -0.04530199617147446, -0.04449303075671196, -0.04368406906723976, -0.042875103652477264, -0.04206613823771477, -0.04125717654824257, -0.04044821113348007, -0.039639245718717575, -0.03883028030395508, -0.03802131488919258, -0.03721235319972038, -0.036403387784957886, -0.03559442237019539, -0.03478546068072319, -0.03397649526596069, -0.033167529851198196, -0.032358568161726, -0.0315496027469635, -0.030740639194846153, -0.029931675642728806, -0.029122712090611458, -0.02831374667584896, -0.027504783123731613, -0.026695817708969116, -0.02588685415685177, -0.02507789060473442, -0.024268925189971924, -0.023459961637854576, -0.02265099808573723, -0.02184203267097473, -0.021033069118857384, -0.020224105566740036, -0.01941514015197754, -0.01860617659986019, -0.017797211185097694, -0.016988247632980347, -0.016179284080863, -0.015370318666100502, -0.014561355113983154, -0.013752390630543232, -0.012943427078425884, -0.012134462594985962, -0.011325499042868614, -0.010516534559428692, -0.00970757007598877, -0.008898606523871422, -0.0080896420404315, -0.007280677556991577, -0.006471713539212942, -0.005662749521434307, -0.004853785037994385, -0.00404482102021575, -0.003235856769606471, -0.0024268925189971924, -0.0016179285012185574, -0.000808964017778635, 0.0]}, "gradients/fc_input.bias": {"_type": "histogram",