{"graph_0": {"_type": "graph-file", "path": "media/graph/graph_0_summary_9aafce3b.graph.json", "sha256": "9aafce3b2bea0ed12183ad18d871dcf2faf782d5e7539a74de20c2cd9d43c459", "size": 868}, "Train Loss": 0.6400847534338633, "Val Loss": 0.6365019083023071, "Train Acc": 65.97222222222223, "Val Acc": 66.91666666666667, "_runtime": 77, "_timestamp": 1617701132, "_step": 49, "gradients/fc_output.bias": {"_type": "histogram", "values": [1.0, 0.0, 0.0, 0.0, 0.0, 0.0, 0.0, 0.0, 0.0, 0.0, 0.0, 0.0, 0.0, 0.0, 0.0, 0.0, 0.0, 0.0, 0.0, 0.0, 0.0, 0.0, 0.0, 0.0, 0.0, 0.0, 0.0, 0.0, 0.0, 0.0, 0.0, 0.0, 0.0, 0.0, 0.0, 0.0, 0.0, 0.0, 0.0, 0.0, 0.0, 0.0, 0.0, 0.0, 0.0, 0.0, 0.0, 0.0, 0.0, 0.0, 0.0, 0.0, 0.0, 0.0, 0.0, 0.0, 0.0, 0.0, 0.0, 0.0, 0.0, 0.0, 0.0, 1.0], "bins": [-0.029190940782427788, -0.02827872335910797, -0.027366507798433304, -0.026454290375113487, -0.02554207295179367, -0.024629855528473854, -0.023717638105154037, -0.02280542254447937, -0.021893205121159554, -0.020980987697839737, -0.02006877213716507, -0.019156554713845253, -0.018244337290525436, -0.01733211986720562, -0.016419902443885803, -0.015507686883211136, -0.01459546945989132, -0.013683252036571503, -0.01277103554457426, -0.011858819052577019, -0.010946601629257202, -0.010034384205937386, -0.009122167713940144, -0.008209951221942902, -0.007297733798623085, -0.006385516840964556, -0.0054732998833060265, -0.004561082925647497, -0.003648865967988968, -0.0027366490103304386, -0.0018244320526719093, -0.00091221509501338, 0.0, 0.0009122169576585293, 0.0018244339153170586, 0.002736650872975588, 0.003648867830634117, 0.004561084788292646, 0.005473301745951176, 0.006385518703609705, 0.007297735661268234, 0.00820995308458805, 0.009122169576585293, 0.010034386068582535, 0.010946603491902351, 0.011858820915222168, 0.01277103740721941, 0.013683253899216652, 0.014595471322536469, 0.015507688745856285, 0.0164199061691761, 0.01733212172985077, 0.018244339153170586, 0.019156556576490402, 0.02006877213716507, 0.020980989560484886, 0.021893206983804703, 0.02280542440712452, 0.023717641830444336, 0.024629857391119003, 0.02554207481443882, 0.026454292237758636, 0.027366507798433304, 0.02827872522175312, 0.029190942645072937]}, "gradients/fc_output.weight": {"_type": "histogram", "values": [1.0, 1.0, 0.0, 0.0, 0.0, 1.0, 1.0, 1.0, 2.0, 0.0, 0.0, 2.0, 1.0, 1.0, 4.0, 1.0, 1.0, 0.0, 1.0, 2.0, 1.0, 2.0, 2.0, 2.0, 1.0, 3.0, 5.0, 2.0, 1.0, 4.0, 6.0, 23.0, 599.0, 6.0, 4.0, 1.0, 2.0, 5.0, 3.0, 1.0, 2.0, 2.0, 2.0, 1.0, 2.0, 1.0, 0.0, 1.0, 1.0, 4.0, 1.0, 1.0, 2.0, 0.0, 0.0, 2.0, 1.0, 1.0, 1.0, 0.0, 0.0, 0.0, 1.0, 1.0], "bins": [-0.013524218462407589, -0.013101587072014809, -0.012678954750299454, -0.012256323359906673, -0.011833691038191319, -0.011411059647798538, -0.010988427326083183, -0.010565795935690403, -0.010143163613975048, -0.009720532223582268, -0.009297899901866913, -0.008875268511474133, -0.008452636189758778, -0.008030004799365997, -0.007607372477650642, -0.007184741087257862, -0.0067621092312037945, -0.006339477375149727, -0.005916845519095659, -0.005494213663041592, -0.005071581806987524, -0.004648949950933456, -0.004226318560540676, -0.003803686471655965, -0.003381054848432541, -0.0029584229923784733, -0.0025357911363244057, -0.002113159280270338, -0.0016905275406315923, -0.0012678958009928465, -0.0008452639449387789, -0.00042263208888471127, 0.0, 0.00042263182695023715, 0.0008452636539004743, 0.001267895451746881, 0.0016905273078009486, 0.0021131590474396944, 0.002535790903493762, 0.0029584227595478296, 0.003381054848432541, 0.0038036867044866085, 0.004226318560540676, 0.004648950416594744, 0.005071582272648811, 0.005494213663041592, 0.0059168459847569466, 0.006339477375149727, 0.0067621092312037945, 0.007184741087257862, 0.00760737294331193, 0.008030004799365997, 0.008452636189758778, 0.008875268511474133, 0.009297899901866913, 0.009720532223582268, 0.010143163613975048, 0.010565795004367828, 0.010988427326083183, 0.011411058716475964, 0.011833691038191319, 0.012256322428584099, 0.012678954750299454, 0.013101586140692234, 0.013524218462407589]}, "gradients/fc_hidden.0.bias": {"_type": "histogram", "values": [1.0, 0.0, 0.0, 0.0, 0.0, 1.0, 0.0, 0.0, 2.0, 1.0, 0.0, 0.0, 0.0, 0.0, 2.0, 0.0, 1.0, 1.0, 2.0, 1.0, 1.0, 0.0, 0.0, 1.0, 0.0, 1.0, 1.0, 1.0, 1.0, 1.0, 1.0, 1.0, 0.0, 1.0, 0.0, 3.0, 0.0, 0.0, 2.0, 0.0, 2.0, 1.0, 0.0, 0.0, 0.0, 0.0, 2.0, 2.0, 1.0, 2.0, 1.0, 2.0, 2.0, 4.0, 10.0, 299.0, 2.0, 0.0, 0.0, 0.0, 1.0, 0.0, 0.0, 2.0], "bins": [-0.002683044411242008, -0.002634593518450856, -0.002586142625659704, -0.002537691732868552, -0.0024892408400774, -0.002440790180116892, -0.002392339054495096, -0.002343888394534588, -0.002295437501743436, -0.002246986608952284, -0.002198535716161132, -0.00215008482336998, -0.002101633930578828, -0.002053183037787676, -0.0020047323778271675, -0.0019562814850360155, -0.0019078304758295417, -0.0018593795830383897, -0.0018109286902472377, -0.0017624779138714075, -0.0017140270210802555, -0.0016655761282891035, -0.0016171252354979515, -0.0015686743427067995, -0.0015202234499156475, -0.0014717725571244955, -0.0014233216643333435, -0.0013748707715421915, -0.0013264199951663613, -0.0012779691023752093, -0.0012295182095840573, -0.0011810673167929053, -0.0011326165404170752, -0.0010841656476259232, -0.0010357147548347712, -0.0009872638620436192, -0.000938813085667789, -0.000890362192876637, -0.000841911300085485, -0.000793460407294333, -0.0007450096309185028, -0.0006965587381273508, -0.0006481079035438597, -0.0005996570107527077, -0.0005512061761692166, -0.0005027552833780646, -0.00045430439058691263, -0.0004058535268995911, -0.00035740260500460863, -0.0003089517413172871, -0.00026050087762996554, -0.00021204998483881354, -0.000163599121151492, -0.00011514825746417046, -6.669736467301846e-05, -1.8246500985696912e-05, 3.0204362701624632e-05, 7.865523366490379e-05, 0.00012710610462818295, 0.00017555698286741972, 0.00022400784655474126, 0.0002724587102420628, 0.0003209096030332148, 0.00036936046672053635, 0.0004178113304078579]}, "gradients/fc_hidden.0.weight": {"_type": "histogram", "values": [1.0, 0.0, 0.0, 0.0, 0.0, 1.0, 0.0, 0.0, 2.0, 1.0, 0.0, 0.0, 0.0, 0.0, 2.0, 0.0, 1.0, 1.0, 2.0, 1.0, 1.0, 0.0, 0.0, 1.0, 0.0, 1.0, 1.0, 1.0, 1.0, 2.0, 2.0, 1.0, 2.0, 4.0, 3.0, 3.0, 4.0, 3.0, 8.0, 3.0, 4.0, 3.0, 5.0, 5.0, 3.0, 6.0, 14.0, 14.0, 19.0, 13.0, 16.0, 26.0, 21.0, 36.0, 106.0, 129238.0, 8.0, 3.0, 2.0, 2.0, 1.0, 0.0, 0.0, 2.0], "bins": [-0.009836279787123203, -0.00965865422040224, -0.009481029585003853, -0.00930340401828289, -0.009125778451561928, -0.00894815381616354, -0.008770528249442577, -0.00859290361404419, -0.008415278047323227, -0.008237652480602264, -0.008060027845203876, -0.007882402278482914, -0.007704777177423239, -0.0075271520763635635, -0.007349526509642601, -0.007171901408582926, -0.006994276307523251, -0.006816651206463575, -0.0066390261054039, -0.006461400538682938, -0.006283775437623262, -0.006106150336563587, -0.005928524769842625, -0.0057508996687829494, -0.005573274567723274, -0.005395649466663599, -0.005218024365603924, -0.005040398798882961, -0.004862773697823286, -0.004685148596763611, -0.004507523030042648, -0.004329897928982973, -0.004152272827923298, -0.003974647726863623, -0.003797022392973304, -0.003619397059082985, -0.0034417719580233097, -0.0032641468569636345, -0.0030865215230733156, -0.0029088961891829967, -0.0027312710881233215, -0.0025536459870636463, -0.0023760206531733274, -0.0021983953192830086, -0.0020207702182233334, -0.0018431450007483363, -0.0016655197832733393, -0.0014878945657983422, -0.001310269464738667, -0.00113264424726367, -0.0009550190297886729, -0.0007773938123136759, -0.0005997685948386788, -0.0004221433773636818, -0.00024451815988868475, -6.68929424136877e-05, 0.00011073227506130934, 0.0002883574925363064, 0.0004659827100113034, 0.0006436079274863005, 0.0008212331449612975, 0.0009988583624362946, 0.0011764835799112916, 0.0013541087973862886, 0.0015317340148612857]}, "gradients/fc_input.bias": {"_type": "histogram",