{"graph_0": {"_type": "graph-file", "path": "media/graph/graph_0_summary_56e7a86d.graph.json", "sha256": "56e7a86d0737e15079a1bf919b27535a24f8caeecc550ed3df6911272baf67b3", "size": 868}, "Train Loss": 0.20134686515666544, "Val Loss": 0.16932424205093738, "Train Acc": 92.14583333333333, "Val Acc": 92.80205655526993, "_runtime": 84, "_timestamp": 1617036057, "_step": 49, "gradients/fc_output.bias": {"_type": "histogram", "values": [1.0, 0.0, 0.0, 0.0, 0.0, 0.0, 0.0, 0.0, 0.0, 0.0, 0.0, 0.0, 0.0, 0.0, 0.0, 0.0, 0.0, 0.0, 0.0, 0.0, 0.0, 0.0, 0.0, 0.0, 0.0, 0.0, 0.0, 0.0, 0.0, 0.0, 0.0, 0.0, 0.0, 0.0, 0.0, 0.0, 0.0, 0.0, 0.0, 0.0, 0.0, 0.0, 0.0, 0.0, 0.0, 0.0, 0.0, 0.0, 0.0, 0.0, 0.0, 0.0, 0.0, 0.0, 0.0, 0.0, 0.0, 0.0, 0.0, 0.0, 0.0, 0.0, 0.0, 1.0], "bins": [-0.048176512122154236, -0.04667099565267563, -0.04516547918319702, -0.043659962713718414, -0.04215444624423981, -0.0406489297747612, -0.03914341330528259, -0.037637896835803986, -0.03613238036632538, -0.03462686389684677, -0.033121347427368164, -0.03161583095788956, -0.03011031448841095, -0.028604798018932343, -0.027099283412098885, -0.025593766942620277, -0.02408825233578682, -0.022582735866308212, -0.021077219396829605, -0.019571702927350998, -0.01806618645787239, -0.016560669988393784, -0.015055155381560326, -0.013549638912081718, -0.01204412430524826, -0.010538607835769653, -0.009033091366291046, -0.007527575828135014, -0.006022059358656406, -0.004516542889177799, -0.0030110273510217667, -0.0015055108815431595, 7.450580596923828e-09, 0.0015055236872285604, 0.003011039923876524, 0.004516555927693844, 0.006022072397172451, 0.007527588866651058, 0.00903310440480709, 0.010538620874285698, 0.012044139206409454, 0.013549655675888062, 0.015055172145366669, 0.016560688614845276, 0.018066205084323883, 0.01957172155380249, 0.021077236160635948, 0.022582752630114555, 0.024088267236948013, 0.02559378370642662, 0.027099300175905228, 0.028604816645383835, 0.030110333114862442, 0.03161584958434105, 0.03312136232852936, 0.034626878798007965, 0.03613239526748657, 0.03763791173696518, 0.03914342820644379, 0.040648944675922394, 0.042154461145401, 0.04365997761487961, 0.045165494084358215, 0.04667101055383682, 0.04817652702331543]}, "gradients/fc_output.weight": {"_type": "histogram", "values": [2.0, 0.0, 1.0, 0.0, 0.0, 0.0, 1.0, 2.0, 4.0, 3.0, 2.0, 4.0, 4.0, 6.0, 3.0, 9.0, 7.0, 7.0, 4.0, 3.0, 8.0, 3.0, 3.0, 2.0, 2.0, 0.0, 0.0, 1.0, 3.0, 1.0, 2.0, 526.0, 20.0, 2.0, 1.0, 3.0, 1.0, 0.0, 0.0, 2.0, 2.0, 3.0, 3.0, 8.0, 3.0, 4.0, 7.0, 7.0, 9.0, 3.0, 6.0, 4.0, 4.0, 2.0, 3.0, 4.0, 2.0, 1.0, 0.0, 0.0, 0.0, 1.0, 0.0, 2.0], "bins": [-0.014840626157820225, -0.01437685638666153, -0.013913086615502834, -0.013449316844344139, -0.012985547073185444, -0.012521777302026749, -0.012058008462190628, -0.011594237759709358, -0.011130468919873238, -0.010666699148714542, -0.010202929377555847, -0.009739159606397152, -0.009275389835238457, -0.008811620064079762, -0.008347850292921066, -0.007884081453084946, -0.007420310750603676, -0.006956540979444981, -0.006492771208286285, -0.00602900143712759, -0.005565231665968895, -0.0051014618948102, -0.004637692589312792, -0.004173922818154097, -0.0037101535126566887, -0.0032463837414979935, -0.0027826139703392982, -0.0023188444320112467, -0.0018550746608525515, -0.0013913048896938562, -0.0009275353513658047, -0.00046376558020710945, 3.725290298461914e-09, 0.00046377343824133277, 0.0009275431511923671, 0.0013913128059357405, 0.0018550825770944357, 0.002318852348253131, 0.0027826218865811825, 0.0032463916577398777, 0.0037101618945598602, 0.0041739316657185555, 0.004637701436877251, 0.005101471208035946, 0.005565240979194641, 0.006029010750353336, 0.006492780055850744, 0.0069565498270094395, 0.007420319132506847, 0.007884088903665543, 0.008347858674824238, 0.008811628445982933, 0.009275398217141628, 0.009739167988300323, 0.010202936828136444, 0.010666707530617714, 0.011130476370453835, 0.01159424614161253, 0.012058015912771225, 0.01252178568392992, 0.012985555455088615, 0.01344932522624731, 0.013913094997406006, 0.014376863837242126, 0.014840634539723396]}, "gradients/fc_hidden.0.bias": {"_type": "histogram", "values": [1.0, 0.0, 0.0, 0.0, 0.0, 1.0, 0.0, 1.0, 2.0, 0.0, 1.0, 1.0, 0.0, 0.0, 1.0, 3.0, 0.0, 1.0, 1.0, 1.0, 1.0, 1.0, 5.0, 0.0, 3.0, 1.0, 5.0, 1.0, 0.0, 0.0, 0.0, 5.0, 269.0, 2.0, 2.0, 3.0, 1.0, 3.0, 8.0, 8.0, 6.0, 3.0, 5.0, 7.0, 2.0, 0.0, 0.0, 1.0, 0.0, 0.0, 0.0, 0.0, 1.0, 1.0, 0.0, 0.0, 0.0, 0.0, 1.0, 0.0, 0.0, 0.0, 0.0, 1.0], "bins": [-0.04485149681568146, -0.04346908628940582, -0.042086679488420486, -0.04070426896214485, -0.039321862161159515, -0.03793945163488388, -0.036557041108608246, -0.03517463058233261, -0.033792223781347275, -0.03240981325507164, -0.031027406454086304, -0.02964499592781067, -0.028262587264180183, -0.026880178600549698, -0.025497768074274063, -0.024115359410643578, -0.022732950747013092, -0.021350542083382607, -0.01996813341975212, -0.018585722893476486, -0.017203314229846, -0.015820905566215515, -0.014438495971262455, -0.013056086376309395, -0.01167367771267891, -0.010291269049048424, -0.008908859454095364, -0.007526450324803591, -0.006144041195511818, -0.004761632066220045, -0.0033792229369282722, -0.001996813341975212, -0.000614408403635025, 0.0007680007256567478, 0.0021504098549485207, 0.0035328189842402935, 0.004915228113532066, 0.006297637242823839, 0.007680046372115612, 0.009062455967068672, 0.010444864630699158, 0.011827273294329643, 0.013209682889282703, 0.014592092484235764, 0.01597450114786625, 0.017356909811496735, 0.01873932033777237, 0.020121729001402855, 0.02150413766503334, 0.022886546328663826, 0.02426895499229431, 0.025651365518569946, 0.027033774182200432, 0.028416182845830917, 0.029798593372106552, 0.031181002035737038, 0.03256341069936752, 0.03394582122564316, 0.035328228026628494, 0.03671063855290413, 0.038093045353889465, 0.0394754558801651, 0.040857866406440735, 0.04224027693271637, 0.043622683733701706]}, "gradients/fc_hidden.0.weight": {"_type": "histogram", "values": [1.0, 0.0, 0.0, 0.0, 0.0, 1.0, 1.0, 1.0, 1.0, 0.0, 1.0, 1.0, 0.0, 0.0, 1.0, 3.0, 0.0, 1.0, 1.0, 1.0, 1.0, 1.0, 5.0, 0.0, 3.0, 0.0, 6.0, 1.0, 0.0, 0.0, 0.0, 1.0, 129512.0, 3.0, 2.0, 2.0, 1.0, 2.0, 7.0, 7.0, 7.0, 3.0, 8.0, 3.0, 6.0, 0.0, 0.0, 1.0, 0.0, 0.0, 0.0, 0.0, 1.0, 1.0, 0.0, 0.0, 0.0, 0.0, 1.0, 0.0, 0.0, 0.0, 0.0, 1.0], "bins": [-0.036820150911808014, -0.03568844124674797, -0.034556735306978226, -0.03342502564191818, -0.03229331597685814, -0.031161610037088394, -0.03002990037202835, -0.028898192569613457, -0.027766484767198563, -0.02663477696478367, -0.025503067299723625, -0.02437135949730873, -0.023239651694893837, -0.022107943892478943, -0.0209762342274189, -0.019844526425004005, -0.018712816759943962, -0.017581108957529068, -0.016449399292469025, -0.01531769149005413, -0.014185983687639236, -0.013054274953901768, -0.011922566220164299, -0.010790858417749405, -0.009659148752689362, -0.008527440018951893, -0.007395732216536999, -0.00626402348279953, -0.005132315214723349, -0.004000606946647167, -0.0028688982129096985, -0.0017371904104948044, -0.0006054826080799103, 0.000526225776411593, 0.0016579341609030962, 0.0027896426618099213, 0.003921350929886103, 0.005053059197962284, 0.006184767931699753, 0.007316475734114647, 0.008448183536529541, 0.00957989227026701, 0.010711600072681904, 0.011843308806419373, 0.012975016608834267, 0.014106725342571735, 0.015238434076309204, 0.016370141878724098, 0.01750185154378414, 0.018633559346199036, 0.01976526901125908, 0.020896976813673973, 0.022028684616088867, 0.02316039428114891, 0.024292102083563805, 0.0254238098859787, 0.026555519551038742, 0.027687227353453636, 0.02881893701851368, 0.029950644820928574, 0.031082352623343468, 0.03221406042575836, 0.033345770090818405, 0.03447747975587845, 0.03560918569564819]}, "gradients/fc_input.bias": {"_type": "histogram",