{"graph_0": {"_type": "graph-file", "path": "media/graph/graph_0_summary_8de2b9d8.graph.json", "sha256": "8de2b9d82cde11ebb262899492b68b1196a05a918432a1801a10963ecb3dccdb", "size": 646}, "Train Loss": 0.3007972178359826, "Val Loss": 0.3703816303362449, "Train Acc": 86.36111111111111, "Val Acc": 84.41666666666667, "_runtime": 41, "_timestamp": 1618077960, "_step": 49, "gradients/linear_layers.1.bias": {"_type": "histogram", "values": [1.0, 0.0, 0.0, 0.0, 0.0, 0.0, 0.0, 0.0, 0.0, 0.0, 0.0, 0.0, 0.0, 0.0, 0.0, 0.0, 0.0, 0.0, 0.0, 0.0, 0.0, 0.0, 0.0, 0.0, 0.0, 0.0, 0.0, 0.0, 0.0, 0.0, 0.0, 0.0, 0.0, 0.0, 0.0, 0.0, 0.0, 0.0, 0.0, 0.0, 0.0, 0.0, 0.0, 0.0, 0.0, 0.0, 0.0, 0.0, 0.0, 0.0, 0.0, 0.0, 0.0, 0.0, 0.0, 0.0, 0.0, 0.0, 0.0, 0.0, 0.0, 0.0, 0.0, 1.0], "bins": [-0.06664660573005676, -0.06456390023231506, -0.062481194734573364, -0.06039848551154137, -0.05831578001379967, -0.05623307451605797, -0.05415036529302597, -0.05206765979528427, -0.04998495429754257, -0.04790224879980087, -0.045819543302059174, -0.043736834079027176, -0.04165412858128548, -0.03957142308354378, -0.03748871386051178, -0.03540600836277008, -0.03332330286502838, -0.031240597367286682, -0.029157890006899834, -0.027075182646512985, -0.024992477148771286, -0.022909771651029587, -0.02082706429064274, -0.01874435693025589, -0.01666165143251419, -0.014578945003449917, -0.012496238574385643, -0.01041353214532137, -0.008330825716257095, -0.0062481192871928215, -0.004165412858128548, -0.002082706429064274, 7.450580596923828e-09, 0.0020827138796448708, 0.004165420308709145, 0.006248126737773418, 0.008330833166837692, 0.010413539595901966, 0.01249624602496624, 0.014578952454030514, 0.016661658883094788, 0.018744364380836487, 0.020827071741223335, 0.022909779101610184, 0.024992484599351883, 0.027075190097093582, 0.02915789745748043, 0.03124060481786728, 0.03332331031560898, 0.03540601581335068, 0.03748872131109238, 0.039571430534124374, 0.041654136031866074, 0.04373684152960777, 0.04581955075263977, 0.04790225625038147, 0.04998496174812317, 0.05206766724586487, 0.05415037274360657, 0.056233081966638565, 0.058315787464380264, 0.060398492962121964, 0.06248120218515396, 0.06456390768289566, 0.06664661318063736]}, "gradients/linear_layers.1.weight": {"_type": "histogram", "values": [2.0, 5.0, 1.0, 0.0, 5.0, 5.0, 1.0, 2.0, 0.0, 2.0, 1.0, 1.0, 0.0, 0.0, 0.0, 0.0, 1.0, 0.0, 0.0, 0.0, 0.0, 0.0, 1.0, 3.0, 5.0, 8.0, 15.0, 6.0, 0.0, 1.0, 0.0, 1.0, 589.0, 0.0, 1.0, 0.0, 6.0, 15.0, 8.0, 5.0, 3.0, 1.0, 0.0, 0.0, 0.0, 0.0, 0.0, 1.0, 0.0, 0.0, 0.0, 0.0, 1.0, 1.0, 2.0, 0.0, 2.0, 1.0, 5.0, 5.0, 0.0, 1.0, 5.0, 2.0], "bins": [-0.05302596464753151, -0.05136890336871147, -0.049711842089891434, -0.048054780811071396, -0.04639771953225136, -0.04474065825343132, -0.04308359697461128, -0.041426535695791245, -0.03976947441697121, -0.03811241313815117, -0.03645535185933113, -0.03479829058051109, -0.033141229301691055, -0.03148416802287102, -0.02982710674405098, -0.028170045465230942, -0.026512982323765755, -0.024855921044945717, -0.02319885976612568, -0.02154179848730564, -0.019884737208485603, -0.018227674067020416, -0.01657061278820038, -0.014913552440702915, -0.013256490230560303, -0.011599428951740265, -0.009942367672920227, -0.00828530639410019, -0.006628244649618864, -0.004971182905137539, -0.003314121626317501, -0.0016570603474974632, 0.0, 0.0016570613952353597, 0.0033141227904707193, 0.004971184302121401, 0.006628245580941439, 0.008285307325422764, 0.009942368604242802, 0.01159942988306284, 0.013256490230560303, 0.01491355150938034, 0.01657061278820038, 0.018227674067020416, 0.019884735345840454, 0.021541796624660492, 0.02319885790348053, 0.024855919182300568, 0.026512982323765755, 0.028170043602585793, 0.02982710488140583, 0.03148416802287102, 0.033141229301691055, 0.03479829058051109, 0.03645535185933113, 0.03811241313815117, 0.03976947441697121, 0.041426535695791245, 0.04308359697461128, 0.04474065825343132, 0.04639771953225136, 0.048054780811071396, 0.049711842089891434, 0.05136890336871147, 0.05302596464753151]}, "gradients/linear_layers.0.bias": {"_type": "histogram", "values": [1.0, 1.0, 1.0, 1.0, 2.0, 3.0, 2.0, 2.0, 3.0, 3.0, 1.0, 1.0, 0.0, 0.0, 0.0, 0.0, 1.0, 1.0, 0.0, 1.0, 0.0, 0.0, 0.0, 0.0, 0.0, 0.0, 0.0, 0.0, 294.0, 0.0, 0.0, 0.0, 0.0, 0.0, 0.0, 0.0, 0.0, 0.0, 1.0, 0.0, 0.0, 0.0, 0.0, 0.0, 3.0, 1.0, 2.0, 2.0, 3.0, 3.0, 3.0, 3.0, 2.0, 2.0, 1.0, 1.0, 2.0, 6.0, 4.0, 1.0, 0.0, 0.0, 0.0, 2.0], "bins": [-0.018559154123067856, -0.01790776476264, -0.017256373539566994, -0.016604982316493988, -0.01595359295606613, -0.0153022026643157, -0.01465081237256527, -0.013999422080814838, -0.013348031789064407, -0.012696641497313976, -0.012045251205563545, -0.011393860913813114, -0.010742470622062683, -0.010091080330312252, -0.009439690038561821, -0.00878829974681139, -0.008136909455060959, -0.007485519163310528, -0.006834128871560097, -0.006182738579809666, -0.005531348288059235, -0.0048799579963088036, -0.0042285677045583725, -0.0035771774128079414, -0.0029257871210575104, -0.0022743968293070793, -0.0016230065375566483, -0.0009716162458062172, -0.00032022595405578613, 0.00033116433769464493, 0.000982554629445076, 0.001633944921195507, 0.002285335212945938, 0.002936725504696369, 0.0035881157964468002, 0.004239506088197231, 0.004890896379947662, 0.005542286671698093, 0.0061936769634485245, 0.0068450672551989555, 0.007496457546949387, 0.008147847838699818, 0.008799238130450249, 0.00945062842220068, 0.01010201871395111, 0.010753409005701542, 0.011404799297451973, 0.012056189589202404, 0.012707579880952835, 0.013358970172703266, 0.014010360464453697, 0.014661750756204128, 0.01531314104795456, 0.015964530408382416, 0.01661592163145542, 0.017267312854528427, 0.017918702214956284, 0.01857009157538414, 0.019221482798457146, 0.01987287402153015, 0.020524263381958008, 0.021175652742385864, 0.02182704396545887, 0.022478435188531876, 0.023129824548959732]}, "gradients/linear_layers.0.weight": {"_type": "histogram", "values": [5.0, 38.0, 144.0, 130.0, 330.0, 313.0, 469.0, 588.0, 670.0, 713.0, 758.0, 739.0, 455.0, 329.0, 165.0, 143.0, 182.0, 391.0, 462.0, 334.0, 479.0, 288.0, 175.0, 155.0, 110.0, 59.0, 16.0, 0.0, 105840.0, 0.0, 7.0, 42.0, 112.0, 168.0, 243.0, 353.0, 478.0, 568.0, 399.0, 378.0, 382.0, 396.0, 780.0, 660.0, 642.0, 679.0, 887.0, 923.0, 944.0, 779.0, 760.0, 529.0, 416.0, 694.0, 1062.0, 857.0, 375.0, 132.0, 76.0, 120.0, 182.0, 68.0, 25.0, 4.0], "bins": [-0.01538089383393526, -0.014840690419077873, -0.01430048793554306, -0.013760284520685673, -0.01322008203715086, -0.012679878622293472, -0.01213967613875866, -0.011599472723901272, -0.011059269309043884, -0.010519065894186497, -0.009978863410651684, -0.009438659995794296, -0.008898457512259483, -0.008358254097402096, -0.007818050682544708, -0.007277848199009895, -0.006737645715475082, -0.006197442766278982, -0.005657239817082882, -0.005117036402225494, -0.0045768339186906815, -0.004036630503833294, -0.0034964275546371937, -0.0029562246054410934, -0.002416021190583706, -0.0018758182413876057, -0.0013356151757761836, -0.0007954121101647615, -0.0002552091609686613, 0.0002849937882274389, 0.0008251969702541828, 0.001365399919450283, 0.0019056033343076706, 0.002445806283503771, 0.002986009232699871, 0.003526212414726615, 0.0040664151310920715, 0.004606618545949459, 0.005146821495145559, 0.0056870244443416595, 0.0062272269278764725, 0.006767429877072573, 0.007307632826268673, 0.00784783624112606, 0.008388038724660873, 0.008928242139518261, 0.009468445554375648, 0.010008648037910461, 0.010548851452767849, 0.011089054867625237, 0.01162925735116005, 0.012169460766017437, 0.01270966324955225, 0.013249866664409637, 0.01379006914794445, 0.014330272562801838, 0.014870475977659225, 0.015410679392516613, 0.015950882807374, 0.016491085290908813, 0.017031287774443626, 0.01757149025797844, 0.0181116946041584, 0.018651897087693214, 0.019192099571228027]}}