{"graph_0": {"_type": "graph-file", "path": "media/graph/graph_0_summary_0eefa70c.graph.json", "sha256": "0eefa70c7eeeccb6f6ac03d167d1a17d3cd8d651a0ecb81f866a14beb6800b4e", "size": 646}, "Train Loss": 0.038953206342245854, "Val Loss": 0.05214747120423809, "Train Acc": 98.88571428571429, "Val Acc": 98.04347826086956, "_runtime": 55, "_timestamp": 1620596217, "_step": 49, "gradients/linear_layers.1.bias": {"_type": "histogram", "values": [1.0, 0.0, 0.0, 0.0, 0.0, 0.0, 0.0, 0.0, 0.0, 0.0, 0.0, 0.0, 0.0, 0.0, 0.0, 0.0, 0.0, 0.0, 0.0, 0.0, 0.0, 0.0, 0.0, 0.0, 0.0, 0.0, 0.0, 0.0, 0.0, 0.0, 0.0, 0.0, 0.0, 0.0, 0.0, 0.0, 0.0, 0.0, 0.0, 0.0, 0.0, 0.0, 0.0, 0.0, 0.0, 0.0, 0.0, 0.0, 0.0, 0.0, 0.0, 0.0, 0.0, 0.0, 0.0, 0.0, 0.0, 0.0, 0.0, 0.0, 0.0, 0.0, 0.0, 1.0], "bins": [-0.008080746047198772, -0.007828222587704659, -0.007575699128210545, -0.007323175668716431, -0.007070652209222317, -0.006818128749728203, -0.006565605755895376, -0.006313082296401262, -0.006060558836907148, -0.0058080353774130344, -0.0055555119179189205, -0.005302988458424807, -0.00505046546459198, -0.004797942005097866, -0.004545418545603752, -0.004292895086109638, -0.004040371626615524, -0.0037878481671214104, -0.0035353247076272964, -0.003282801480963826, -0.0030302780214697123, -0.0027777545619755983, -0.002525231335312128, -0.002272707875818014, -0.0020201844163239002, -0.0017676609568297863, -0.0015151376137509942, -0.0012626142706722021, -0.0010100908111780882, -0.0007575673516839743, -0.0005050440086051822, -0.0002525206655263901, 1.862645149230957e-09, 0.00025252526393160224, 0.0005050486652180552, 0.0007575720665045083, 0.0010100954677909613, 0.0012626189272850752, 0.0015151422703638673, 0.0017676656134426594, 0.0020201890729367733, 0.0022727125324308872, 0.002525235991925001, 0.0027777592185884714, 0.0030302826780825853, 0.0032828061375766993, 0.0035353293642401695, 0.0037878528237342834, 0.004040376283228397, 0.004292899742722511, 0.004545423202216625, 0.004797946661710739, 0.005050470121204853, 0.005302993580698967, 0.005555516574531794, 0.0058080400340259075, 0.0060605634935200214, 0.006313086953014135, 0.006565610412508249, 0.006818133872002363, 0.00707065686583519, 0.007323180325329304, 0.007575703784823418, 0.007828227244317532, 0.008080750703811646]}, "gradients/linear_layers.1.weight": {"_type": "histogram", "values": [2.0, 4.0, 0.0, 1.0, 1.0, 5.0, 3.0, 2.0, 3.0, 3.0, 1.0, 1.0, 1.0, 1.0, 0.0, 1.0, 0.0, 0.0, 0.0, 0.0, 0.0, 0.0, 0.0, 0.0, 0.0, 0.0, 2.0, 1.0, 3.0, 8.0, 19.0, 567.0, 29.0, 19.0, 8.0, 3.0, 1.0, 2.0, 0.0, 0.0, 0.0, 0.0, 0.0, 0.0, 0.0, 0.0, 0.0, 0.0, 1.0, 0.0, 1.0, 1.0, 1.0, 1.0, 3.0, 3.0, 2.0, 3.0, 5.0, 1.0, 1.0, 0.0, 4.0, 2.0], "bins": [-0.011100134812295437, -0.01075325533747673, -0.010406375862658024, -0.010059497319161892, -0.009712617844343185, -0.009365738369524479, -0.009018858894705772, -0.00867198035120964, -0.008325100876390934, -0.007978221401572227, -0.007631342392414808, -0.007284462917596102, -0.0069375839084386826, -0.006590704433619976, -0.0062438249588012695, -0.00589694594964385, -0.005550066474825144, -0.005203187000006437, -0.004856307990849018, -0.004509428516030312, -0.004162549506872892, -0.003815670032054186, -0.003468790790066123, -0.00312191154807806, -0.0027750320732593536, -0.0024281528312712908, -0.002081273589283228, -0.0017343942308798432, -0.0013875149888917804, -0.0010406357469037175, -0.0006937563885003328, -0.00034687714651227, 1.862645149230957e-09, 0.00034688113373704255, 0.0006937604048289359, 0.0010406397050246596, 0.0013875189470127225, 0.0017343981890007854, 0.00208127754740417, 0.002428156789392233, 0.002775035798549652, 0.003121915040537715, 0.003468794282525778, 0.0038156737573444843, 0.0041625527665019035, 0.00450943224132061, 0.0048563117161393166, 0.005203190725296736, 0.005550070200115442, 0.005896949674934149, 0.006243828684091568, 0.0065907081589102745, 0.006937587168067694, 0.0072844666428864, 0.007631345652043819, 0.007978225126862526, 0.008325104601681232, 0.008671984076499939, 0.009018863551318645, 0.009365742094814777, 0.009712621569633484, 0.01005950104445219, 0.010406380519270897, 0.010753259062767029, 0.011100138537585735]}, "gradients/linear_layers.0.bias": {"_type": "histogram", "values": [1.0, 1.0, 2.0, 1.0, 2.0, 2.0, 6.0, 2.0, 2.0, 2.0, 4.0, 2.0, 1.0, 0.0, 1.0, 0.0, 0.0, 0.0, 0.0, 0.0, 0.0, 0.0, 0.0, 0.0, 0.0, 0.0, 0.0, 0.0, 269.0, 0.0, 0.0, 0.0, 0.0, 0.0, 0.0, 0.0, 0.0, 0.0, 0.0, 0.0, 0.0, 1.0, 1.0, 2.0, 0.0, 1.0, 3.0, 1.0, 2.0, 2.0, 6.0, 4.0, 7.0, 2.0, 2.0, 6.0, 4.0, 4.0, 4.0, 4.0, 1.0, 3.0, 1.0, 1.0], "bins": [-0.002523535629734397, -0.0024338054936379194, -0.002344075357541442, -0.0022543452214449644, -0.0021646153181791306, -0.002074885182082653, -0.0019851550459861755, -0.001895424909889698, -0.0018056947737932205, -0.001715964637696743, -0.0016262345016002655, -0.0015365044819191098, -0.0014467743458226323, -0.0013570442097261548, -0.0012673141900449991, -0.0011775840539485216, -0.001087853917852044, -0.0009981237817555666, -0.00090839370386675, -0.0008186636259779334, -0.0007289334898814559, -0.0006392033537849784, -0.0005494732758961618, -0.0004597431980073452, -0.0003700130619108677, -0.00028028295491822064, -0.0001905528479255736, -0.00010082274093292654, -1.1092633940279484e-05, 7.863747305236757e-05, 0.00016836758004501462, 0.0002580976579338312, 0.0003478277940303087, 0.0004375579010229558, 0.0005272880080156028, 0.0006170180859044194, 0.0007067482220008969, 0.0007964783580973744, 0.000886208435986191, 0.0009759385138750076, 0.0010656686499714851, 0.0011553987860679626, 0.0012451289221644402, 0.0013348589418455958, 0.0014245890779420733, 0.0015143192140385509, 0.0016040492337197065, 0.001693779369816184, 0.0017835095059126616, 0.001873239642009139, 0.0019629697781056166, 0.002052699914202094, 0.002142429817467928, 0.0022321599535644054, 0.002321890089660883, 0.0024116202257573605, 0.002501350361853838, 0.0025910804979503155, 0.002680810634046793, 0.0027705407701432705, 0.002860270906239748, 0.002950000809505582, 0.0030397309456020594, 0.003129461081698537, 0.0032191912177950144]}, "gradients/linear_layers.0.weight": {"_type": "histogram", "values": [3.0, 5.0, 6.0, 14.0, 18.0, 22.0, 39.0, 232.0, 301.0, 491.0, 410.0, 930.0, 1446.0, 1014.0, 860.0, 1279.0, 597.0, 459.0, 495.0, 289.0, 322.0, 265.0, 203.0, 186.0, 165.0, 114.0, 103.0, 249.0, 97160.0, 231.0, 145.0, 225.0, 292.0, 338.0, 360.0, 418.0, 433.0, 719.0, 755.0, 899.0, 662.0, 1136.0, 1055.0, 1186.0, 1969.0, 2134.0, 842.0, 1986.0, 1408.0, 1680.0, 1074.0, 501.0, 866.0, 274.0, 113.0, 58.0, 49.0, 43.0, 22.0, 24.0, 10.0, 11.0, 2.0, 3.0],