{"graph_0": {"_type": "graph-file", "path": "media/graph/graph_0_summary_92c13a2c.graph.json", "sha256": "92c13a2c258ee11e95d77ffa1abd27f10bbb5eda7788df676ee2f2cfee8616f0", "size": 1103}, "train-loss": 0.6387487774093946, "val-loss": 0.6372854987729178, "train-accuracy": 66.33333333333333, "val-accuracy": 66.58097686375321, "_runtime": 98, "_timestamp": 1617026840, "_step": 49, "gradients/fc_output.bias": {"_type": "histogram", "values": [1.0, 0.0, 0.0, 0.0, 0.0, 0.0, 0.0, 0.0, 0.0, 0.0, 0.0, 0.0, 0.0, 0.0, 0.0, 0.0, 0.0, 0.0, 0.0, 0.0, 0.0, 0.0, 0.0, 0.0, 0.0, 0.0, 0.0, 0.0, 0.0, 0.0, 0.0, 0.0, 0.0, 0.0, 0.0, 0.0, 0.0, 0.0, 0.0, 0.0, 0.0, 0.0, 0.0, 0.0, 0.0, 0.0, 0.0, 0.0, 0.0, 0.0, 0.0, 0.0, 0.0, 0.0, 0.0, 0.0, 0.0, 0.0, 0.0, 0.0, 0.0, 0.0, 0.0, 1.0], "bins": [-0.06900668144226074, -0.0668502226471901, -0.06469376385211945, -0.0625373050570488, -0.06038084998726845, -0.0582243911921978, -0.05606793239712715, -0.0539114736020565, -0.051755018532276154, -0.049598559737205505, -0.04744210094213486, -0.04528564214706421, -0.04312918707728386, -0.04097272828221321, -0.03881626948714256, -0.036659810692071915, -0.034503351897001266, -0.03234689310193062, -0.03019043616950512, -0.02803397737443447, -0.025877520442008972, -0.023721061646938324, -0.021564602851867676, -0.019408144056797028, -0.01725168526172638, -0.015095227397978306, -0.012938769534230232, -0.010782310739159584, -0.00862585287541151, -0.006469395011663437, -0.004312936216592789, -0.002156478352844715, -2.2351741790771484e-08, 0.0021564357448369265, 0.004312893841415644, 0.006469352170825005, 0.008625810034573078, 0.010782267898321152, 0.0129387266933918, 0.015095184557139874, 0.017251640558242798, 0.019408099353313446, 0.021564556285738945, 0.023721015080809593, 0.025877472013235092, 0.02803393080830574, 0.03019038960337639, 0.03234684839844704, 0.034503307193517685, 0.03665976598858833, 0.03881622478365898, 0.04097267985343933, 0.04312913864850998, 0.04528559744358063, 0.047442056238651276, 0.049598515033721924, 0.05175497382879257, 0.05391143262386322, 0.05606789141893387, 0.05822435021400452, 0.060380805283784866, 0.06253726780414581, 0.06469371914863586, 0.06685017794370651, 0.06900663673877716]}, "gradients/fc_output.weight": {"_type": "histogram", "values": [1.0, 0.0, 1.0, 0.0, 0.0, 0.0, 0.0, 0.0, 1.0, 0.0, 0.0, 0.0, 0.0, 0.0, 0.0, 0.0, 0.0, 0.0, 1.0, 0.0, 0.0, 0.0, 0.0, 1.0, 0.0, 0.0, 0.0, 0.0, 0.0, 0.0, 1.0, 4.0, 704.0, 1.0, 0.0, 0.0, 0.0, 0.0, 0.0, 0.0, 1.0, 0.0, 0.0, 0.0, 0.0, 1.0, 0.0, 0.0, 0.0, 0.0, 0.0, 0.0, 0.0, 0.0, 0.0, 1.0, 0.0, 0.0, 0.0, 0.0, 0.0, 1.0, 0.0, 1.0], "bins": [-0.008292927406728268, -0.008033773861825466, -0.00777461938560009, -0.0075154658406972885, -0.0072563118301332, -0.006997157819569111, -0.006738004274666309, -0.0064788502641022205, -0.006219696253538132, -0.005960542242974043, -0.005701388232409954, -0.0054422346875071526, -0.005183080676943064, -0.004923926666378975, -0.004664773121476173, -0.004405619110912085, -0.004146465100347996, -0.003887311089783907, -0.0036281573120504618, -0.0033690035343170166, -0.0031098495237529278, -0.002850695513188839, -0.002591541735455394, -0.0023323879577219486, -0.00207323394715786, -0.0018140800530090928, -0.0015549261588603258, -0.0012957722647115588, -0.0010366183705627918, -0.0007774644764140248, -0.0005183105822652578, -0.00025915668811649084, -3.725290298461914e-09, 0.00025915016885846853, 0.0005183040630072355, 0.0007774579571560025, 0.0010366118513047695, 0.0012957657454535365, 0.0015549196396023035, 0.0018140735337510705, 0.0020732274278998375, 0.0023323814384639263, 0.0025915352161973715, 0.0028506889939308167, 0.0031098430044949055, 0.0033689970150589943, 0.0036281507927924395, 0.0038873045705258846, 0.0041464585810899734, 0.004405612591654062, 0.004664766602218151, 0.004923920147120953, 0.005183074157685041, 0.00544222816824913, 0.005701381713151932, 0.005960535723716021, 0.006219689734280109, 0.006478843744844198, 0.006737997755408287, 0.0069971513003110886, 0.007256305310875177, 0.007515459321439266, 0.007774612866342068, 0.008033767342567444, 0.008292920887470245]}, "gradients/fc_hidden.1.bias": {"_type": "histogram", "values": [354.0, 1.0, 0.0, 0.0, 0.0, 0.0, 1.0, 0.0, 0.0, 1.0, 0.0, 0.0, 0.0, 0.0, 0.0, 0.0, 0.0, 0.0, 0.0, 0.0, 0.0, 0.0, 1.0, 0.0, 1.0, 0.0, 0.0, 0.0, 0.0, 0.0, 0.0, 0.0, 0.0, 0.0, 0.0, 0.0, 0.0, 0.0, 0.0, 0.0, 0.0, 0.0, 0.0, 0.0, 0.0, 0.0, 0.0, 0.0, 0.0, 0.0, 0.0, 0.0, 0.0, 0.0, 0.0, 0.0, 0.0, 0.0, 0.0, 0.0, 0.0, 0.0, 0.0, 1.0], "bins": [0.0, 0.00019565399270504713, 0.00039130798541009426, 0.0005869619781151414, 0.0007826159708201885, 0.0009782699635252357, 0.0011739239562302828, 0.00136957794893533, 0.001565231941640377, 0.0017608859343454242, 0.0019565399270504713, 0.0021521938033401966, 0.0023478479124605656, 0.0025435020215809345, 0.00273915589787066, 0.002934809774160385, 0.003130463883280754, 0.003326117992401123, 0.0035217718686908484, 0.0037174257449805737, 0.003913079854100943, 0.004108733963221312, 0.004304387606680393, 0.004500041715800762, 0.004695695824921131, 0.0048913499340415, 0.005087004043161869, 0.005282657686620951, 0.00547831179574132, 0.005673965904861689, 0.00586961954832077, 0.006065273657441139, 0.006260927766561508, 0.006456581875681877, 0.006652235984802246, 0.006847889628261328, 0.007043543737381697, 0.007239197846502066, 0.007434851489961147, 0.007630505599081516, 0.007826159708201885, 0.008021813817322254, 0.008217467926442623, 0.008413122035562992, 0.008608775213360786, 0.008804429322481155, 0.009000083431601524, 0.009195737540721893, 0.009391391649842262, 0.009587045758962631, 0.009782699868083, 0.00997835397720337, 0.010174008086323738, 0.010369661264121532, 0.010565315373241901, 0.01076096948236227, 0.01095662359148264, 0.011152277700603008, 0.011347931809723377, 0.011543585918843746, 0.01173923909664154, 0.01193489320576191, 0.012130547314882278, 0.012326201424002647, 0.012521855533123016]}, "gradients/fc_hidden.1.weight": {"_type": "histogram", "values": [0.0, 0.0, 0.0, 0.0, 0.0, 0.0, 0.0, 0.0, 0.0, 0.0, 0.0, 0.0, 0.0, 0.0, 0.0, 0.0, 0.0, 0.0, 0.0, 0.0, 0.0, 0.0, 0.0, 0.0, 0.0, 0.0, 0.0, 0.0, 0.0, 0.0, 0.0, 0.0, 129600.0, 0.0, 0.0, 0.0, 0.0, 0.0, 0.0, 0.0, 0.0, 0.0, 0.0, 0.0, 0.0, 0.0, 0.0, 0.0, 0.0, 0.0, 0.0, 0.0, 0.0, 0.0, 0.0, 0.0, 0.0, 0.0, 0.0, 0.0, 0.0, 0.0, 0.0, 0.0], "bins": [0.0, 0.0, 0.0, 0.0, 0.0, 0.0, 0.0, 0.0, 0.0, 0.0, 0.0, 0.0, 0.0, 0.0, 0.0, 0.0, 0.0, 0.0, 0.0, 0.0, 0.0, 0.0, 0.0, 0.0, 0.0, 0.0, 0.0, 0.0, 0.0, 0.0, 0.0, 0.0, 0.0, 0.0, 0.0, 0.0, 0.0, 0.0, 0.0, 0.0, 0.0, 0.0, 0.0, 0.0, 0.0, 0.0, 0.0, 0.0, 0.0, 0.0, 0.0, 0.0, 0.0, 0.0, 0.0, 0.0, 0.0, 0.0, 0.0, 0.0, 0.0, 0.0, 0.0, 0.0, 0.0]}, "gradients/fc_hidden.0.bias": {"_type": "histogram", "values": [0.0, 0.0, 0.0, 0.0, 0.0, 0.0, 0.0, 0.0, 0.0, 0.0, 0.0, 0.0, 0.0, 0.0, 0.0, 0.0, 0.0, 0.0, 0.0, 0.0, 0.0, 0.0, 0.0, 0.0, 0.0, 0.0, 0.0, 0.0, 0.0, 0.0, 0.0, 0.0, 360.0, 0.0, 0.0, 0.0, 0.0, 0.0, 0.0, 0.0, 0.0, 0.0, 0.0, 0.0, 0.0, 0.0, 0.0, 0.0, 0.0, 0.0, 0.0, 0.0, 0.0, 0.0, 0.0, 0.0, 0.0, 0.0, 0.0, 0.0, 0.0, 0.0, 0.0, 0.0], "bins": [0.0, 0.0, 0.0, 0.0, 0.0, 0.0, 0.0, 0.0, 0.0, 0.0, 0.0, 0.0, 0.0, 0.0, 0.0, 0.0, 0.0, 0.0, 0.0, 0.0, 0.0, 0.0, 0.0, 0.0, 0.0, 0.0, 0.0, 0.0, 0.0, 0.0, 0.0, 0.0, 0.0, 0.0, 0.0, 0.0, 0.0, 0.0, 0.0, 0.0, 0.0, 0.0, 0.0, 0.0, 0.0, 0.0, 0.0, 0.0, 0.0, 0.0, 0.0, 0.0, 0.0, 0.0, 0.0, 0.0, 0.0, 0.0, 0.0, 0.0, 0.0, 0.0, 0.0, 0.0, 0.0]}, "gradients/fc_hidden.0.weight": {"_type": "histogram", "values": [0.0, 0.0, 0.0, 0.0, 0.0, 0.0, 0.0, 0.0, 0.0, 0.0, 0.0, 0.0, 0.0, 0.0, 0.0, 0.0, 0.0, 0.0, 0.0, 0.0, 0.0, 0.0, 0.0, 0.0, 0.0, 0.0, 0.0, 0.0, 0.0, 0.0, 0.0, 0.0, 129600.0, 0.0, 0.0, 0.0, 0.0, 0.0, 0.0, 0.0, 0.0, 0.0, 0.0, 0.0, 0.0, 0.0, 0.0, 0.0, 0.0, 0.0, 0.0, 0.0, 0.0, 0.0, 0.0, 0.0, 0.0, 0.0, 0.0, 0.0, 0.0, 0.0, 0.0, 0.0],