{"graph_0": {"_type": "graph-file", "path": "media/graph/graph_0_summary_efb3e774.graph.json", "sha256": "efb3e774b3c476676af86786128c4d3f6ae1ce888dfd6a16d75156bb8a233637", "size": 1261}, "Train Loss": 0.6379563435912132, "Val Loss": 0.6371398771943041, "Train Acc": 66.41666666666667, "Val Acc": 66.58097686375321, "_runtime": 90, "_timestamp": 1617033307, "_step": 49, "gradients/fc_output.bias": {"_type": "histogram", "values": [1.0, 0.0, 0.0, 0.0, 0.0, 0.0, 0.0, 0.0, 0.0, 0.0, 0.0, 0.0, 0.0, 0.0, 0.0, 0.0, 0.0, 0.0, 0.0, 0.0, 0.0, 0.0, 0.0, 0.0, 0.0, 0.0, 0.0, 0.0, 0.0, 0.0, 0.0, 0.0, 0.0, 0.0, 0.0, 0.0, 0.0, 0.0, 0.0, 0.0, 0.0, 0.0, 0.0, 0.0, 0.0, 0.0, 0.0, 0.0, 0.0, 0.0, 0.0, 0.0, 0.0, 0.0, 0.0, 0.0, 0.0, 0.0, 0.0, 0.0, 0.0, 0.0, 0.0, 1.0], "bins": [-0.007622506469488144, -0.007384303025901318, -0.007146099582314491, -0.006907896138727665, -0.006669693160802126, -0.0064314897172153, -0.006193286273628473, -0.005955082830041647, -0.005716879852116108, -0.005478676408529282, -0.005240472964942455, -0.005002269521355629, -0.00476406654343009, -0.004525863099843264, -0.004287659656256437, -0.004049456212669611, -0.0038112527690827847, -0.0035730493254959583, -0.0033348461147397757, -0.0030966426711529493, -0.0028584394603967667, -0.0026202360168099403, -0.002382032573223114, -0.0021438291296362877, -0.0019056256860494614, -0.0016674223588779569, -0.0014292190317064524, -0.001191015588119626, -0.0009528122609481215, -0.000714608933776617, -0.0004764054901897907, -0.00023820216301828623, 9.313225746154785e-10, 0.00023820428759790957, 0.0004764076438732445, 0.0007146110292524099, 0.0009528143564239144, 0.001191017683595419, 0.0014292211271822453, 0.0016674244543537498, 0.0019056275486946106, 0.002143830992281437, 0.0023820342030376196, 0.002620237646624446, 0.0028584408573806286, 0.003096644300967455, 0.0033348477445542812, 0.0035730511881411076, 0.003811254631727934, 0.00404945807531476, 0.0042876615189015865, 0.0045258644968271255, 0.004764067940413952, 0.005002271384000778, 0.0052404748275876045, 0.005478678271174431, 0.005716881714761257, 0.0059550851583480835, 0.00619328860193491, 0.006431492045521736, 0.006669695023447275, 0.0069078984670341015, 0.007146101910620928, 0.007384305354207754, 0.007622508332133293]}, "gradients/fc_output.weight": {"_type": "histogram", "values": [1.0, 0.0, 0.0, 0.0, 0.0, 0.0, 0.0, 0.0, 0.0, 0.0, 0.0, 0.0, 1.0, 0.0, 0.0, 0.0, 0.0, 0.0, 0.0, 0.0, 1.0, 0.0, 0.0, 0.0, 1.0, 0.0, 0.0, 0.0, 2.0, 2.0, 2.0, 695.0, 5.0, 2.0, 2.0, 2.0, 0.0, 0.0, 0.0, 1.0, 0.0, 0.0, 0.0, 1.0, 0.0, 0.0, 0.0, 0.0, 0.0, 0.0, 0.0, 1.0, 0.0, 0.0, 0.0, 0.0, 0.0, 0.0, 0.0, 0.0, 0.0, 0.0, 0.0, 1.0], "bins": [-0.005330688785761595, -0.005164104513823986, -0.004997520707547665, -0.004830936901271343, -0.0046643526293337345, -0.004497768357396126, -0.004331184551119804, -0.004164600744843483, -0.003998016472905874, -0.003831432433798909, -0.003664848394691944, -0.003498264355584979, -0.003331680316478014, -0.003165096277371049, -0.002998512238264084, -0.002831928199157119, -0.0026653441600501537, -0.0024987601209431887, -0.0023321760818362236, -0.0021655920427292585, -0.0019990080036222935, -0.0018324239645153284, -0.0016658399254083633, -0.0014992558863013983, -0.0013326718471944332, -0.0011660878080874681, -0.000999503768980503, -0.000832919729873538, -0.000666335690766573, -0.0004997516516596079, -0.0003331676125526428, -0.00016658357344567776, 4.656612873077393e-10, 0.00016658450476825237, 0.00033316854387521744, 0.0004997525829821825, 0.0006663366220891476, 0.0008329206611961126, 0.0009995047003030777, 0.0011660887394100428, 0.0013326727785170078, 0.001499256817623973, 0.001665840856730938, 0.001832424895837903, 0.001999008934944868, 0.002165592974051833, 0.0023321770131587982, 0.0024987610522657633, 0.0026653450913727283, 0.0028319291304796934, 0.0029985131695866585, 0.0031650972086936235, 0.0033316812478005886, 0.0034982652869075537, 0.0036648493260145187, 0.003831433365121484, 0.003998017404228449, 0.004164601676166058, 0.004331185482442379, 0.0044977692887187, 0.004664353560656309, 0.004830937832593918, 0.004997521638870239, 0.005164105445146561, 0.005330689717084169]}, "gradients/fc_hidden.1.bias": {"_type": "histogram", "values": [1.0, 0.0, 0.0, 0.0, 1.0, 1.0, 2.0, 350.0, 0.0, 0.0, 0.0, 0.0, 0.0, 1.0, 0.0, 0.0, 0.0, 1.0, 0.0, 0.0, 0.0, 0.0, 0.0, 0.0, 1.0, 0.0, 0.0, 0.0, 0.0, 0.0, 0.0, 0.0, 0.0, 0.0, 0.0, 0.0, 0.0, 0.0, 0.0, 0.0, 0.0, 0.0, 0.0, 0.0, 0.0, 0.0, 0.0, 0.0, 0.0, 0.0, 0.0, 1.0, 0.0, 0.0, 0.0, 0.0, 0.0, 0.0, 0.0, 0.0, 0.0, 0.0, 0.0, 1.0], "bins": [-0.0003971325058955699, -0.00034124066587537527, -0.0002853488258551806, -0.0002294570003869012, -0.00017356516036670655, -0.00011767333489842713, -6.178149487823248e-05, -5.889654858037829e-06, 5.000218516215682e-05, 0.00010589402518235147, 0.00016178586520254612, 0.00021767769067082554, 0.0002735695452429354, 0.0003294613561592996, 0.00038535319617949426, 0.0004412450361996889, 0.0004971368471160531, 0.0005530286580324173, 0.0006089205271564424, 0.0006648123380728066, 0.0007207042071968317, 0.0007765960181131959, 0.0008324878290295601, 0.0008883796981535852, 0.0009442715672776103, 0.0010001633781939745, 0.0010560551891103387, 0.0011119471164420247, 0.001167838927358389, 0.001223730738274753, 0.0012796225491911173, 0.0013355144765228033, 0.0013914062874391675, 0.0014472980983555317, 0.0015031899092718959, 0.001559081836603582, 0.001614973647519946, 0.0016708654584363103, 0.0017267572693526745, 0.0017826491966843605, 0.0018385410076007247, 0.0018944328185170889, 0.001950324629433453, 0.0020062164403498173, 0.0020621083676815033, 0.0021180002950131893, 0.0021738919895142317, 0.0022297839168459177, 0.00228567561134696, 0.002341567538678646, 0.0023974592331796885, 0.0024533511605113745, 0.002509242855012417, 0.002565134782344103, 0.002621026709675789, 0.0026769184041768312, 0.0027328103315085173, 0.0027887022588402033, 0.0028445939533412457, 0.0029004858806729317, 0.002956377575173974, 0.00301226950250566, 0.003068161429837346, 0.0031240531243383884, 0.0031799450516700745]}, "gradients/fc_hidden.1.weight": {"_type": "histogram", "values": [0.0, 0.0, 0.0, 0.0, 0.0, 0.0, 0.0, 0.0, 0.0, 0.0, 0.0, 0.0, 0.0, 0.0, 0.0, 0.0, 0.0, 0.0, 0.0, 0.0, 0.0, 0.0, 0.0, 0.0, 0.0, 0.0, 0.0, 0.0, 0.0, 0.0, 0.0, 0.0, 129600.0, 0.0, 0.0, 0.0, 0.0, 0.0, 0.0, 0.0, 0.0, 0.0, 0.0, 0.0, 0.0, 0.0, 0.0, 0.0, 0.0, 0.0, 0.0, 0.0, 0.0, 0.0, 0.0, 0.0, 0.0, 0.0, 0.0, 0.0, 0.0, 0.0, 0.0, 0.0], "bins": [0.0, 0.0, 0.0, 0.0, 0.0, 0.0, 0.0, 0.0, 0.0, 0.0, 0.0, 0.0, 0.0, 0.0, 0.0, 0.0, 0.0, 0.0, 0.0, 0.0, 0.0, 0.0, 0.0, 0.0, 0.0, 0.0, 0.0, 0.0, 0.0, 0.0, 0.0, 0.0, 0.0, 0.0, 0.0, 0.0, 0.0, 0.0, 0.0, 0.0, 0.0, 0.0, 0.0, 0.0, 0.0, 0.0, 0.0, 0.0, 0.0, 0.0, 0.0, 0.0, 0.0, 0.0, 0.0, 0.0, 0.0, 0.0, 0.0, 0.0, 0.0, 0.0, 0.0, 0.0, 0.0]}, "gradients/fc_hidden.0.bias": {"_type": "histogram", "values": [0.0, 0.0, 0.0, 0.0, 0.0, 0.0, 0.0, 0.0, 0.0, 0.0, 0.0, 0.0, 0.0, 0.0, 0.0, 0.0, 0.0, 0.0, 0.0, 0.0, 0.0, 0.0, 0.0, 0.0, 0.0, 0.0, 0.0, 0.0, 0.0, 0.0, 0.0, 0.0, 360.0, 0.0, 0.0, 0.0, 0.0, 0.0, 0.0, 0.0, 0.0, 0.0, 0.0, 0.0, 0.0, 0.0, 0.0, 0.0, 0.0, 0.0, 0.0, 0.0, 0.0, 0.0, 0.0, 0.0, 0.0, 0.0, 0.0, 0.0, 0.0, 0.0, 0.0, 0.0], "bins": [0.0, 0.0, 0.0, 0.0, 0.0, 0.0, 0.0, 0.0, 0.0, 0.0, 0.0, 0.0, 0.0, 0.0, 0.0, 0.0, 0.0, 0.0, 0.0, 0.0, 0.0, 0.0, 0.0, 0.0, 0.0, 0.0, 0.0, 0.0, 0.0, 0.0, 0.0, 0.0, 0.0, 0.0, 0.0, 0.0, 0.0, 0.0, 0.0, 0.0, 0.0, 0.0, 0.0, 0.0, 0.0, 0.0, 0.0, 0.0, 0.0, 0.0, 0.0, 0.0, 0.0, 0.0, 0.0, 0.0, 0.0, 0.0, 0.0, 0.0, 0.0, 0.0, 0.0, 0.0, 0.0]}, "gradients/fc_hidden.0.weight": {"_type": "histogram", "values": [0.0, 0.0, 0.0, 0.0, 0.0, 0.0, 0.0, 0.0, 0.0, 0.0, 0.0, 0.0, 0.0, 0.0, 0.0, 0.0, 0.0, 0.0, 0.0, 0.0, 0.0, 0.0, 0.0, 0.0, 0.0, 0.0, 0.0, 0.0, 0.0, 0.0, 0.0, 0.0, 129600.0, 0.0, 0.0, 0.0, 0.0, 0.0, 0.0, 0.0, 0.0, 0.0, 0.0, 0.0, 0.0, 0.0, 0.0, 0.0, 0.0, 0.0, 0.0, 0.0, 0.0, 0.0, 0.0, 0.0, 0.0, 0.0, 0.0, 0.0, 0.0, 0.0, 0.0, 0.0],