{"graph_0": {"_type": "graph-file", "path": "media/graph/graph_0_summary_71f47ab8.graph.json", "sha256": "71f47ab8b5d84b3db6d3b03863731e9d169cd030e362c6b6c1f6b9d4813ccd4f", "size": 868}, "Train Loss": 0.17266507022496727, "Val Loss": 0.22416023804831317, "Train Acc": 93.44444444444444, "Val Acc": 91.3992297817715, "_runtime": 156, "_timestamp": 1617137129, "_step": 49, "gradients/fc_output.bias": {"_type": "histogram", "values": [1.0, 0.0, 0.0, 0.0, 0.0, 0.0, 0.0, 0.0, 0.0, 0.0, 0.0, 0.0, 0.0, 0.0, 0.0, 0.0, 0.0, 0.0, 0.0, 0.0, 0.0, 0.0, 0.0, 0.0, 0.0, 0.0, 0.0, 0.0, 0.0, 0.0, 0.0, 0.0, 0.0, 0.0, 0.0, 0.0, 0.0, 0.0, 0.0, 0.0, 0.0, 0.0, 0.0, 0.0, 0.0, 0.0, 0.0, 0.0, 0.0, 0.0, 0.0, 0.0, 0.0, 0.0, 0.0, 0.0, 0.0, 0.0, 0.0, 0.0, 0.0, 0.0, 0.0, 1.0], "bins": [-0.08397215604782104, -0.08134802430868149, -0.07872389256954193, -0.07609976828098297, -0.07347563654184341, -0.07085150480270386, -0.0682273730635643, -0.06560324132442474, -0.06297911703586578, -0.06035498529672623, -0.05773085728287697, -0.05510672554373741, -0.05248259752988815, -0.049858465790748596, -0.04723433405160904, -0.04461020603775978, -0.041986074298620224, -0.03936194255948067, -0.03673781454563141, -0.03411368280649185, -0.03148955479264259, -0.028865423053503036, -0.02624129317700863, -0.02361716330051422, -0.020993031561374664, -0.018368901684880257, -0.01574477180838585, -0.013120641000568867, -0.010496511124074459, -0.007872381247580051, -0.005248250439763069, -0.0026241205632686615, 7.450580596923828e-09, 0.0026241375599056482, 0.0052482676692306995, 0.007872398011386395, 0.010496527887880802, 0.01312065776437521, 0.015744788572192192, 0.0183689184486866, 0.020993046462535858, 0.023617176339030266, 0.026241306215524673, 0.02886543795466423, 0.03148956596851349, 0.034113697707653046, 0.0367378294467926, 0.03936195746064186, 0.04198608919978142, 0.044610220938920975, 0.04723434895277023, 0.04985848069190979, 0.05248260870575905, 0.055106740444898605, 0.057730868458747864, 0.06035500019788742, 0.06297913193702698, 0.06560326367616653, 0.06822739541530609, 0.07085151970386505, 0.07347565144300461, 0.07609978318214417, 0.07872391492128372, 0.08134804666042328, 0.08397217094898224]}, "gradients/fc_output.weight": {"_type": "histogram", "values": [1.0, 2.0, 0.0, 2.0, 1.0, 3.0, 2.0, 5.0, 4.0, 3.0, 2.0, 3.0, 9.0, 3.0, 4.0, 5.0, 10.0, 6.0, 8.0, 8.0, 10.0, 6.0, 12.0, 5.0, 9.0, 7.0, 5.0, 4.0, 2.0, 1.0, 3.0, 20.0, 410.0, 3.0, 1.0, 2.0, 4.0, 5.0, 7.0, 9.0, 5.0, 12.0, 6.0, 10.0, 8.0, 8.0, 6.0, 10.0, 5.0, 4.0, 3.0, 9.0, 3.0, 2.0, 3.0, 4.0, 5.0, 2.0, 3.0, 1.0, 2.0, 0.0, 2.0, 1.0], "bins": [-0.034351591020822525, -0.03327810391783714, -0.03220461681485176, -0.03113112971186638, -0.030057642608880997, -0.028984155505895615, -0.027910668402910233, -0.02683718129992485, -0.02576369419693947, -0.024690207093954086, -0.023616719990968704, -0.022543232887983322, -0.02146974578499794, -0.020396258682012558, -0.019322771579027176, -0.018249284476041794, -0.017175795510411263, -0.01610230840742588, -0.015028821304440498, -0.013955334201455116, -0.012881847098469734, -0.011808359995484352, -0.010734871961176395, -0.009661384858191013, -0.008587896823883057, -0.0075144097208976746, -0.0064409226179122925, -0.005367435049265623, -0.004293947946280241, -0.003220460843294859, -0.0021469732746481895, -0.0010734861716628075, 0.0, 0.001073487219400704, 0.002146974438801408, 0.0032204617746174335, 0.004293948877602816, 0.005367435980588198, 0.006440923549234867, 0.007514410652220249, 0.008587896823883057, 0.009661383926868439, 0.01073487102985382, 0.011808358132839203, 0.012881845235824585, 0.013955332338809967, 0.015028820373117924, 0.01610230654478073, 0.017175795510411263, 0.018249282613396645, 0.019322769716382027, 0.02039625681936741, 0.02146974392235279, 0.022543231025338173, 0.023616719990968704, 0.024690207093954086, 0.02576369419693947, 0.02683718129992485, 0.027910668402910233, 0.028984155505895615, 0.030057642608880997, 0.03113112971186638, 0.03220461681485176, 0.03327810391783714, 0.034351591020822525]}, "gradients/fc_hidden.0.bias": {"_type": "histogram", "values": [1.0, 1.0, 2.0, 4.0, 4.0, 3.0, 3.0, 6.0, 5.0, 4.0, 1.0, 5.0, 9.0, 4.0, 2.0, 3.0, 3.0, 0.0, 0.0, 2.0, 0.0, 3.0, 1.0, 1.0, 0.0, 0.0, 202.0, 1.0, 2.0, 1.0, 1.0, 2.0, 2.0, 2.0, 6.0, 3.0, 4.0, 8.0, 3.0, 6.0, 9.0, 0.0, 3.0, 6.0, 7.0, 7.0, 7.0, 2.0, 2.0, 2.0, 2.0, 0.0, 0.0, 0.0, 1.0, 1.0, 0.0, 0.0, 0.0, 0.0, 0.0, 0.0, 0.0, 1.0], "bins": [-0.01923200488090515, -0.01851002313196659, -0.01778804324567318, -0.01706606149673462, -0.01634407974779606, -0.015622099861502647, -0.014900118112564087, -0.014178137294948101, -0.013456156477332115, -0.01273417565971613, -0.012012193910777569, -0.011290213093161583, -0.010568232275545597, -0.009846251457929611, -0.00912426970899105, -0.008402288891375065, -0.007680307142436504, -0.006958325859159231, -0.006236345041543245, -0.005514363758265972, -0.004792382940649986, -0.004070401657372713, -0.00334842037409544, -0.002626439556479454, -0.0019044578075408936, -0.001182476757094264, -0.0004604955902323127, 0.00026148557662963867, 0.0009834666270762682, 0.0017054476775228977, 0.002427428960800171, 0.0031494097784161568, 0.0038713905960321426, 0.004593371879309416, 0.005315352696925402, 0.006037333980202675, 0.006759314797818661, 0.007481296081095934, 0.008203277364373207, 0.008925258181989193, 0.009647238999605179, 0.010369219817221165, 0.011091201566159725, 0.011813182383775711, 0.012535163201391697, 0.013257144019007683, 0.013979125767946243, 0.01470110658556223, 0.01542308833450079, 0.016145069152116776, 0.016867050901055336, 0.017589032649993896, 0.018311012536287308, 0.019032994285225868, 0.01975497603416443, 0.02047695592045784, 0.0211989376693964, 0.02192091941833496, 0.022642899304628372, 0.023364881053566933, 0.024086862802505493, 0.024808842688798904, 0.025530824437737465, 0.026252806186676025, 0.026974786072969437]}, "gradients/fc_hidden.0.weight": {"_type": "histogram", "values": [1.0, 1.0, 3.0, 6.0, 5.0, 5.0, 13.0, 16.0, 12.0, 20.0, 19.0, 21.0, 18.0, 22.0, 25.0, 16.0, 21.0, 9.0, 6.0, 3.0, 4.0, 10.0, 5.0, 25.0, 225.0, 987.0, 125864.0, 1443.0, 394.0, 49.0, 13.0, 11.0, 13.0, 17.0, 24.0, 20.0, 28.0, 22.0, 24.0, 23.0, 25.0, 22.0, 20.0, 25.0, 18.0, 11.0, 12.0, 7.0, 3.0, 2.0, 3.0, 2.0, 1.0, 1.0, 1.0, 1.0, 0.0, 0.0, 1.0, 1.0, 0.0, 0.0, 0.0, 1.0], "bins": [-0.04750475287437439, -0.045721277594566345, -0.043937798589468, -0.04215432330965996, -0.04037084802985191, -0.03858736902475357, -0.036803893744945526, -0.03502041846513748, -0.03323694318532944, -0.03145346790552139, -0.0296699907630682, -0.027886513620615005, -0.02610303834080696, -0.024319561198353767, -0.022536084055900574, -0.02075260877609253, -0.018969129770994186, -0.017185652628540993, -0.015402177348732948, -0.013618700206279755, -0.011835223995149136, -0.010051747784018517, -0.008268270641565323, -0.006484794430434704, -0.0047013163566589355, -0.002917839912697673, -0.0011343634687364101, 0.0006491132080554962, 0.0024325894191861153, 0.004216065630316734, 0.005999542772769928, 0.007783018983900547, 0.009566493332386017, 0.011349969543516636, 0.013133445754647255, 0.014916922897100449, 0.016700398176908493, 0.018483875319361687, 0.02026735246181488, 0.022050827741622925, 0.02383430302143097, 0.025617780163884163, 0.027401255443692207, 0.0291847325861454, 0.030968207865953445, 0.03275168687105179, 0.03453516215085983, 0.03631863743066788, 0.03810211643576622, 0.039885591715574265, 0.04166907072067261, 0.04345254600048065, 0.045236021280288696, 0.04701949656009674, 0.048802975565195084, 0.05058645084500313, 0.05236992985010147, 0.054153405129909515, 0.05593688413500786, 0.0577203594148159, 0.05950383469462395, 0.06128731369972229, 0.06307078897953033, 0.06485426425933838, 0.06663773953914642]}, "gradients/fc_input.bias": {"_type": "histogram",