{"graph_0": {"_type": "graph-file", "path": "media/graph/graph_0_summary_c5e3773f.graph.json", "sha256": "c5e3773fae95341a9a6cd91099c507cc7a32dda91b8035b1bfb1aa8cc50f712b", "size": 868}, "Train Loss": 0.33567362858189476, "Val Loss": 0.2509679289162159, "Train Acc": 85.19444444444444, "Val Acc": 89.8, "_runtime": 95, "_timestamp": 1617137379, "_step": 49, "gradients/fc_output.bias": {"_type": "histogram", "values": [1.0, 0.0, 0.0, 0.0, 0.0, 0.0, 0.0, 0.0, 0.0, 0.0, 0.0, 0.0, 0.0, 0.0, 0.0, 0.0, 0.0, 0.0, 0.0, 0.0, 0.0, 0.0, 0.0, 0.0, 0.0, 0.0, 0.0, 0.0, 0.0, 0.0, 0.0, 0.0, 0.0, 0.0, 0.0, 0.0, 0.0, 0.0, 0.0, 0.0, 0.0, 0.0, 0.0, 0.0, 0.0, 0.0, 0.0, 0.0, 0.0, 0.0, 0.0, 0.0, 0.0, 0.0, 0.0, 0.0, 0.0, 0.0, 0.0, 0.0, 0.0, 0.0, 0.0, 1.0], "bins": [-0.020952332764863968, -0.020297572016716003, -0.01964281126856804, -0.018988050520420074, -0.01833329163491726, -0.017678530886769295, -0.01702377013862133, -0.016369009390473366, -0.0157142486423254, -0.015059487894177437, -0.014404728077352047, -0.013749967329204082, -0.013095206581056118, -0.012440446764230728, -0.011785686016082764, -0.0111309252679348, -0.01047616545110941, -0.009821404702961445, -0.009166644886136055, -0.00851188413798809, -0.007857123389840126, -0.007202363107353449, -0.006547602824866772, -0.005892842076718807, -0.005238082259893417, -0.00458332197740674, -0.003928561229258776, -0.0032738009467720985, -0.0026190404314547777, -0.001964279916137457, -0.0013095196336507797, -0.0006547588855028152, 1.862645149230957e-09, 0.0006547623197548091, 0.001309522776864469, 0.001964283175766468, 0.002619043691083789, 0.0032738042064011097, 0.003928564488887787, 0.004583325237035751, 0.005238085985183716, 0.005892846267670393, 0.0065476070158183575, 0.007202367298305035, 0.007857128046452999, 0.008511887863278389, 0.009166648611426353, 0.009821409359574318, 0.010476169176399708, 0.011130929924547672, 0.011785689741373062, 0.012440450489521027, 0.013095211237668991, 0.013749971985816956, 0.014404731802642345, 0.01505949255079031, 0.0157142523676157, 0.016369013115763664, 0.01702377386391163, 0.017678532749414444, 0.01833329349756241, 0.018988054245710373, 0.019642814993858337, 0.020297575742006302, 0.020952336490154266]}, "gradients/fc_output.weight": {"_type": "histogram", "values": [2.0, 1.0, 1.0, 2.0, 1.0, 1.0, 4.0, 4.0, 4.0, 2.0, 6.0, 4.0, 5.0, 5.0, 6.0, 6.0, 6.0, 4.0, 13.0, 9.0, 6.0, 10.0, 6.0, 11.0, 8.0, 11.0, 7.0, 7.0, 9.0, 11.0, 9.0, 345.0, 13.0, 9.0, 11.0, 9.0, 7.0, 7.0, 11.0, 8.0, 11.0, 6.0, 10.0, 6.0, 9.0, 13.0, 4.0, 6.0, 6.0, 6.0, 5.0, 5.0, 4.0, 6.0, 2.0, 4.0, 4.0, 4.0, 1.0, 1.0, 2.0, 1.0, 1.0, 2.0], "bins": [-0.008596944622695446, -0.008328289724886417, -0.008059635758399963, -0.007790980860590935, -0.0075223264284431934, -0.007253671996295452, -0.0069850170984864235, -0.006716362666338682, -0.006447708234190941, -0.0061790538020431995, -0.005910399369895458, -0.00564174447208643, -0.005373090039938688, -0.005104435607790947, -0.004835780709981918, -0.004567126277834177, -0.004298471845686436, -0.004029817413538694, -0.0037611627485603094, -0.0034925080835819244, -0.003223853651434183, -0.002955199219286442, -0.002686544554308057, -0.002417889889329672, -0.0021492354571819305, -0.0018805809086188674, -0.0016119263600558043, -0.001343271811492741, -0.001074617262929678, -0.0008059627143666148, -0.0005373081658035517, -0.00026865361724048853, 0.0, 0.00026865454856306314, 0.0005373090971261263, 0.0008059636456891894, 0.0010746181942522526, 0.0013432727428153157, 0.0016119272913783789, 0.001880581839941442, 0.002149236388504505, 0.0024178908206522465, 0.0026865454856306314, 0.0029552001506090164, 0.0032238545827567577, 0.003492509014904499, 0.003761163679882884, 0.004029818344861269, 0.00429847277700901, 0.004567127209156752, 0.004835781641304493, 0.005104436539113522, 0.005373090971261263, 0.005641745403409004, 0.005910400301218033, 0.006179054733365774, 0.0064477091655135155, 0.006716363597661257, 0.006985018029808998, 0.007253672927618027, 0.007522327359765768, 0.007790981791913509, 0.008059636689722538, 0.008328290656208992, 0.00859694555401802]}, "gradients/fc_hidden.0.bias": {"_type": "histogram", "values": [1.0, 1.0, 1.0, 0.0, 0.0, 1.0, 1.0, 4.0, 1.0, 2.0, 4.0, 2.0, 1.0, 4.0, 5.0, 7.0, 2.0, 3.0, 7.0, 5.0, 4.0, 5.0, 4.0, 4.0, 1.0, 4.0, 1.0, 7.0, 6.0, 2.0, 3.0, 4.0, 3.0, 2.0, 168.0, 2.0, 1.0, 4.0, 1.0, 0.0, 2.0, 3.0, 3.0, 7.0, 5.0, 8.0, 8.0, 7.0, 6.0, 7.0, 6.0, 6.0, 4.0, 4.0, 1.0, 1.0, 1.0, 1.0, 0.0, 0.0, 1.0, 0.0, 0.0, 1.0], "bins": [-0.006484115496277809, -0.006293556187301874, -0.0061029973439872265, -0.0059124380350112915, -0.005721879191696644, -0.005531319882720709, -0.005340760573744774, -0.005150201730430126, -0.0049596428871154785, -0.0047690835781395435, -0.004578524734824896, -0.004387965425848961, -0.004197406582534313, -0.004006847273558378, -0.003816288197413087, -0.0036257291212677956, -0.0034351698122918606, -0.0032446107361465693, -0.003054051660001278, -0.002863492351025343, -0.0026729335077106953, -0.0024823741987347603, -0.002291815122589469, -0.0021012560464441776, -0.0019106967374682426, -0.0017201376613229513, -0.00152957858517766, -0.0013390193926170468, -0.0011484603164717555, -0.0009579012403264642, -0.000767342047765851, -0.0005767829716205597, -0.0003862245939671993, -0.00019566548871807754, -5.106383468955755e-06, 0.0001854527508839965, 0.0003760118270292878, 0.0005665709031745791, 0.0007571300957351923, 0.0009476891718804836, 0.0011382480151951313, 0.0013288070913404226, 0.001519366167485714, 0.0017099253600463271, 0.0019004844361916184, 0.0020910436287522316, 0.002281602704897523, 0.0024721617810428143, 0.0026627210900187492, 0.0028532801661640406, 0.003043839242309332, 0.003234398551285267, 0.0034249573945999146, 0.0036155167035758495, 0.003806075779721141, 0.003996634855866432, 0.00418719369918108, 0.004377753008157015, 0.0045683118514716625, 0.0047588711604475975, 0.004949430003762245, 0.00513998931273818, 0.005330548621714115, 0.005521107465028763, 0.005711666774004698]}, "gradients/fc_hidden.0.weight": {"_type": "histogram", "values": [1.0, 2.0, 2.0, 1.0, 0.0, 1.0, 2.0, 5.0, 5.0, 3.0, 7.0, 7.0, 2.0, 4.0, 10.0, 18.0, 2.0, 7.0, 11.0, 13.0, 6.0, 10.0, 9.0, 8.0, 3.0, 8.0, 2.0, 9.0, 14.0, 17.0, 40.0, 165.0, 571.0, 1705.0, 126062.0, 574.0, 101.0, 24.0, 3.0, 1.0, 5.0, 6.0, 7.0, 14.0, 10.0, 18.0, 14.0, 16.0, 9.0, 16.0, 11.0, 13.0, 7.0, 7.0, 2.0, 2.0, 1.0, 3.0, 0.0, 1.0, 1.0, 0.0, 0.0, 2.0], "bins": [-0.017864251509308815, -0.017339011654257774, -0.016813771799206734, -0.016288530081510544, -0.015763290226459503, -0.015238050371408463, -0.014712810516357422, -0.014187570661306381, -0.013662329874932766, -0.013137090019881725, -0.01261184923350811, -0.01208660937845707, -0.011561369523406029, -0.011036128737032413, -0.010510888881981373, -0.009985648095607758, -0.009460408240556717, -0.008935168385505676, -0.008409927599132061, -0.00788468774408102, -0.007359447423368692, -0.0068342071026563644, -0.006308967247605324, -0.005783726926892996, -0.005258486606180668, -0.00473324628546834, -0.004208005964756012, -0.0036827661097049713, -0.0031575257889926434, -0.0026322854682803154, -0.002107045380398631, -0.0015818052925169468, -0.0010565649718046188, -0.0005313247675076127, -6.084563210606575e-06, 0.0005191556410863996, 0.0010443958453834057, 0.0015696361660957336, 0.002094876253977418, 0.0026201163418591022, 0.00314535666257143, 0.003670596983283758, 0.004195837303996086, 0.004721077159047127, 0.005246317479759455, 0.005771557800471783, 0.006296797655522823, 0.006822037976235151, 0.007347278296947479, 0.00787251815199852, 0.008397758938372135, 0.008922998793423176, 0.009448239579796791, 0.009973479434847832, 0.010498719289898872, 0.011023959144949913, 0.011549199931323528, 0.012074439786374569, 0.012599680572748184, 0.013124920427799225, 0.013650160282850266, 0.01417540106922388, 0.014700640924274921, 0.015225881710648537, 0.015751121565699577]}, "gradients/fc_input.bias": {"_type": "histogram",