{"graph_0": {"_type": "graph-file", "path": "media/graph/graph_0_summary_bf13f0f5.graph.json", "sha256": "bf13f0f5ac2427c318434dfb8a72c1889444d743b29b15648e30b292bf878444", "size": 646}, "Train Loss": 0.2286053794835295, "Val Loss": 0.40701571263765035, "Train Acc": 90.75, "Val Acc": 84.89473684210526, "_runtime": 46, "_timestamp": 1618078349, "_step": 49, "gradients/linear_layers.1.bias": {"_type": "histogram", "values": [1.0, 0.0, 0.0, 0.0, 0.0, 0.0, 0.0, 0.0, 0.0, 0.0, 0.0, 0.0, 0.0, 0.0, 0.0, 0.0, 0.0, 0.0, 0.0, 0.0, 0.0, 0.0, 0.0, 0.0, 0.0, 0.0, 0.0, 0.0, 0.0, 0.0, 0.0, 0.0, 0.0, 0.0, 0.0, 0.0, 0.0, 0.0, 0.0, 0.0, 0.0, 0.0, 0.0, 0.0, 0.0, 0.0, 0.0, 0.0, 0.0, 0.0, 0.0, 0.0, 0.0, 0.0, 0.0, 0.0, 0.0, 0.0, 0.0, 0.0, 0.0, 0.0, 0.0, 1.0], "bins": [-0.09070868045091629, -0.08787403255701065, -0.08503938466310501, -0.08220474421977997, -0.07937009632587433, -0.07653544843196869, -0.07370080053806305, -0.07086615264415741, -0.06803151220083237, -0.06519686430692673, -0.062362220138311386, -0.059527572244405746, -0.056692928075790405, -0.053858280181884766, -0.051023632287979126, -0.048188988119363785, -0.045354340225458145, -0.042519692331552505, -0.039685048162937164, -0.036850400269031525, -0.034015756100416183, -0.031181108206510544, -0.028346462175250053, -0.025511816143989563, -0.022677168250083923, -0.019842522218823433, -0.017007876187562943, -0.014173229224979877, -0.011338583193719387, -0.008503937162458897, -0.005669290199875832, -0.002834644168615341, 0.0, 0.002834646264091134, 0.005669292528182268, 0.008503939025104046, 0.011338585056364536, 0.014173231087625027, 0.017007878050208092, 0.019842524081468582, 0.022677168250083923, 0.025511814281344414, 0.028346460312604904, 0.031181108206510544, 0.034015752375125885, 0.036850400269031525, 0.039685048162937164, 0.042519692331552505, 0.045354340225458145, 0.048188988119363785, 0.051023632287979126, 0.053858280181884766, 0.05669292435050011, 0.059527572244405746, 0.06236221641302109, 0.06519686430692673, 0.06803151220083237, 0.070866160094738, 0.07370080798864365, 0.07653544843196869, 0.07937009632587433, 0.08220474421977997, 0.08503939211368561, 0.08787404000759125, 0.09070868045091629]}, "gradients/linear_layers.1.weight": {"_type": "histogram", "values": [1.0, 1.0, 0.0, 1.0, 0.0, 1.0, 2.0, 1.0, 1.0, 2.0, 1.0, 3.0, 2.0, 8.0, 11.0, 14.0, 18.0, 19.0, 8.0, 3.0, 5.0, 2.0, 1.0, 0.0, 1.0, 0.0, 0.0, 0.0, 0.0, 0.0, 0.0, 0.0, 508.0, 0.0, 0.0, 0.0, 0.0, 0.0, 0.0, 1.0, 0.0, 1.0, 2.0, 5.0, 3.0, 8.0, 19.0, 18.0, 14.0, 11.0, 8.0, 2.0, 3.0, 1.0, 2.0, 1.0, 1.0, 2.0, 1.0, 0.0, 1.0, 0.0, 1.0, 1.0], "bins": [-0.06136130541563034, -0.05944376438856125, -0.05752622336149216, -0.055608682334423065, -0.05369114130735397, -0.05177360028028488, -0.04985605925321579, -0.047938521951436996, -0.046020980924367905, -0.04410343989729881, -0.04218589887022972, -0.04026835784316063, -0.03835081681609154, -0.036433279514312744, -0.03451573848724365, -0.03259819746017456, -0.03068065457046032, -0.028763113543391228, -0.026845572516322136, -0.024928033351898193, -0.0230104923248291, -0.02109295129776001, -0.019175410270690918, -0.017257869243621826, -0.015340328216552734, -0.013422787189483643, -0.011505247093737125, -0.009587706066668034, -0.007670165505260229, -0.005752624943852425, -0.003835083916783333, -0.0019175438210368156, -3.725290298461914e-09, 0.0019175369525328279, 0.003835077630355954, 0.005752618424594402, 0.007670158986002207, 0.009587699547410011, 0.011505240574479103, 0.01342278067022562, 0.015340320765972137, 0.01725786179304123, 0.01917540282011032, 0.021092943847179413, 0.023010483011603355, 0.024928024038672447, 0.02684556506574154, 0.02876310423016548, 0.030680647119879723, 0.032598186284303665, 0.03451572731137276, 0.03643326833844185, 0.03835080936551094, 0.04026835039258003, 0.042185891419649124, 0.044103432446718216, 0.04602097347378731, 0.0479385145008564, 0.04985605552792549, 0.05177359655499458, 0.053691137582063675, 0.05560867488384247, 0.05752621591091156, 0.05944375693798065, 0.061361297965049744]}, "gradients/linear_layers.0.bias": {"_type": "histogram", "values": [1.0, 2.0, 0.0, 1.0, 2.0, 1.0, 2.0, 2.0, 3.0, 4.0, 5.0, 2.0, 3.0, 4.0, 3.0, 3.0, 5.0, 5.0, 1.0, 2.0, 0.0, 0.0, 0.0, 1.0, 0.0, 1.0, 0.0, 0.0, 0.0, 0.0, 0.0, 0.0, 0.0, 254.0, 0.0, 0.0, 0.0, 0.0, 1.0, 0.0, 0.0, 0.0, 2.0, 2.0, 1.0, 2.0, 1.0, 2.0, 3.0, 5.0, 4.0, 4.0, 4.0, 1.0, 7.0, 2.0, 6.0, 2.0, 0.0, 0.0, 1.0, 1.0, 1.0, 1.0], "bins": [-0.028147706761956215, -0.027300970628857613, -0.02645423635840416, -0.025607500225305557, -0.024760765954852104, -0.023914029821753502, -0.02306729555130005, -0.022220559418201447, -0.021373823285102844, -0.020527087152004242, -0.01968035288155079, -0.018833616748452187, -0.017986882477998734, -0.01714014634490013, -0.01629341021180153, -0.015446675941348076, -0.014599940739572048, -0.01375320553779602, -0.012906470336019993, -0.012059735134243965, -0.011212999001145363, -0.010366263799369335, -0.009519528597593307, -0.008672792464494705, -0.007826058194041252, -0.0069793229922652245, -0.0061325873248279095, -0.005285852123051882, -0.004439116455614567, -0.003592381253838539, -0.0027456460520625114, -0.0018989103846251965, -0.0010521747171878815, -0.00020543934078887105, 0.0006412960356101394, 0.0014880313538014889, 0.00233476678840816, 0.0031815022230148315, 0.004028237424790859, 0.004874973092228174, 0.005721708759665489, 0.006568443961441517, 0.007415179628878832, 0.008261915296316147, 0.009108650498092175, 0.009955385699868202, 0.01080212090164423, 0.011648856103420258, 0.012495591305196285, 0.013342326506972313, 0.01418906170874834, 0.015035796910524368, 0.01588253304362297, 0.016729269176721573, 0.017576003447175026, 0.018422739580273628, 0.01926947385072708, 0.020116209983825684, 0.020962944254279137, 0.02180968038737774, 0.022656414657831192, 0.023503150790929794, 0.024349886924028397, 0.02519662119448185, 0.026043357327580452]}, "gradients/linear_layers.0.weight": {"_type": "histogram", "values": [5.0, 17.0, 223.0, 268.0, 249.0, 258.0, 470.0, 305.0, 499.0, 765.0, 804.0, 1262.0, 1133.0, 854.0, 1090.0, 1102.0, 679.0, 1430.0, 1476.0, 833.0, 813.0, 519.0, 531.0, 611.0, 902.0, 903.0, 515.0, 299.0, 137.0, 96.0, 31.0, 1.0, 0.0, 91440.0, 2.0, 61.0, 117.0, 259.0, 669.0, 494.0, 689.0, 1177.0, 1181.0, 592.0, 1090.0, 598.0, 765.0, 1211.0, 1369.0, 931.0, 1149.0, 1041.0, 1319.0, 1116.0, 1346.0, 780.0, 73.0, 53.0, 259.0, 254.0, 241.0, 213.0, 26.0, 5.0], "bins": [-0.02274750918149948, -0.02206311747431755, -0.02137872576713562, -0.02069433405995369, -0.020009944215416908, -0.019325552508234978, -0.018641160801053047, -0.017956769093871117, -0.017272379249334335, -0.016587987542152405, -0.015903595834970474, -0.015219205059111118, -0.014534814283251762, -0.013850422576069832, -0.013166030868887901, -0.01248163916170597, -0.01179724745452404, -0.01111285574734211, -0.010428464971482754, -0.009744073264300823, -0.009059682488441467, -0.008375290781259537, -0.007690899074077606, -0.007006507832556963, -0.006322115659713745, -0.005637724418193102, -0.004953333176672459, -0.004268941469490528, -0.003584550227969885, -0.0029001589864492416, -0.002215767279267311, -0.0015313760377466679, -0.0008469857275485992, -0.00016259436961263418, 0.0005217969883233309, 0.0012061884626746178, 0.001890579704195261, 0.0025749709457159042, 0.0032593626528978348, 0.003943753894418478, 0.004628144204616547, 0.00531253544613719, 0.005996926687657833, 0.006681318394839764, 0.007365709636360407, 0.00805010087788105, 0.00873449258506298, 0.009418884292244911, 0.010103275999426842, 0.010787667706608772, 0.011472058482468128, 0.012156450189650059, 0.012840840965509415, 0.013525232672691345, 0.014209624379873276, 0.014894016087055206, 0.015578406862914562, 0.016262797638773918, 0.01694718934595585, 0.01763158105313778, 0.01831597276031971, 0.01900036260485649, 0.01968475431203842, 0.020369146019220352, 0.021053537726402283]}}