{"graph_0": {"_type": "graph-file", "path": "media/graph/graph_0_summary_7142ec32.graph.json", "sha256": "7142ec32ff32d1d089d795d89cb5220150bcdf748c979f4dc79a2b51334f0ff3", "size": 633}, "Train Loss": 0.16612464484448233, "Val Loss": 0.23251499129358064, "Train Acc": 93.6875, "Val Acc": 91.25964010282776, "_runtime": 222, "_timestamp": 1617136483, "_step": 99, "gradients/fc_output.bias": {"_type": "histogram", "values": [1.0, 0.0, 0.0, 0.0, 0.0, 0.0, 0.0, 0.0, 0.0, 0.0, 0.0, 0.0, 0.0, 0.0, 0.0, 0.0, 0.0, 0.0, 0.0, 0.0, 0.0, 0.0, 0.0, 0.0, 0.0, 0.0, 0.0, 0.0, 0.0, 0.0, 0.0, 0.0, 0.0, 0.0, 0.0, 0.0, 0.0, 0.0, 0.0, 0.0, 0.0, 0.0, 0.0, 0.0, 0.0, 0.0, 0.0, 0.0, 0.0, 0.0, 0.0, 0.0, 0.0, 0.0, 0.0, 0.0, 0.0, 0.0, 0.0, 0.0, 0.0, 0.0, 0.0, 1.0], "bins": [-0.08476147055625916, -0.08211267739534378, -0.07946387678384781, -0.07681508362293243, -0.07416628301143646, -0.07151748985052109, -0.06886869668960571, -0.06621989607810974, -0.06357109546661377, -0.060922298580408096, -0.05827350169420242, -0.05562470853328705, -0.05297590792179108, -0.0503271147608757, -0.04767831787467003, -0.045029520988464355, -0.04238072782754898, -0.03973193094134331, -0.037083134055137634, -0.03443434089422226, -0.03178554028272629, -0.029136745259165764, -0.02648795023560524, -0.023839153349399567, -0.021190360188484192, -0.01854156330227852, -0.015892766416072845, -0.013243971392512321, -0.010595174506306648, -0.007946377620100975, -0.005297582596540451, -0.002648785710334778, 1.4901161193847656e-08, 0.0026488113217055798, 0.005297607742249966, 0.007946403697133064, 0.010595200583338737, 0.01324399746954441, 0.015892792493104935, 0.018541589379310608, 0.02119038999080658, 0.023839186877012253, 0.026487983763217926, 0.02913677878677845, 0.03178557753562927, 0.03443437069654465, 0.03708316758275032, 0.039731964468955994, 0.04238075762987137, 0.04502955451607704, 0.047678351402282715, 0.05032714456319809, 0.05297594517469406, 0.055624738335609436, 0.05827353522181511, 0.06092233210802078, 0.06357112526893616, 0.06621991842985153, 0.0688687190413475, 0.07151751220226288, 0.07416631281375885, 0.07681510597467422, 0.0794638991355896, 0.08211269974708557, 0.08476150035858154]}, "gradients/fc_output.weight": {"_type": "histogram", "values": [2.0, 0.0, 0.0, 0.0, 0.0, 0.0, 0.0, 0.0, 0.0, 0.0, 0.0, 0.0, 0.0, 0.0, 0.0, 0.0, 0.0, 0.0, 0.0, 0.0, 0.0, 0.0, 0.0, 0.0, 0.0, 0.0, 0.0, 0.0, 0.0, 0.0, 0.0, 716.0, 0.0, 0.0, 0.0, 0.0, 0.0, 0.0, 0.0, 0.0, 0.0, 0.0, 0.0, 0.0, 0.0, 0.0, 0.0, 0.0, 0.0, 0.0, 0.0, 0.0, 0.0, 0.0, 0.0, 0.0, 0.0, 0.0, 0.0, 0.0, 0.0, 0.0, 0.0, 2.0], "bins": [-0.07472950220108032, -0.07239420711994171, -0.0700589045882225, -0.06772360950708389, -0.06538831442594528, -0.06305301189422607, -0.06071771681308746, -0.05838242173194885, -0.05604712292551994, -0.053711824119091034, -0.05137652903795242, -0.049041230231523514, -0.046705931425094604, -0.044370636343955994, -0.042035337537527084, -0.039700038731098175, -0.037364743649959564, -0.035029444843530655, -0.032694149762392044, -0.030358850955963135, -0.028023554012179375, -0.025688257068395615, -0.023352958261966705, -0.021017661318182945, -0.018682364374399185, -0.016347067430615425, -0.01401176955550909, -0.011676471680402756, -0.009341174736618996, -0.007005877792835236, -0.004670579917728901, -0.0023352820426225662, 2.2351741790771484e-08, 0.002335319761186838, 0.0046706171706318855, 0.007005914580076933, 0.00934121198952198, 0.01167650893330574, 0.014011806808412075, 0.01634710468351841, 0.01868240162730217, 0.02101769857108593, 0.02335299551486969, 0.0256882943212986, 0.02802359126508236, 0.03035888820886612, 0.03269418701529503, 0.03502948582172394, 0.03736478090286255, 0.03970007970929146, 0.04203537479043007, 0.04437067359685898, 0.04670596867799759, 0.0490412674844265, 0.05137656629085541, 0.05371186137199402, 0.05604716017842293, 0.05838245898485184, 0.06071775406599045, 0.06305304914712906, 0.06538835167884827, 0.06772364675998688, 0.07005894184112549, 0.0723942443728447, 0.0747295394539833]}, "gradients/fc_input.bias": {"_type": "histogram", "values": [1.0, 0.0, 0.0, 0.0, 0.0, 0.0, 0.0, 0.0, 0.0, 0.0, 0.0, 1.0, 0.0, 0.0, 0.0, 0.0, 0.0, 0.0, 0.0, 0.0, 0.0, 0.0, 0.0, 0.0, 0.0, 0.0, 0.0, 0.0, 0.0, 0.0, 0.0, 0.0, 0.0, 0.0, 0.0, 0.0, 0.0, 0.0, 0.0, 0.0, 0.0, 0.0, 0.0, 0.0, 0.0, 0.0, 0.0, 0.0, 0.0, 0.0, 0.0, 0.0, 0.0, 0.0, 0.0, 0.0, 0.0, 0.0, 0.0, 0.0, 0.0, 0.0, 0.0, 358.0], "bins": [-0.23847469687461853, -0.23474852740764618, -0.23102235794067383, -0.22729620337486267, -0.22357003390789032, -0.21984386444091797, -0.21611769497394562, -0.21239152550697327, -0.20866535604000092, -0.20493918657302856, -0.2012130171060562, -0.19748684763908386, -0.1937606930732727, -0.19003452360630035, -0.186308354139328, -0.18258218467235565, -0.1788560152053833, -0.17512984573841095, -0.1714036762714386, -0.16767752170562744, -0.1639513522386551, -0.16022518277168274, -0.1564990133047104, -0.15277284383773804, -0.14904668927192688, -0.14532051980495453, -0.14159435033798218, -0.13786819577217102, -0.13414202630519867, -0.13041585683822632, -0.12668968737125397, -0.12296351790428162, -0.11923734843730927, -0.11551117897033691, -0.11178501695394516, -0.10805884748697281, -0.10433267802000046, -0.1006065160036087, -0.09688034653663635, -0.093154177069664, -0.08942800760269165, -0.0857018381357193, -0.08197567611932755, -0.0782495066523552, -0.07452333718538284, -0.07079717516899109, -0.06707100570201874, -0.06334483623504639, -0.05961867421865463, -0.05589250847697258, -0.05216633901000023, -0.048440173268318176, -0.044714003801345825, -0.04098783805966377, -0.03726167231798172, -0.03353550285100937, -0.029809337109327316, -0.026083169505000114, -0.022357001900672913, -0.01863083615899086, -0.014904668554663658, -0.011178500950336456, -0.007452335208654404, -0.003726167604327202, 0.0]}, "gradients/fc_input.weight": {"_type": "histogram", "values": [7.0, 10.0, 12.0, 158.0, 27.0, 16.0, 8.0, 5.0, 8.0, 7.0, 2.0, 3.0, 13.0, 11.0, 160.0, 38.0, 20.0, 9.0, 7.0, 7.0, 3.0, 3.0, 5.0, 1.0, 5.0, 4.0, 5.0, 2.0, 6.0, 4.0, 6.0, 5.0, 10.0, 9.0, 8.0, 13.0, 10.0, 14.0, 13.0, 10.0, 8.0, 12.0, 12.0, 9.0, 4.0, 6.0, 1.0, 3.0, 1.0, 0.0, 0.0, 0.0, 0.0, 0.0, 0.0, 0.0, 0.0, 0.0, 0.0, 0.0, 0.0, 0.0, 0.0, 128880.0], "bins": [-0.187625452876091, -0.18469379842281342, -0.18176215887069702, -0.17883050441741943, -0.17589886486530304, -0.17296721041202545, -0.17003557085990906, -0.16710391640663147, -0.16417227685451508, -0.1612406224012375, -0.1583089828491211, -0.1553773283958435, -0.1524456888437271, -0.14951403439044952, -0.14658239483833313, -0.14365074038505554, -0.14071908593177795, -0.13778743147850037, -0.13485579192638397, -0.13192413747310638, -0.12899249792099, -0.1260608434677124, -0.12312920391559601, -0.12019754946231842, -0.11726590991020203, -0.11433426290750504, -0.11140261590480804, -0.10847096890211105, -0.10553932189941406, -0.10260766744613647, -0.09967602789402008, -0.09674437344074249, -0.0938127264380455, -0.09088107943534851, -0.08794943243265152, -0.08501778542995453, -0.08208613842725754, -0.07915449142456055, -0.07622283697128296, -0.07329118996858597, -0.07035954296588898, -0.06742789596319199, -0.064496248960495, -0.061564601957798004, -0.058632951229810715, -0.055701304227113724, -0.05276965722441673, -0.04983800649642944, -0.04690636321902275, -0.04397471621632576, -0.04104306921362877, -0.03811141848564148, -0.03517977148294449, -0.0322481244802475, -0.029316477477550507, -0.026384828612208366, -0.023453181609511375, -0.020521534606814384, -0.017589885741472244, -0.014658238738775253, -0.011726590804755688, -0.008794942870736122, -0.005863295868039131, -0.002931647002696991, 0.0]}}