{"graph_0": {"_type": "graph-file", "path": "media/graph/graph_0_summary_455da1aa.graph.json", "sha256": "455da1aa54fdaf1d1c712e78387a1ce6f694dd9d52b48aa6c8eb9b27d3c488e1", "size": 646}, "Train Loss": 0.040893709869123995, "Val Loss": 0.05966044467641041, "Train Acc": 98.41666666666667, "Val Acc": 97.75, "_runtime": 46, "_timestamp": 1618069932, "_step": 49, "gradients/linear_layers.1.bias": {"_type": "histogram", "values": [1.0, 0.0, 0.0, 0.0, 0.0, 0.0, 0.0, 0.0, 0.0, 0.0, 0.0, 0.0, 0.0, 0.0, 0.0, 0.0, 0.0, 0.0, 0.0, 0.0, 0.0, 0.0, 0.0, 0.0, 0.0, 0.0, 0.0, 0.0, 0.0, 0.0, 0.0, 0.0, 0.0, 0.0, 0.0, 0.0, 0.0, 0.0, 0.0, 0.0, 0.0, 0.0, 0.0, 0.0, 0.0, 0.0, 0.0, 0.0, 0.0, 0.0, 0.0, 0.0, 0.0, 0.0, 0.0, 0.0, 0.0, 0.0, 0.0, 0.0, 0.0, 0.0, 0.0, 1.0], "bins": [-0.0108477883040905, -0.010508795268833637, -0.0101698013022542, -0.009830808266997337, -0.0094918143004179, -0.009152821265161037, -0.008813828229904175, -0.008474834263324738, -0.0081358402967453, -0.00779684679582715, -0.007457853294909, -0.007118860259652138, -0.0067798662930727005, -0.006440873257815838, -0.006101879756897688, -0.005762886255979538, -0.005423893220722675, -0.005084899719804525, -0.004745906218886375, -0.004406913183629513, -0.0040679192170500755, -0.0037289259489625692, -0.003389932680875063, -0.003050939179956913, -0.0027119461447000504, -0.0023729526437819004, -0.0020339591428637505, -0.0016949658747762442, -0.0013559723738580942, -0.0010169788729399443, -0.000677985604852438, -0.000338992103934288, 1.862645149230957e-09, 0.00033899530535563827, 0.0006779887480661273, 0.0010169821325689554, 0.0013559756334871054, 0.0016949691344052553, 0.0020339624024927616, 0.0023729559034109116, 0.002711949869990349, 0.0030509433709084988, 0.0033899368718266487, 0.003728930139914155, 0.004067923873662949, 0.004406916908919811, 0.004745910409837961, 0.005084903910756111, 0.005423896946012974, 0.005762890446931124, 0.006101883947849274, 0.006440876983106136, 0.006779870949685574, 0.007118863984942436, 0.007457857485860586, 0.007796850986778736, 0.008135844022035599, 0.008474837057292461, 0.008813831023871899, 0.009152824059128761, 0.009491818025708199, 0.009830811060965061, 0.010169804096221924, 0.010508798062801361, 0.010847792029380798]}, "gradients/linear_layers.1.weight": {"_type": "histogram", "values": [4.0, 1.0, 0.0, 2.0, 3.0, 3.0, 3.0, 3.0, 4.0, 2.0, 0.0, 0.0, 1.0, 1.0, 0.0, 0.0, 1.0, 0.0, 0.0, 0.0, 0.0, 0.0, 2.0, 9.0, 6.0, 12.0, 9.0, 15.0, 11.0, 4.0, 3.0, 521.0, 1.0, 3.0, 4.0, 11.0, 15.0, 9.0, 12.0, 6.0, 9.0, 2.0, 0.0, 0.0, 0.0, 0.0, 0.0, 1.0, 0.0, 0.0, 1.0, 1.0, 0.0, 0.0, 2.0, 4.0, 3.0, 3.0, 3.0, 3.0, 2.0, 0.0, 1.0, 4.0], "bins": [-0.012919718399643898, -0.012515977025032043, -0.012112235650420189, -0.011708494275808334, -0.01130475290119648, -0.010901011526584625, -0.010497271083295345, -0.01009352970868349, -0.009689788334071636, -0.009286046959459782, -0.008882305584847927, -0.008478564210236073, -0.008074823766946793, -0.007671081926673651, -0.0072673410177230835, -0.006863599643111229, -0.006459858268499374, -0.00605611689388752, -0.005652375519275665, -0.005248634610325098, -0.0048448932357132435, -0.004441151861101389, -0.004037410952150822, -0.003633669577538967, -0.0032299282029271126, -0.002826186828315258, -0.002422445686534047, -0.0020187045447528362, -0.0016149631701409817, -0.0012112217955291271, -0.0008074806537479162, -0.0004037395119667053, 1.862645149230957e-09, 0.00040374312084168196, 0.0008074843790382147, 0.0012112256372347474, 0.0016149668954312801, 0.0020187082700431347, 0.0024224494118243456, 0.0028261905536055565, 0.003229931928217411, 0.0036336733028292656, 0.00403741467744112, 0.004441155586391687, 0.004844896961003542, 0.0052486383356153965, 0.005652379244565964, 0.006056120619177818, 0.006459861993789673, 0.006863603368401527, 0.007267344743013382, 0.007671085651963949, 0.008074827492237091, 0.008478568866848946, 0.008882309310138226, 0.00928605068475008, 0.009689792059361935, 0.01009353343397379, 0.010497274808585644, 0.010901016183197498, 0.011304756626486778, 0.011708498001098633, 0.012112239375710487, 0.012515980750322342, 0.012919722124934196]}, "gradients/linear_layers.0.bias": {"_type": "histogram", "values": [1.0, 2.0, 1.0, 0.0, 0.0, 3.0, 5.0, 3.0, 5.0, 0.0, 1.0, 2.0, 3.0, 0.0, 1.0, 1.0, 0.0, 0.0, 0.0, 0.0, 0.0, 0.0, 0.0, 0.0, 0.0, 0.0, 0.0, 260.0, 0.0, 0.0, 0.0, 0.0, 0.0, 0.0, 0.0, 0.0, 0.0, 1.0, 0.0, 0.0, 0.0, 0.0, 2.0, 3.0, 6.0, 2.0, 1.0, 1.0, 1.0, 3.0, 4.0, 2.0, 5.0, 5.0, 7.0, 3.0, 4.0, 12.0, 3.0, 2.0, 1.0, 2.0, 0.0, 2.0], "bins": [-0.0036941482685506344, -0.0035616138484328985, -0.003429079195484519, -0.003296544775366783, -0.0031640101224184036, -0.0030314757023006678, -0.002898941282182932, -0.0027664066292345524, -0.0026338722091168165, -0.0025013377889990807, -0.002368803136050701, -0.0022362687159329653, -0.0021037342958152294, -0.00197119964286685, -0.001838665222749114, -0.0017061306862160563, -0.0015735961496829987, -0.001441061613149941, -0.0013085270766168833, -0.0011759926564991474, -0.0010434581199660897, -0.000910923583433032, -0.0007783891051076353, -0.0006458546267822385, -0.0005133200902491808, -0.00038078558281995356, -0.00024825107539072633, -0.0001157165679614991, 1.6817939467728138e-05, 0.00014935247600078583, 0.0002818869543261826, 0.0004144214326515794, 0.0005469555035233498, 0.0006794900400564075, 0.0008120245183818042, 0.000944558996707201, 0.0010770935332402587, 0.0012096280697733164, 0.0013421624898910522, 0.00147469702642411, 0.0016072315629571676, 0.0017397660994902253, 0.001872300636023283, 0.002004835056141019, 0.0021373694762587547, 0.0022699041292071342, 0.00240243854932487, 0.002534972969442606, 0.0026675076223909855, 0.0028000420425087214, 0.002932576695457101, 0.0030651111155748367, 0.0031976457685232162, 0.003330180188640952, 0.003462714608758688, 0.0035952492617070675, 0.0037277836818248034, 0.003860318101942539, 0.003992852754890919, 0.004125387407839298, 0.0042579215951263905, 0.00439045624807477, 0.0045229909010231495, 0.004655525088310242, 0.004788059741258621]}, "gradients/linear_layers.0.weight": {"_type": "histogram", "values": [5.0, 20.0, 58.0, 266.0, 311.0, 429.0, 81.0, 503.0, 778.0, 1493.0, 1121.0, 555.0, 366.0, 659.0, 801.0, 205.0, 619.0, 194.0, 156.0, 182.0, 159.0, 158.0, 155.0, 190.0, 247.0, 245.0, 209.0, 93735.0, 218.0, 409.0, 460.0, 253.0, 284.0, 314.0, 350.0, 321.0, 572.0, 346.0, 292.0, 360.0, 807.0, 1082.0, 1796.0, 1073.0, 594.0, 271.0, 831.0, 1127.0, 1006.0, 1386.0, 1493.0, 2311.0, 883.0, 2454.0, 2005.0, 745.0, 457.0, 535.0, 100.0, 451.0, 67.0, 28.0, 12.0, 7.0],