{"graph_0": {"_type": "graph-file", "path": "media/graph/graph_0_summary_f19041b5.graph.json", "sha256": "f19041b56d902d20348329b9bc5f49db8a10bd1a2da2898a88340905a31d38e6", "size": 646}, "Train Loss": 0.5995935077468554, "Val Loss": 0.6190184950828552, "Train Acc": 68.0, "Val Acc": 69.41666666666667, "_runtime": 44, "_timestamp": 1618077840, "_step": 49, "gradients/linear_layers.1.bias": {"_type": "histogram", "values": [1.0, 0.0, 0.0, 0.0, 0.0, 0.0, 0.0, 0.0, 0.0, 0.0, 0.0, 0.0, 0.0, 0.0, 0.0, 0.0, 0.0, 0.0, 0.0, 0.0, 0.0, 0.0, 0.0, 0.0, 0.0, 0.0, 0.0, 0.0, 0.0, 0.0, 0.0, 0.0, 0.0, 0.0, 0.0, 0.0, 0.0, 0.0, 0.0, 0.0, 0.0, 0.0, 0.0, 0.0, 0.0, 0.0, 0.0, 0.0, 0.0, 0.0, 0.0, 0.0, 0.0, 0.0, 0.0, 0.0, 0.0, 0.0, 0.0, 0.0, 0.0, 0.0, 0.0, 1.0], "bins": [-0.028650274500250816, -0.027754953131079674, -0.02685963176190853, -0.025964312255382538, -0.025068990886211395, -0.024173669517040253, -0.02327834814786911, -0.022383026778697968, -0.021487705409526825, -0.020592384040355682, -0.01969706267118454, -0.018801741302013397, -0.017906421795487404, -0.01701110042631626, -0.01611577905714512, -0.015220457687973976, -0.014325138181447983, -0.01342981681227684, -0.012534496374428272, -0.01163917500525713, -0.010743854567408562, -0.009848533198237419, -0.008953211829066277, -0.008057890459895134, -0.007162569090723991, -0.006267248187214136, -0.005371927283704281, -0.004476605914533138, -0.003581285011023283, -0.0026859641075134277, -0.0017906427383422852, -0.0008953218348324299, 0.0, 0.0008953210199251771, 0.0017906420398503542, 0.002685963176190853, 0.0035812840797007084, 0.004476604983210564, 0.005371926352381706, 0.0062672472558915615, 0.007162567228078842, 0.008057888597249985, 0.008953209035098553, 0.009848530404269695, 0.010743850842118263, 0.011639172211289406, 0.012534493580460548, 0.013429814949631691, 0.014325136318802834, 0.015220457687973976, 0.01611577905714512, 0.017011098563671112, 0.017906419932842255, 0.018801741302013397, 0.01969706267118454, 0.020592384040355682, 0.021487705409526825, 0.022383026778697968, 0.02327834814786911, 0.024173669517040253, 0.025068989023566246, 0.02596431039273739, 0.02685963176190853, 0.027754953131079674, 0.028650272637605667]}, "gradients/linear_layers.1.weight": {"_type": "histogram", "values": [1.0, 0.0, 0.0, 0.0, 0.0, 0.0, 0.0, 0.0, 0.0, 1.0, 2.0, 0.0, 2.0, 3.0, 0.0, 1.0, 1.0, 0.0, 0.0, 0.0, 0.0, 0.0, 0.0, 0.0, 0.0, 0.0, 0.0, 0.0, 0.0, 0.0, 0.0, 1.0, 697.0, 0.0, 0.0, 0.0, 0.0, 0.0, 0.0, 0.0, 0.0, 0.0, 0.0, 0.0, 0.0, 0.0, 0.0, 1.0, 1.0, 0.0, 3.0, 2.0, 0.0, 2.0, 1.0, 0.0, 0.0, 0.0, 0.0, 0.0, 0.0, 0.0, 0.0, 1.0], "bins": [-0.07421381026506424, -0.07189463078975677, -0.06957544386386871, -0.06725626438856125, -0.06493708491325378, -0.06261790543794632, -0.060298722237348557, -0.05797953903675079, -0.05566035956144333, -0.053341180086135864, -0.0510219968855381, -0.04870281368494034, -0.046383634209632874, -0.04406445473432541, -0.041745271533727646, -0.03942608833312988, -0.03710690885782242, -0.034787729382514954, -0.03246854618191719, -0.030149364843964577, -0.027830183506011963, -0.02551100216805935, -0.023191820830106735, -0.02087263949215412, -0.018553458154201508, -0.016234276816248894, -0.01391509547829628, -0.011595914140343666, -0.009276732802391052, -0.006957551464438438, -0.004638370126485825, -0.0023191887885332108, -1.4901161193847656e-08, 0.00231916643679142, 0.004638347774744034, 0.006957529112696648, 0.009276710450649261, 0.011595891788601875, 0.01391507312655449, 0.016234254464507103, 0.018553435802459717, 0.02087261714041233, 0.023191798478364944, 0.02551097981631756, 0.027830161154270172, 0.030149342492222786, 0.0324685238301754, 0.03478770703077316, 0.03710688650608063, 0.03942606598138809, 0.041745249181985855, 0.04406443238258362, 0.04638361185789108, 0.04870279133319855, 0.05102197453379631, 0.053341157734394073, 0.05566033720970154, 0.057979516685009, 0.060298699885606766, 0.06261788308620453, 0.064937062561512, 0.06725624203681946, 0.06957542896270752, 0.07189460843801498, 0.07421378791332245]}, "gradients/linear_layers.0.bias": {"_type": "histogram", "values": [1.0, 0.0, 0.0, 1.0, 0.0, 0.0, 0.0, 0.0, 0.0, 0.0, 0.0, 0.0, 0.0, 0.0, 0.0, 0.0, 0.0, 1.0, 0.0, 0.0, 0.0, 0.0, 0.0, 1.0, 1.0, 1.0, 0.0, 0.0, 0.0, 1.0, 0.0, 1.0, 2.0, 0.0, 0.0, 0.0, 0.0, 0.0, 0.0, 1.0, 0.0, 0.0, 0.0, 0.0, 0.0, 0.0, 0.0, 0.0, 0.0, 0.0, 0.0, 0.0, 0.0, 0.0, 0.0, 0.0, 0.0, 0.0, 0.0, 0.0, 0.0, 0.0, 0.0, 349.0], "bins": [-0.0035425920505076647, -0.0034870353993028402, -0.003431478748098016, -0.0033759218640625477, -0.0033203652128577232, -0.003264808561652899, -0.0032092519104480743, -0.00315369525924325, -0.0030981386080384254, -0.003042581956833601, -0.0029870253056287766, -0.0029314684215933084, -0.002875911770388484, -0.0028203551191836596, -0.002764798467978835, -0.0027092418167740107, -0.0026536849327385426, -0.002598128281533718, -0.0025425716303288937, -0.0024870147462934256, -0.002431458095088601, -0.0023759014438837767, -0.0023203447926789522, -0.0022647881414741278, -0.0022092312574386597, -0.0021536746062338352, -0.0020981179550290108, -0.0020425610709935427, -0.0019870044197887182, -0.0019314477685838938, -0.0018758911173790693, -0.0018203344661742449, -0.0017647778149694204, -0.001709221163764596, -0.0016536643961444497, -0.0015981077449396253, -0.001542550977319479, -0.0014869943261146545, -0.00143143767490983, -0.0013758810237050056, -0.0013203242560848594, -0.001264767604880035, -0.0012092108372598886, -0.0011536541860550642, -0.0010980975348502398, -0.0010425407672300935, -0.000986984116025269, -0.0009314274066127837, -0.0008758706972002983, -0.000820313987787813, -0.0007647572783753276, -0.0007092006271705031, -0.0006536439177580178, -0.0005980872083455324, -0.000542530557140708, -0.0004869738477282226, -0.00043141713831573725, -0.0003758604289032519, -0.000320303748594597, -0.0002647470682859421, -0.00020919035887345672, -0.00015363364946097136, -9.807696915231645e-05, -4.252028884366155e-05, 1.3036420568823814e-05]}, "gradients/linear_layers.0.weight": {"_type": "histogram", "values": [1.0, 1.0, 1.0, 0.0, 1.0, 0.0, 0.0, 1.0, 1.0, 2.0, 3.0, 8.0, 7.0, 12.0, 9.0, 12.0, 15.0, 13.0, 15.0, 14.0, 24.0, 115.0, 111.0, 50.0, 71.0, 76.0, 97.0, 178.0, 117.0, 200.0, 313.0, 167.0, 466.0, 338.0, 233.0, 318.0, 166.0, 174.0, 129.0, 84.0, 74.0, 50.0, 46.0, 71.0, 125652.0, 37.0, 28.0, 16.0, 15.0, 2.0, 19.0, 15.0, 3.0, 3.0, 6.0, 4.0, 10.0, 0.0, 2.0, 0.0, 0.0, 0.0, 2.0, 2.0], "bins": [-0.005105909891426563, -0.004991008900105953, -0.004876107908785343, -0.004761206917464733, -0.004646305926144123, -0.0045314054004848, -0.00441650440916419, -0.00430160341784358, -0.00418670242652297, -0.00407180143520236, -0.00395690044388175, -0.0038419996853917837, -0.0037270986940711737, -0.0036121977027505636, -0.0034972969442605972, -0.003382395952939987, -0.003267494961619377, -0.003152593970298767, -0.003037692978978157, -0.0029227922204881907, -0.0028078912291675806, -0.0026929902378469706, -0.002578089479357004, -0.002463188488036394, -0.002348287496715784, -0.002233386505395174, -0.002118485514074564, -0.0020035847555845976, -0.0018886837642639875, -0.0017737827729433775, -0.0016588818980380893, -0.001543981023132801, -0.001429080031812191, -0.001314179040491581, -0.0011992781655862927, -0.0010843772906810045, -0.0009694762993603945, -0.0008545753662474453, -0.0007396744331344962, -0.0006247735000215471, -0.000509872566908598, -0.0003949716337956488, -0.0002800707006826997, -0.00016516976756975055, -5.0268834456801414e-05, 6.463209865614772e-05, 0.00017953303176909685, 0.000294433964882046, 0.0004093348979949951, 0.0005242358311079443, 0.0006391367642208934, 0.0007540376973338425, 0.0008689386304467916, 0.0009838396217674017, 0.00109874049667269, 0.0012136413715779781, 0.0013285423628985882, 0.0014434433542191982, 0.0015583442291244864, 0.0016732451040297747, 0.0017881460953503847, 0.0019030470866709948, 0.002017947845160961, 0.002132848836481571, 0.0022477498278021812]}}