{"graph_0": {"_type": "graph-file", "path": "media/graph/graph_0_summary_fabf6246.graph.json", "sha256": "fabf62462e1e616427529c784c0e82624efdd54657a9c3263c976ca82afa2ac1", "size": 646}, "Train Loss": 0.0018220370170133214, "Val Loss": 0.05092850737128174, "Train Acc": 100.0, "Val Acc": 98.625, "_runtime": 379, "_timestamp": 1620491940, "_step": 499, "gradients/linear_layers.1.bias": {"_type": "histogram", "values": [1.0, 0.0, 0.0, 0.0, 0.0, 0.0, 0.0, 0.0, 0.0, 0.0, 0.0, 0.0, 0.0, 0.0, 0.0, 0.0, 0.0, 0.0, 0.0, 0.0, 0.0, 0.0, 0.0, 0.0, 0.0, 0.0, 0.0, 0.0, 0.0, 0.0, 0.0, 0.0, 0.0, 0.0, 0.0, 0.0, 0.0, 0.0, 0.0, 0.0, 0.0, 0.0, 0.0, 0.0, 0.0, 0.0, 0.0, 0.0, 0.0, 0.0, 0.0, 0.0, 0.0, 0.0, 0.0, 0.0, 0.0, 0.0, 0.0, 0.0, 0.0, 0.0, 0.0, 1.0], "bins": [-0.001462718122638762, -0.0014170082286000252, -0.0013712982181459665, -0.0013255882076919079, -0.001279878313653171, -0.0012341684196144342, -0.0011884584091603756, -0.001142748398706317, -0.0010970385046675801, -0.0010513286106288433, -0.0010056186001747847, -0.0009599086479283869, -0.0009141986956819892, -0.0008684887434355915, -0.0008227787911891937, -0.000777068838942796, -0.0007313588866963983, -0.0006856489344500005, -0.0006399389822036028, -0.0005942290299572051, -0.0005485190777108073, -0.0005028091254644096, -0.00045709917321801186, -0.0004113892209716141, -0.0003656792687252164, -0.00031996931647881866, -0.0002742593642324209, -0.0002285494119860232, -0.00018283945973962545, -0.00013712950749322772, -9.141955524682999e-05, -4.570960300043225e-05, 2.3283064365386963e-10, 4.571018507704139e-05, 9.142013732343912e-05, 0.00013713008956983685, 0.0001828400418162346, 0.00022854999406263232, 0.00027425994630903006, 0.0003199698985554278, 0.0003656798508018255, 0.00041138980304822326, 0.000457099755294621, 0.0005028097075410187, 0.0005485196597874165, 0.0005942296120338142, 0.0006399395642802119, 0.0006856495165266097, 0.0007313594687730074, 0.0007770694210194051, 0.0008227793732658029, 0.0008684893255122006, 0.0009141992777585983, 0.0009599092300049961, 0.0010056191822513938, 0.0010513290762901306, 0.0010970390867441893, 0.001142749097198248, 0.0011884589912369847, 0.0012341688852757215, 0.0012798788957297802, 0.0013255889061838388, 0.0013712988002225757, 0.0014170086942613125, 0.0014627187047153711]}, "gradients/linear_layers.1.weight": {"_type": "histogram", "values": [1.0, 0.0, 0.0, 0.0, 0.0, 0.0, 0.0, 0.0, 0.0, 0.0, 0.0, 0.0, 0.0, 0.0, 0.0, 0.0, 0.0, 0.0, 0.0, 0.0, 0.0, 2.0, 1.0, 3.0, 0.0, 3.0, 3.0, 0.0, 4.0, 7.0, 3.0, 664.0, 2.0, 3.0, 7.0, 4.0, 0.0, 3.0, 3.0, 0.0, 3.0, 1.0, 2.0, 0.0, 0.0, 0.0, 0.0, 0.0, 0.0, 0.0, 0.0, 0.0, 0.0, 0.0, 0.0, 0.0, 0.0, 0.0, 0.0, 0.0, 0.0, 0.0, 0.0, 1.0], "bins": [-0.011717524379491806, -0.011351351626217365, -0.010985178872942924, -0.010619006119668484, -0.010252833366394043, -0.009886660613119602, -0.009520487859845161, -0.00915431510657072, -0.00878814235329628, -0.00842196960002184, -0.008055796846747398, -0.007689624093472958, -0.007323451340198517, -0.006957278586924076, -0.006591105833649635, -0.0062249330803751945, -0.005858760792762041, -0.0054925880394876, -0.0051264152862131596, -0.004760242532938719, -0.004394069779664278, -0.004027897026389837, -0.00366172450594604, -0.0032955517526715994, -0.0029293792322278023, -0.0025632064789533615, -0.0021970337256789207, -0.0018308610888198018, -0.001464688335545361, -0.0010985155822709203, -0.0007323429454118013, -0.00036617019213736057, 2.7939677238464355e-09, 0.00036617551813833416, 0.0007323482423089445, 0.0010985209373757243, 0.001464693690650165, 0.0018308664439246058, 0.002197039080783725, 0.0025632118340581656, 0.00292938482016325, 0.0032955575734376907, 0.0036617303267121315, 0.004027903079986572, 0.004394075833261013, 0.004760248586535454, 0.0051264213398098946, 0.005492594093084335, 0.005858766380697489, 0.0062249391339719296, 0.00659111188724637, 0.006957284640520811, 0.007323457393795252, 0.007689630147069693, 0.008055802434682846, 0.008421975187957287, 0.008788147941231728, 0.009154320694506168, 0.009520493447780609, 0.00988666620105505, 0.01025283895432949, 0.010619011707603931, 0.010985184460878372, 0.011351357214152813, 0.011717529967427254]}, "gradients/linear_layers.0.bias": {"_type": "histogram", "values": [1.0, 1.0, 0.0, 0.0, 0.0, 0.0, 0.0, 0.0, 1.0, 3.0, 1.0, 0.0, 0.0, 3.0, 1.0, 0.0, 1.0, 0.0, 1.0, 0.0, 0.0, 0.0, 0.0, 1.0, 0.0, 0.0, 0.0, 0.0, 0.0, 0.0, 0.0, 331.0, 0.0, 0.0, 0.0, 0.0, 0.0, 1.0, 0.0, 0.0, 0.0, 1.0, 0.0, 1.0, 2.0, 0.0, 3.0, 0.0, 1.0, 0.0, 2.0, 1.0, 0.0, 0.0, 0.0, 0.0, 0.0, 1.0, 0.0, 0.0, 1.0, 0.0, 0.0, 1.0], "bins": [-0.002573055448010564, -0.0024912613444030285, -0.0024094674736261368, -0.0023276733700186014, -0.002245879266411066, -0.0021640853956341743, -0.002082291292026639, -0.0020004971884191036, -0.00191870320122689, -0.0018369092140346766, -0.0017551151104271412, -0.0016733211232349277, -0.0015915271360427141, -0.0015097330324351788, -0.0014279390452429652, -0.0013461450580507517, -0.0012643509544432163, -0.0011825569672510028, -0.0011007628636434674, -0.0010189688764512539, -0.0009371748310513794, -0.000855380785651505, -0.0007735867984592915, -0.000691792753059417, -0.0006099988240748644, -0.0005282047786749899, -0.00044641076237894595, -0.00036461674608290195, -0.0002828227006830275, -0.00020102865528315306, -0.00011923466809093952, -3.744062269106507e-05, 4.43535391241312e-05, 0.00012614756997209042, 0.00020794160082004964, 0.00028973561711609364, 0.0003715296625159681, 0.00045332370791584253, 0.0005351176951080561, 0.0006169117405079305, 0.0006987059023231268, 0.0007804999477230012, 0.0008622939931228757, 0.0009440879803150892, 0.0010258820839226246, 0.0011076760711148381, 0.0011894700583070517, 0.001271264161914587, 0.0013530580326914787, 0.0014348520198836923, 0.0015166461234912276, 0.0015984401106834412, 0.0016802342142909765, 0.00176202820148319, 0.0018438221886754036, 0.001925616292282939, 0.0020074103958904743, 0.0020892044994980097, 0.0021709983702749014, 0.0022527924738824368, 0.002334586577489972, 0.0024163806810975075, 0.002498174551874399, 0.0025799686554819345, 0.0026617625262588263]}, "gradients/linear_layers.0.weight": {"_type": "histogram", "values": [2.0, 217.0, 32.0, 242.0, 24.0, 7.0, 4.0, 4.0, 3.0, 17.0, 894.0, 328.0, 73.0, 32.0, 746.0, 328.0, 266.0, 111.0, 298.0, 104.0, 119.0, 184.0, 163.0, 428.0, 155.0, 109.0, 54.0, 65.0, 27.0, 4.0, 0.0, 119160.0, 1.0, 33.0, 82.0, 85.0, 222.0, 369.0, 215.0, 148.0, 410.0, 84.0, 175.0, 729.0, 80.0, 584.0, 284.0, 276.0, 53.0, 547.0, 213.0, 7.0, 5.0, 4.0, 11.0, 33.0, 229.0, 23.0, 233.0, 6.0, 14.0, 33.0, 210.0, 2.0],