{"graph_0": {"_type": "graph-file", "path": "media/graph/graph_0_summary_51952793.graph.json", "sha256": "519527938d932e5c6f7412f48a61f41cf0aff00a37c9ed37879b34ffbf6dc752", "size": 646}, "Train Loss": 0.5802023170722855, "Val Loss": 0.6018077755967776, "Train Acc": 68.88888888888889, "Val Acc": 67.04166666666667, "_runtime": 41, "_timestamp": 1618077901, "_step": 49, "gradients/linear_layers.1.bias": {"_type": "histogram", "values": [1.0, 0.0, 0.0, 0.0, 0.0, 0.0, 0.0, 0.0, 0.0, 0.0, 0.0, 0.0, 0.0, 0.0, 0.0, 0.0, 0.0, 0.0, 0.0, 0.0, 0.0, 0.0, 0.0, 0.0, 0.0, 0.0, 0.0, 0.0, 0.0, 0.0, 0.0, 0.0, 0.0, 0.0, 0.0, 0.0, 0.0, 0.0, 0.0, 0.0, 0.0, 0.0, 0.0, 0.0, 0.0, 0.0, 0.0, 0.0, 0.0, 0.0, 0.0, 0.0, 0.0, 0.0, 0.0, 0.0, 0.0, 0.0, 0.0, 0.0, 0.0, 0.0, 0.0, 1.0], "bins": [-0.0029679276049137115, -0.0028751797508448362, -0.002782431896775961, -0.002689683809876442, -0.0025969359558075666, -0.0025041881017386913, -0.0024114400148391724, -0.002318692160770297, -0.0022259443067014217, -0.0021331964526325464, -0.002040448598563671, -0.0019477005116641521, -0.0018549526575952768, -0.0017622048035264015, -0.0016694568330422044, -0.0015767088625580072, -0.001483961008489132, -0.0013912131544202566, -0.0012984651839360595, -0.0012057172134518623, -0.001112969359382987, -0.0010202215053141117, -0.0009274735348299146, -0.0008347256225533783, -0.0007419777102768421, -0.0006492297980003059, -0.0005564818857237697, -0.00046373397344723344, -0.0003709860611706972, -0.000278238148894161, -0.00018549023661762476, -9.274232434108853e-05, 5.587935447692871e-09, 9.275350021198392e-05, 0.00018550141248852015, 0.00027824932476505637, 0.0003709972370415926, 0.0004637451493181288, 0.000556493061594665, 0.0006492409738712013, 0.0007419888861477375, 0.0008347367984242737, 0.00092748471070081, 0.001020232681185007, 0.0011129805352538824, 0.0012057283893227577, 0.0012984763598069549, 0.001391224330291152, 0.0014839721843600273, 0.0015767200384289026, 0.0016694680089130998, 0.001762215979397297, 0.0018549638334661722, 0.0019477116875350475, 0.0020404597744345665, 0.002133207628503442, 0.002225955482572317, 0.0023187033366411924, 0.0024114511907100677, 0.0025041992776095867, 0.002596947131678462, 0.0026896949857473373, 0.0027824430726468563, 0.0028751909267157316, 0.002967938780784607]}, "gradients/linear_layers.1.weight": {"_type": "histogram", "values": [1.0, 0.0, 0.0, 1.0, 0.0, 0.0, 1.0, 2.0, 0.0, 0.0, 0.0, 0.0, 0.0, 0.0, 0.0, 0.0, 0.0, 0.0, 0.0, 0.0, 0.0, 0.0, 0.0, 0.0, 0.0, 0.0, 0.0, 0.0, 0.0, 0.0, 0.0, 710.0, 0.0, 0.0, 0.0, 0.0, 0.0, 0.0, 0.0, 0.0, 0.0, 0.0, 0.0, 0.0, 0.0, 0.0, 0.0, 0.0, 0.0, 0.0, 0.0, 0.0, 0.0, 0.0, 0.0, 0.0, 2.0, 1.0, 0.0, 0.0, 1.0, 0.0, 0.0, 1.0], "bins": [-0.032766129821538925, -0.03174218907952309, -0.0307182464748621, -0.02969430387020111, -0.028670363128185272, -0.027646420523524284, -0.026622477918863297, -0.025598537176847458, -0.02457459457218647, -0.023550651967525482, -0.022526711225509644, -0.021502768620848656, -0.020478826016187668, -0.01945488527417183, -0.01843094266951084, -0.017407000064849854, -0.016383059322834015, -0.015359117649495602, -0.014335175976157188, -0.0133112333714962, -0.012287291698157787, -0.011263350024819374, -0.010239407420158386, -0.009215465746819973, -0.00819152407348156, -0.0071675824001431465, -0.006143640261143446, -0.005119698122143745, -0.004095756448805332, -0.003071814775466919, -0.0020478726364672184, -0.0010239304974675179, 1.4901161193847656e-08, 0.0010239568073302507, 0.0020478987134993076, 0.0030718406196683645, 0.004095782525837421, 0.005119724199175835, 0.006143666338175535, 0.007167608477175236, 0.008191550150513649, 0.009215491823852062, 0.010239433497190475, 0.011263376101851463, 0.012287317775189877, 0.01331125944852829, 0.014335202053189278, 0.015359143726527691, 0.016383085399866104, 0.017407028004527092, 0.01843096874654293, 0.01945491135120392, 0.020478852093219757, 0.021502794697880745, 0.022526737302541733, 0.02355067804455757, 0.02457462064921856, 0.025598563253879547, 0.026622503995895386, 0.027646446600556374, 0.02867038920521736, 0.0296943299472332, 0.030718272551894188, 0.031742215156555176, 0.032766155898571014]}, "gradients/linear_layers.0.bias": {"_type": "histogram", "values": [355.0, 0.0, 0.0, 0.0, 0.0, 0.0, 0.0, 0.0, 0.0, 0.0, 0.0, 0.0, 0.0, 0.0, 0.0, 0.0, 0.0, 0.0, 0.0, 0.0, 0.0, 0.0, 0.0, 0.0, 0.0, 0.0, 0.0, 0.0, 0.0, 0.0, 0.0, 0.0, 0.0, 0.0, 0.0, 0.0, 0.0, 0.0, 0.0, 0.0, 0.0, 0.0, 0.0, 0.0, 0.0, 0.0, 0.0, 0.0, 0.0, 1.0, 0.0, 2.0, 0.0, 0.0, 0.0, 0.0, 0.0, 0.0, 0.0, 0.0, 0.0, 0.0, 0.0, 2.0], "bins": [0.0, 6.795509762014262e-06, 1.3591019524028525e-05, 2.0386529286042787e-05, 2.718203904805705e-05, 3.3977550629060715e-05, 4.0773058572085574e-05, 4.756856651511043e-05, 5.43640780961141e-05, 6.115958967711776e-05, 6.795510125812143e-05, 7.475060556316748e-05, 8.154611714417115e-05, 8.834162872517481e-05, 9.513713303022087e-05, 0.00010193264461122453, 0.0001087281561922282, 0.00011552366777323186, 0.00012231917935423553, 0.0001291146909352392, 0.00013591020251624286, 0.00014270571409724653, 0.00014950121112633497, 0.00015629672270733863, 0.0001630922342883423, 0.00016988774586934596, 0.00017668325745034963, 0.0001834787690313533, 0.00019027426606044173, 0.0001970697776414454, 0.00020386528922244906, 0.00021066080080345273, 0.0002174563123844564, 0.00022425182396546006, 0.00023104733554646373, 0.0002378428471274674, 0.00024463835870847106, 0.0002514338702894747, 0.0002582293818704784, 0.00026502489345148206, 0.0002718204050324857, 0.0002786159166134894, 0.00028541142819449306, 0.0002922069397754967, 0.0002990024513565004, 0.00030579796293750405, 0.0003125934745185077, 0.0003193889860995114, 0.0003261844685766846, 0.00033297998015768826, 0.0003397754917386919, 0.0003465710033196956, 0.00035336651490069926, 0.0003601620264817029, 0.0003669575380627066, 0.0003737530205398798, 0.00038054853212088346, 0.00038734404370188713, 0.0003941395552828908, 0.00040093506686389446, 0.00040773057844489813, 0.0004145260900259018, 0.00042132160160690546, 0.0004281171131879091, 0.0004349126247689128]}, "gradients/linear_layers.0.weight": {"_type": "histogram", "values": [2.0, 0.0, 0.0, 0.0, 0.0, 2.0, 3.0, 2.0, 2.0, 3.0, 1.0, 5.0, 5.0, 11.0, 9.0, 4.0, 11.0, 8.0, 9.0, 14.0, 6.0, 24.0, 10.0, 39.0, 27.0, 42.0, 65.0, 63.0, 104.0, 59.0, 127852.0, 80.0, 385.0, 89.0, 113.0, 93.0, 88.0, 78.0, 64.0, 46.0, 42.0, 39.0, 29.0, 12.0, 19.0, 10.0, 3.0, 6.0, 1.0, 2.0, 2.0, 8.0, 0.0, 0.0, 0.0, 2.0, 3.0, 2.0, 0.0, 0.0, 0.0, 0.0, 0.0, 2.0], "bins": [-0.004032224416732788, -0.0039001500699669123, -0.00376807595603168, -0.0036360016092658043, -0.003503927495330572, -0.0033718531485646963, -0.0032397788017988205, -0.0031077046878635883, -0.002975630573928356, -0.0028435562271624804, -0.002711482113227248, -0.0025794077664613724, -0.00244733365252614, -0.0023152593057602644, -0.0021831849589943886, -0.0020511108450591564, -0.0019190364982932806, -0.0017869622679427266, -0.0016548880375921726, -0.0015228136908262968, -0.0013907395768910646, -0.0012586652301251888, -0.0011265909997746348, -0.0009945167694240808, -0.000862442422658205, -0.000730368192307651, -0.000598293961957097, -0.00046621967339888215, -0.00033414544304832816, -0.00020207121269777417, -6.999692413955927e-05, 6.207730621099472e-05, 0.00019415142014622688, 0.00032622565049678087, 0.0004582999099511653, 0.0005903741694055498, 0.0007224483997561038, 0.0008545226301066577, 0.0009865969186648726, 0.0011186711490154266, 0.0012507452629506588, 0.0013828194933012128, 0.0015148937236517668, 0.0016469680704176426, 0.0017790421843528748, 0.0019111165311187506, 0.0020431908778846264, 0.0021752649918198586, 0.0023073393385857344, 0.00243941368535161, 0.0025714877992868423, 0.002703562146052718, 0.0028356362599879503, 0.002967710606753826, 0.0030997847206890583, 0.003231859067454934, 0.00336393341422081, 0.0034960077609866858, 0.003628081874921918, 0.0037601562216877937, 0.003892230335623026, 0.004024304449558258, 0.0041563790291547775, 0.00428845314309001, 0.004420527257025242]}}