{"graph_0": {"_type": "graph-file", "path": "media/graph/graph_0_summary_d8f5aa01.graph.json", "sha256": "d8f5aa01c2c799c2dc6b81f86d9120702d64c0f75d8601f14e69635e9b3d2310", "size": 1103}, "train-loss": 8.618586571887136, "val-loss": 133.76451255560048, "train-accuracy": 4482.0, "val-accuracy": 34400.0, "_runtime": 83, "_timestamp": 1617026506, "_step": 49, "gradients/fc_output.bias": {"_type": "histogram", "values": [1.0, 0.0, 0.0, 0.0, 0.0, 0.0, 0.0, 0.0, 0.0, 0.0, 0.0, 0.0, 0.0, 0.0, 0.0, 0.0, 0.0, 0.0, 0.0, 0.0, 0.0, 0.0, 0.0, 0.0, 0.0, 0.0, 0.0, 0.0, 0.0, 0.0, 0.0, 0.0, 0.0, 0.0, 0.0, 0.0, 0.0, 0.0, 0.0, 0.0, 0.0, 0.0, 0.0, 0.0, 0.0, 0.0, 0.0, 0.0, 0.0, 0.0, 0.0, 0.0, 0.0, 0.0, 0.0, 0.0, 0.0, 0.0, 0.0, 0.0, 0.0, 0.0, 0.0, 1.0], "bins": [-0.16304148733615875, -0.15794643759727478, -0.1528513878583908, -0.14775635302066803, -0.14266130328178406, -0.13756625354290009, -0.1324712038040161, -0.12737615406513214, -0.12228111177682877, -0.1171860620379448, -0.11209101974964142, -0.10699597001075745, -0.10190092027187347, -0.0968058779835701, -0.09171082824468613, -0.08661578595638275, -0.08152073621749878, -0.07642568647861481, -0.07133064419031143, -0.06623559445142746, -0.061140548437833786, -0.05604550242424011, -0.05095045268535614, -0.045855406671762466, -0.04076036065816879, -0.03566531464457512, -0.030570266768336296, -0.025475218892097473, -0.0203801728785038, -0.015285126864910126, -0.010190078988671303, -0.00509503111243248, 0.0, 0.005095046944916248, 0.010190093889832497, 0.015285140834748745, 0.020380187779664993, 0.025475233793258667, 0.03057028166949749, 0.03566532954573631, 0.04076037555932999, 0.04585542157292366, 0.050950467586517334, 0.056045517325401306, 0.06114056333899498, 0.06623560935258865, 0.07133065909147263, 0.076425701379776, 0.08152075111865997, 0.08661580085754395, 0.09171084314584732, 0.09680589288473129, 0.10190093517303467, 0.10699598491191864, 0.11209103465080261, 0.11718608438968658, 0.12228112667798996, 0.12737616896629333, 0.1324712187051773, 0.13756626844406128, 0.14266131818294525, 0.14775636792182922, 0.152851402759552, 0.15794645249843597, 0.16304150223731995]}, "gradients/fc_output.weight": {"_type": "histogram", "values": [2.0, 0.0, 0.0, 0.0, 0.0, 0.0, 0.0, 1.0, 0.0, 3.0, 1.0, 0.0, 1.0, 1.0, 1.0, 0.0, 1.0, 0.0, 1.0, 0.0, 0.0, 4.0, 0.0, 1.0, 0.0, 0.0, 0.0, 0.0, 3.0, 0.0, 5.0, 654.0, 16.0, 5.0, 0.0, 3.0, 0.0, 0.0, 0.0, 0.0, 1.0, 0.0, 4.0, 0.0, 0.0, 1.0, 0.0, 1.0, 0.0, 1.0, 1.0, 1.0, 0.0, 1.0, 3.0, 0.0, 1.0, 0.0, 0.0, 0.0, 0.0, 0.0, 0.0, 2.0], "bins": [-0.13871829211711884, -0.13438335061073303, -0.13004839420318604, -0.12571345269680023, -0.12137850373983383, -0.11704355478286743, -0.11270861327648163, -0.10837366431951523, -0.10403871536254883, -0.09970376640558243, -0.09536881744861603, -0.09103387594223022, -0.08669892698526382, -0.08236397802829742, -0.07802903652191162, -0.07369408756494522, -0.06935913860797882, -0.06502418965101242, -0.06068924441933632, -0.05635429918766022, -0.05201935023069382, -0.04768440127372742, -0.043349456042051315, -0.039014510810375214, -0.034679561853408813, -0.030344614759087563, -0.02600966766476631, -0.02167472057044506, -0.01733977347612381, -0.013004826381802559, -0.008669879287481308, -0.004334932193160057, 1.4901161193847656e-08, 0.004334961995482445, 0.008669909089803696, 0.013004856184124947, 0.017339803278446198, 0.02167475037276745, 0.0260096974670887, 0.03034464456140995, 0.0346795916557312, 0.0390145406126976, 0.0433494858443737, 0.047684431076049805, 0.052019380033016205, 0.056354328989982605, 0.06068927422165871, 0.06502421945333481, 0.06935916841030121, 0.07369411736726761, 0.07802906632423401, 0.08236400783061981, 0.08669895678758621, 0.09103390574455261, 0.09536884725093842, 0.09970379620790482, 0.10403874516487122, 0.10837369412183762, 0.11270864307880402, 0.11704358458518982, 0.12137853354215622, 0.12571348249912262, 0.13004842400550842, 0.13438338041305542, 0.13871832191944122]}, "gradients/fc_hidden.1.bias": {"_type": "histogram", "values": [1.0, 0.0, 1.0, 0.0, 0.0, 0.0, 0.0, 0.0, 0.0, 0.0, 0.0, 0.0, 0.0, 0.0, 0.0, 0.0, 0.0, 0.0, 1.0, 0.0, 2.0, 0.0, 0.0, 0.0, 0.0, 0.0, 0.0, 0.0, 0.0, 1.0, 2.0, 0.0, 5.0, 330.0, 1.0, 3.0, 1.0, 0.0, 0.0, 0.0, 2.0, 0.0, 0.0, 1.0, 1.0, 0.0, 0.0, 1.0, 2.0, 0.0, 1.0, 1.0, 0.0, 1.0, 0.0, 0.0, 0.0, 0.0, 0.0, 0.0, 0.0, 0.0, 0.0, 2.0], "bins": [-0.08176355063915253, -0.07930637896060944, -0.07684920728206635, -0.07439204305410385, -0.07193487137556076, -0.06947769969701767, -0.06702052801847458, -0.06456335633993149, -0.062106188386678696, -0.059649016708135605, -0.05719184875488281, -0.05473467707633972, -0.05227750539779663, -0.04982033744454384, -0.04736316576600075, -0.044905997812747955, -0.042448826134204865, -0.039991654455661774, -0.03753448650240898, -0.03507731482386589, -0.0326201468706131, -0.030162975192070007, -0.027705803513526917, -0.025248633697628975, -0.022791463881731033, -0.020334294065833092, -0.01787712424993515, -0.01541995257139206, -0.012962782755494118, -0.010505612939596176, -0.00804844219237566, -0.005591271445155144, -0.003134101629257202, -0.0006769313476979733, 0.0017802389338612556, 0.0042374092154204845, 0.0066945794969797134, 0.009151749312877655, 0.011608920060098171, 0.014066090807318687, 0.01652326062321663, 0.01898043043911457, 0.021437600255012512, 0.023894771933555603, 0.026351941749453545, 0.028809111565351486, 0.03126628324389458, 0.03372345119714737, 0.03618062287569046, 0.03863779455423355, 0.04109496250748634, 0.043552134186029434, 0.04600930213928223, 0.04846647381782532, 0.05092364549636841, 0.0533808171749115, 0.05583798512816429, 0.05829515680670738, 0.060752324759960175, 0.06320949643850327, 0.06566666811704636, 0.06812383234500885, 0.07058100402355194, 0.07303817570209503, 0.07549534738063812]}, "gradients/fc_hidden.1.weight": {"_type": "histogram", "values": [1.0, 2.0, 1.0, 3.0, 0.0, 1.0, 1.0, 1.0, 2.0, 1.0, 1.0, 0.0, 2.0, 6.0, 6.0, 9.0, 4.0, 5.0, 4.0, 6.0, 5.0, 12.0, 17.0, 14.0, 20.0, 26.0, 21.0, 16.0, 30.0, 41.0, 44.0, 79.0, 267.0, 128188.0, 154.0, 87.0, 74.0, 56.0, 62.0, 53.0, 57.0, 31.0, 34.0, 32.0, 17.0, 17.0, 10.0, 11.0, 13.0, 9.0, 11.0, 13.0, 6.0, 2.0, 1.0, 1.0, 2.0, 3.0, 0.0, 0.0, 2.0, 0.0, 4.0, 2.0], "bins": [-0.015027831308543682, -0.014576868154108524, -0.014125904999673367, -0.013674941845238209, -0.013223978690803051, -0.012773015536367893, -0.01232205145061016, -0.011871088296175003, -0.011420125141739845, -0.010969161987304688, -0.01051819883286953, -0.010067235678434372, -0.009616272523999214, -0.009165309369564056, -0.008714346215128899, -0.00826338306069374, -0.007812419906258583, -0.007361456751823425, -0.0069104935973882675, -0.00645953044295311, -0.006008567288517952, -0.005557604134082794, -0.005106640513986349, -0.004655677359551191, -0.004204713739454746, -0.0037537505850195885, -0.0033027874305844307, -0.0028518240433186293, -0.0024008608888834715, -0.0019498977344483137, -0.0014989343471825123, -0.0010479711927473545, -0.0005970094352960587, -0.00014604622265323997, 0.0003049169899895787, 0.0007558802608400583, 0.001206843415275216, 0.0016578065697103739, 0.0021087699569761753, 0.002559733111411333, 0.0030106958001852036, 0.0034616589546203613, 0.003912622109055519, 0.004363585263490677, 0.004814548417925835, 0.005265511572360992, 0.0057164751924574375, 0.006167438346892595, 0.00661840196698904, 0.007069365121424198, 0.007520328275859356, 0.007971291430294514, 0.008422254584729671, 0.00887321773916483, 0.009324181824922562, 0.00977514497935772, 0.010226108133792877, 0.010677071288228035, 0.011128034442663193, 0.01157899759709835, 0.012029960751533508, 0.012480923905968666, 0.012931887060403824, 0.013382850214838982, 0.01383381336927414]}, "gradients/fc_hidden.0.bias": {"_type": "histogram",