{"graph_0": {"_type": "graph-file", "path": "media/graph/graph_0_summary_c116065c.graph.json", "sha256": "c116065cb13c4c3c69cd6781fb99eb6aa02a076a44f324d544d958f74a2113ad", "size": 1103}, "Train Loss": 0.21924008537704745, "Val Loss": 0.21982610286922488, "Train Acc": 91.20833333333333, "Val Acc": 90.23136246786632, "_runtime": 109, "_timestamp": 1617099344, "_step": 49, "gradients/fc_output.bias": {"_type": "histogram", "values": [1.0, 0.0, 0.0, 0.0, 0.0, 0.0, 0.0, 0.0, 0.0, 0.0, 0.0, 0.0, 0.0, 0.0, 0.0, 0.0, 0.0, 0.0, 0.0, 0.0, 0.0, 0.0, 0.0, 0.0, 0.0, 0.0, 0.0, 0.0, 0.0, 0.0, 0.0, 0.0, 0.0, 0.0, 0.0, 0.0, 0.0, 0.0, 0.0, 0.0, 0.0, 0.0, 0.0, 0.0, 0.0, 0.0, 0.0, 0.0, 0.0, 0.0, 0.0, 0.0, 0.0, 0.0, 0.0, 0.0, 0.0, 0.0, 0.0, 0.0, 0.0, 0.0, 0.0, 1.0], "bins": [-0.047954101115465164, -0.04645553603768349, -0.04495697095990181, -0.04345840588212013, -0.041959840804338455, -0.04046127200126648, -0.0389627069234848, -0.037464141845703125, -0.03596557676792145, -0.03446701169013977, -0.03296844661235809, -0.031469881534576416, -0.02997131459414959, -0.028472749516367912, -0.026974184438586235, -0.02547561749815941, -0.02397705428302288, -0.022478489205241203, -0.020979924127459526, -0.0194813571870327, -0.017982792109251022, -0.016484227031469345, -0.014985661953687668, -0.013487095944583416, -0.011988531798124313, -0.010489966720342636, -0.008991400711238384, -0.007492835633456707, -0.0059942700900137424, -0.004495704546570778, -0.0029971394687891006, -0.0014985734596848488, -7.450580596923828e-09, 0.0014985579764470458, 0.0029971234034746885, 0.004495688714087009, 0.005994254257529974, 0.0074928198009729385, 0.008991384878754616, 0.010489950887858868, 0.01198851689696312, 0.013487081974744797, 0.014985647983849049, 0.01648421213030815, 0.017982779070734978, 0.019481344148516655, 0.020979909226298332, 0.02247847616672516, 0.023977039381861687, 0.025475604459643364, 0.02697416953742504, 0.028472736477851868, 0.029971301555633545, 0.03146986663341522, 0.0329684317111969, 0.03446699678897858, 0.035965561866760254, 0.03746412694454193, 0.03896269202232361, 0.040461257100105286, 0.04195982217788696, 0.04345838725566864, 0.04495695233345032, 0.04645552113652229, 0.04795408621430397]}, "gradients/fc_output.weight": {"_type": "histogram", "values": [1.0, 0.0, 0.0, 0.0, 1.0, 2.0, 1.0, 0.0, 2.0, 2.0, 0.0, 0.0, 1.0, 2.0, 0.0, 0.0, 0.0, 1.0, 1.0, 0.0, 2.0, 1.0, 0.0, 0.0, 0.0, 0.0, 1.0, 1.0, 3.0, 3.0, 3.0, 14.0, 650.0, 3.0, 3.0, 3.0, 1.0, 1.0, 0.0, 0.0, 0.0, 0.0, 1.0, 2.0, 0.0, 1.0, 1.0, 0.0, 0.0, 0.0, 2.0, 1.0, 0.0, 0.0, 2.0, 2.0, 0.0, 1.0, 2.0, 1.0, 0.0, 0.0, 0.0, 1.0], "bins": [-0.0435003824532032, -0.04214099422097206, -0.04078160971403122, -0.03942222148180008, -0.03806283697485924, -0.0367034487426281, -0.035344064235687256, -0.033984676003456116, -0.032625287771224976, -0.031265899538993835, -0.029906515032052994, -0.028547126799821854, -0.027187740430235863, -0.025828354060649872, -0.02446896769106388, -0.02310958132147789, -0.0217501949518919, -0.020390808582305908, -0.019031422212719917, -0.017672035843133926, -0.016312647610902786, -0.014953261241316795, -0.013593874871730804, -0.012234487570822239, -0.010875102132558823, -0.009515715762972832, -0.008156328462064266, -0.006796942092478275, -0.005437555257230997, -0.004078168421983719, -0.002718782052397728, -0.0013593947514891624, -7.450580596923828e-09, 0.0013593792682513595, 0.002718765987083316, 0.00407815258949995, 0.005437539424747229, 0.006796926259994507, 0.008156312629580498, 0.009515699930489063, 0.010875087231397629, 0.01223447360098362, 0.013593860901892185, 0.014953247271478176, 0.01631263457238674, 0.017672020941972733, 0.019031407311558723, 0.020390793681144714, 0.021750180050730705, 0.023109566420316696, 0.024468952789902687, 0.025828339159488678, 0.027187727391719818, 0.02854711376130581, 0.0299065001308918, 0.03126588836312294, 0.03262527287006378, 0.03398466110229492, 0.035344045609235764, 0.036703433841466904, 0.038062818348407745, 0.039422206580638885, 0.040781594812870026, 0.04214097931981087, 0.04350036755204201]}, "gradients/fc_hidden.1.bias": {"_type": "histogram", "values": [1.0, 1.0, 0.0, 0.0, 0.0, 0.0, 0.0, 0.0, 0.0, 0.0, 0.0, 0.0, 0.0, 0.0, 0.0, 1.0, 0.0, 0.0, 0.0, 0.0, 0.0, 1.0, 0.0, 0.0, 0.0, 0.0, 0.0, 0.0, 0.0, 0.0, 0.0, 0.0, 0.0, 0.0, 0.0, 0.0, 325.0, 3.0, 2.0, 3.0, 0.0, 1.0, 3.0, 2.0, 2.0, 1.0, 1.0, 1.0, 0.0, 1.0, 1.0, 2.0, 0.0, 2.0, 0.0, 1.0, 0.0, 3.0, 0.0, 0.0, 1.0, 0.0, 0.0, 1.0], "bins": [-0.030999328941106796, -0.030142642557621002, -0.029285958036780357, -0.028429273515939713, -0.02757258713245392, -0.026715900748968124, -0.02585921622812748, -0.025002531707286835, -0.02414584532380104, -0.023289158940315247, -0.022432474419474602, -0.021575789898633957, -0.020719103515148163, -0.01986241713166237, -0.019005732610821724, -0.01814904808998108, -0.017292361706495285, -0.01643567532300949, -0.015578990802168846, -0.014722305350005627, -0.013865619897842407, -0.013008934445679188, -0.012152248993515968, -0.011295563541352749, -0.01043887808918953, -0.00958219263702631, -0.00872550718486309, -0.007868821732699871, -0.007012136280536652, -0.006155450828373432, -0.005298765376210213, -0.004442079924046993, -0.003585396334528923, -0.0027287108823657036, -0.0018720254302024841, -0.0010153399780392647, -0.00015865452587604523, 0.0006980309262871742, 0.0015547163784503937, 0.002411401830613613, 0.0032680872827768326, 0.004124772734940052, 0.0049814581871032715, 0.005838143639266491, 0.00669482909142971, 0.00755151454359293, 0.00840819999575615, 0.009264885447919369, 0.010121570900082588, 0.010978256352245808, 0.011834941804409027, 0.012691627256572247, 0.013548312708735466, 0.014404998160898685, 0.015261683613061905, 0.0161183699965477, 0.016975054517388344, 0.01783173903822899, 0.018688425421714783, 0.019545111805200577, 0.02040179632604122, 0.021258480846881866, 0.02211516723036766, 0.022971853613853455, 0.0238285381346941]}, "gradients/fc_hidden.1.weight": {"_type": "histogram", "values": [2.0, 2.0, 0.0, 0.0, 1.0, 1.0, 0.0, 0.0, 0.0, 0.0, 1.0, 3.0, 2.0, 1.0, 1.0, 0.0, 2.0, 4.0, 1.0, 4.0, 4.0, 3.0, 4.0, 4.0, 7.0, 6.0, 6.0, 4.0, 10.0, 4.0, 7.0, 10.0, 11.0, 9.0, 8.0, 17.0, 14.0, 13.0, 16.0, 6.0, 128026.0, 275.0, 204.0, 148.0, 161.0, 146.0, 111.0, 96.0, 69.0, 47.0, 42.0, 18.0, 17.0, 16.0, 7.0, 6.0, 6.0, 6.0, 6.0, 0.0, 2.0, 1.0, 0.0, 2.0], "bins": [-0.008674437180161476, -0.008460470475256443, -0.00824650377035141, -0.008032537065446377, -0.007818570360541344, -0.007604604121297598, -0.007390637882053852, -0.007176671177148819, -0.006962704472243786, -0.006748737767338753, -0.00653477106243372, -0.006320804823189974, -0.006106838118284941, -0.005892871413379908, -0.005678905174136162, -0.005464938469231129, -0.005250971764326096, -0.0050370050594210625, -0.004823038354516029, -0.0046090721152722836, -0.0043951054103672504, -0.004181138705462217, -0.0039671724662184715, -0.0037532057613134384, -0.0035392390564084053, -0.003325272351503372, -0.0031113058794289827, -0.0028973394073545933, -0.00268337270244956, -0.002469405997544527, -0.0022554395254701376, -0.002041473053395748, -0.001827506348490715, -0.0016135397600010037, -0.0013995731715112925, -0.0011856065830215812, -0.0009716399945318699, -0.0007576734060421586, -0.0005437068175524473, -0.00032974022906273603, -0.00011577364057302475, 9.819294791668653e-05, 0.0003121595364063978, 0.0005261261248961091, 0.0007400927133858204, 0.0009540593018755317, 0.001168025890365243, 0.0013819924788549542, 0.0015959590673446655, 0.0018099256558343768, 0.002023892244324088, 0.0022378587163984776, 0.0024518254213035107, 0.0026657921262085438, 0.0028797585982829332, 0.0030937250703573227, 0.003307691775262356, 0.003521658480167389, 0.0037356249522417784, 0.003949591424316168, 0.004163558129221201, 0.004377524834126234, 0.00459149107336998, 0.004805457778275013, 0.005019424483180046]}, "gradients/fc_hidden.0.bias": {"_type": "histogram",