{"graph_0": {"_type": "graph-file", "path": "media/graph/graph_0_summary_f93bc2c7.graph.json", "sha256": "f93bc2c782448cf5bd257385548075228c958e0a4ad9d13f6ec4ca999d14f07c", "size": 646}, "Train Loss": 0.031171130837820884, "Val Loss": 0.08164829058417429, "Train Acc": 99.16666666666667, "Val Acc": 97.5, "_runtime": 41, "_timestamp": 1618078078, "_step": 49, "gradients/linear_layers.1.bias": {"_type": "histogram", "values": [1.0, 0.0, 0.0, 0.0, 0.0, 0.0, 0.0, 0.0, 0.0, 0.0, 0.0, 0.0, 0.0, 0.0, 0.0, 0.0, 0.0, 0.0, 0.0, 0.0, 0.0, 0.0, 0.0, 0.0, 0.0, 0.0, 0.0, 0.0, 0.0, 0.0, 0.0, 0.0, 0.0, 0.0, 0.0, 0.0, 0.0, 0.0, 0.0, 0.0, 0.0, 0.0, 0.0, 0.0, 0.0, 0.0, 0.0, 0.0, 0.0, 0.0, 0.0, 0.0, 0.0, 0.0, 0.0, 0.0, 0.0, 0.0, 0.0, 0.0, 0.0, 0.0, 0.0, 1.0], "bins": [-0.021698584780097008, -0.02102050371468067, -0.020342422649264336, -0.019664341583848, -0.018986260518431664, -0.018308179453015327, -0.01763009838759899, -0.016952017322182655, -0.01627393625676632, -0.015595855191349983, -0.014917774125933647, -0.014239693060517311, -0.013561611995100975, -0.012883530929684639, -0.012205449864268303, -0.011527368798851967, -0.01084928773343563, -0.010171206668019295, -0.009493125602602959, -0.008815044537186623, -0.008136963471770287, -0.0074588824063539505, -0.0067808013409376144, -0.006102720275521278, -0.005424639210104942, -0.004746558144688606, -0.00406847707927227, -0.003390396013855934, -0.002712314948439598, -0.002034233883023262, -0.001356152817606926, -0.0006780717521905899, 9.313225746154785e-09, 0.0006780903786420822, 0.0013561714440584183, 0.0020342525094747543, 0.0027123335748910904, 0.0033904146403074265, 0.0040684957057237625, 0.004746576771140099, 0.005424657836556435, 0.006102738901972771, 0.006780819967389107, 0.007458901032805443, 0.008136982098221779, 0.008815063163638115, 0.009493144229054451, 0.010171225294470787, 0.010849306359887123, 0.01152738742530346, 0.012205468490719795, 0.012883549556136131, 0.013561630621552467, 0.014239711686968803, 0.01491779275238514, 0.015595873817801476, 0.01627395488321781, 0.016952035948634148, 0.017630117014050484, 0.01830819807946682, 0.018986279144883156, 0.019664360210299492, 0.020342441275715828, 0.021020522341132164, 0.0216986034065485]}, "gradients/linear_layers.1.weight": {"_type": "histogram", "values": [1.0, 0.0, 0.0, 1.0, 3.0, 1.0, 0.0, 1.0, 1.0, 0.0, 0.0, 0.0, 1.0, 0.0, 4.0, 3.0, 4.0, 6.0, 9.0, 7.0, 3.0, 1.0, 1.0, 12.0, 6.0, 13.0, 11.0, 12.0, 6.0, 4.0, 3.0, 492.0, 0.0, 3.0, 4.0, 6.0, 12.0, 11.0, 13.0, 6.0, 12.0, 1.0, 1.0, 3.0, 7.0, 9.0, 6.0, 4.0, 3.0, 4.0, 0.0, 1.0, 0.0, 0.0, 0.0, 1.0, 1.0, 0.0, 1.0, 3.0, 1.0, 0.0, 0.0, 1.0], "bins": [-0.025257399305701256, -0.024468105286359787, -0.023678811267018318, -0.02288951724767685, -0.02210022322833538, -0.021310929208993912, -0.020521633327007294, -0.019732341170310974, -0.018943045288324356, -0.018153751268982887, -0.01736445724964142, -0.01657516323029995, -0.01578586921095848, -0.014996575191617012, -0.014207280240952969, -0.0134179862216115, -0.012628693133592606, -0.011839399114251137, -0.011050105094909668, -0.0102608110755682, -0.00947151705622673, -0.008682223036885262, -0.007892928086221218, -0.007103634066879749, -0.006314339116215706, -0.005525045096874237, -0.004735751077532768, -0.003946456592530012, -0.0031571625731885433, -0.0023678685538470745, -0.0015785740688443184, -0.0007892800495028496, 1.1175870895385742e-08, 0.000789305311627686, 0.0015785994473844767, 0.002367893699556589, 0.003157187718898058, 0.003946481738239527, 0.004735776223242283, 0.005525070242583752, 0.006314363330602646, 0.007103657349944115, 0.007892951369285583, 0.008682245388627052, 0.009471539407968521, 0.01026083342730999, 0.011050128377974033, 0.011839422397315502, 0.012628717347979546, 0.013418011367321014, 0.014207305386662483, 0.014996599406003952, 0.01578589342534542, 0.01657518744468689, 0.017364483326673508, 0.018153775483369827, 0.018943071365356445, 0.019732365384697914, 0.020521659404039383, 0.021310953423380852, 0.02210024744272232, 0.02288954146206379, 0.023678835481405258, 0.024468131363391876, 0.025257423520088196]}, "gradients/linear_layers.0.bias": {"_type": "histogram", "values": [2.0, 0.0, 0.0, 5.0, 6.0, 8.0, 2.0, 4.0, 5.0, 1.0, 2.0, 1.0, 1.0, 0.0, 0.0, 2.0, 2.0, 0.0, 3.0, 0.0, 0.0, 0.0, 1.0, 0.0, 0.0, 0.0, 0.0, 0.0, 246.0, 0.0, 0.0, 0.0, 0.0, 0.0, 0.0, 0.0, 1.0, 1.0, 0.0, 4.0, 2.0, 1.0, 4.0, 4.0, 1.0, 3.0, 2.0, 1.0, 1.0, 1.0, 4.0, 5.0, 1.0, 6.0, 6.0, 5.0, 2.0, 4.0, 4.0, 1.0, 2.0, 1.0, 1.0, 1.0], "bins": [-0.007499913219362497, -0.0072349002584815025, -0.00696988683193922, -0.006704873871058226, -0.006439860910177231, -0.006174847483634949, -0.005909834522753954, -0.005644821561872959, -0.005379808135330677, -0.005114795174449682, -0.0048497817479074, -0.004584768787026405, -0.0043197558261454105, -0.004054742865264416, -0.0037897294387221336, -0.003524716477841139, -0.003259703516960144, -0.0029946903232485056, -0.002729677362367511, -0.0024646641686558723, -0.0021996512077748775, -0.001934638014063239, -0.0016696248203516006, -0.001404611743055284, -0.0011395984329283237, -0.0008745853556320071, -0.0006095722201280296, -0.00034455908462405205, -7.954600732773542e-05, 0.0001854670699685812, 0.00045048026368021965, 0.0007154933409765363, 0.000980505719780922, 0.0012455187970772386, 0.0015105318743735552, 0.0017755450680851936, 0.0020405580289661884, 0.002305571222677827, 0.0025705844163894653, 0.00283559737727046, 0.003100610338151455, 0.0033656235318630934, 0.003630636492744088, 0.0038956496864557266, 0.004160662647336721, 0.004425675608217716, 0.004690689034759998, 0.004955701995640993, 0.005220715422183275, 0.00548572838306427, 0.005750741809606552, 0.006015754770487547, 0.006280767731368542, 0.006545781157910824, 0.006810794118791819, 0.007075807079672813, 0.0073408205062150955, 0.00760583346709609, 0.007870846427977085, 0.008135859854519367, 0.00840087328106165, 0.008665885776281357, 0.008930899202823639, 0.009195912629365921, 0.009460925124585629]}, "gradients/linear_layers.0.weight": {"_type": "histogram", "values": [3.0, 4.0, 7.0, 22.0, 77.0, 465.0, 118.0, 868.0, 1773.0, 2177.0, 711.0, 1692.0, 767.0, 607.0, 454.0, 416.0, 314.0, 674.0, 1195.0, 783.0, 897.0, 371.0, 366.0, 687.0, 347.0, 233.0, 140.0, 32.0, 88562.0, 76.0, 235.0, 367.0, 475.0, 648.0, 844.0, 627.0, 770.0, 1479.0, 1108.0, 1238.0, 1894.0, 780.0, 1036.0, 765.0, 662.0, 261.0, 1457.0, 1311.0, 613.0, 2017.0, 1530.0, 1062.0, 1265.0, 828.0, 558.0, 292.0, 305.0, 260.0, 37.0, 19.0, 9.0, 6.0, 2.0, 2.0], "bins": [-0.006845052354037762, -0.006603138521313667, -0.006361224222928286, -0.006119310390204191, -0.0058773960918188095, -0.005635482259094715, -0.005393568426370621, -0.005151654593646526, -0.004909740295261145, -0.00466782646253705, -0.0044259121641516685, -0.004183998331427574, -0.00394208449870348, -0.003700170200318098, -0.0034582563675940037, -0.0032163423020392656, -0.0029744282364845276, -0.0027325141709297895, -0.0024906001053750515, -0.002248686272650957, -0.002006772207096219, -0.001764858141541481, -0.0015229441924020648, -0.0012810302432626486, -0.0010391161777079105, -0.0007972021703608334, -0.0005552881630137563, -0.00031337415566667914, -7.146014831960201e-05, 0.00017045391723513603, 0.00041236786637455225, 0.0006542818155139685, 0.0008961958810687065, 0.0011381099466234446, 0.0013800238957628608, 0.001621937844902277, 0.001863851910457015, 0.002105765976011753, 0.0023476798087358475, 0.0025895938742905855, 0.0028315079398453236, 0.0030734220054000616, 0.0033153360709547997, 0.003557249903678894, 0.003799163969233632, 0.00404107803478837, 0.0042829918675124645, 0.004524906165897846, 0.004766819998621941, 0.005008733831346035, 0.005250648129731417, 0.005492561962455511, 0.005734476260840893, 0.005976390093564987, 0.006218303926289082, 0.006460217759013176, 0.006702132057398558, 0.006944045890122652, 0.007185960188508034, 0.007427874021232128, 0.0076697878539562225, 0.007911702618002892, 0.008153616450726986, 0.00839553028345108, 0.008637444116175175]}}