{"graph_0": {"_type": "graph-file", "path": "media/graph/graph_0_summary_b0be7a1b.graph.json", "sha256": "b0be7a1bae4e75ae8c5ff10620a1dc4b46b60771cc3da8e74c530942cbfb5a81", "size": 1103}, "Train Loss": 0.2114073553433021, "Val Loss": 0.2648517849588327, "Train Acc": 91.10416666666667, "Val Acc": 88.68894601542416, "_runtime": 90, "_timestamp": 1617031480, "_step": 49, "gradients/fc_output.bias": {"_type": "histogram", "values": [1.0, 0.0, 0.0, 0.0, 0.0, 0.0, 0.0, 0.0, 0.0, 0.0, 0.0, 0.0, 0.0, 0.0, 0.0, 0.0, 0.0, 0.0, 0.0, 0.0, 0.0, 0.0, 0.0, 0.0, 0.0, 0.0, 0.0, 0.0, 0.0, 0.0, 0.0, 0.0, 0.0, 0.0, 0.0, 0.0, 0.0, 0.0, 0.0, 0.0, 0.0, 0.0, 0.0, 0.0, 0.0, 0.0, 0.0, 0.0, 0.0, 0.0, 0.0, 0.0, 0.0, 0.0, 0.0, 0.0, 0.0, 0.0, 0.0, 0.0, 0.0, 0.0, 0.0, 1.0], "bins": [-0.05573006719350815, -0.0539885014295578, -0.05224693939089775, -0.0505053736269474, -0.048763807862997055, -0.047022245824337006, -0.04528068006038666, -0.04353911429643631, -0.04179755225777626, -0.04005598649382591, -0.03831442445516586, -0.036572858691215515, -0.03483129292726517, -0.03308973088860512, -0.03134816512465477, -0.02960660122334957, -0.027865035459399223, -0.026123471558094025, -0.024381905794143677, -0.022640341892838478, -0.02089877799153328, -0.01915721222758293, -0.017415648326277733, -0.015674084424972534, -0.013932518661022186, -0.012190953828394413, -0.010449389927089214, -0.008707825094461441, -0.006966260727494955, -0.005224696360528469, -0.003483131527900696, -0.0017415676265954971, -3.725290298461914e-09, 0.0017415607580915093, 0.003483125241473317, 0.005224689841270447, 0.006966254208236933, 0.008707818575203419, 0.010449383407831192, 0.01219094730913639, 0.01393251121044159, 0.015674075111746788, 0.017415640875697136, 0.019157204777002335, 0.020898768678307533, 0.022640332579612732, 0.02438189834356308, 0.02612346224486828, 0.027865028008818626, 0.029606591910123825, 0.03134815767407417, 0.03308971971273422, 0.03483128547668457, 0.03657285124063492, 0.038314417004585266, 0.040055979043245316, 0.04179754480719566, 0.04353911057114601, 0.04528067260980606, 0.04702223837375641, 0.04876380413770676, 0.050505366176366806, 0.052246931940317154, 0.0539884939789772, 0.05573005974292755]}, "gradients/fc_output.weight": {"_type": "histogram", "values": [1.0, 0.0, 0.0, 0.0, 0.0, 0.0, 0.0, 0.0, 1.0, 1.0, 0.0, 0.0, 1.0, 0.0, 0.0, 1.0, 2.0, 0.0, 0.0, 1.0, 0.0, 1.0, 0.0, 0.0, 0.0, 1.0, 0.0, 2.0, 1.0, 2.0, 3.0, 26.0, 658.0, 3.0, 2.0, 1.0, 2.0, 0.0, 1.0, 0.0, 0.0, 0.0, 1.0, 0.0, 1.0, 0.0, 0.0, 2.0, 1.0, 0.0, 0.0, 1.0, 0.0, 0.0, 1.0, 1.0, 0.0, 0.0, 0.0, 0.0, 0.0, 0.0, 0.0, 1.0], "bins": [-0.058834612369537354, -0.05699603259563446, -0.05515744909644127, -0.05331886559724808, -0.051480285823345184, -0.04964170604944229, -0.0478031225502491, -0.04596453905105591, -0.044125959277153015, -0.04228737950325012, -0.04044879600405693, -0.03861021250486374, -0.036771632730960846, -0.03493305295705795, -0.03309446945786476, -0.03125588595867157, -0.029417306184768677, -0.027578724548220634, -0.025740142911672592, -0.02390156127512455, -0.022062979638576508, -0.020224398002028465, -0.018385816365480423, -0.01654723472893238, -0.014708653092384338, -0.012870071455836296, -0.011031489819288254, -0.009192908182740211, -0.007354326546192169, -0.005515744909644127, -0.0036771632730960846, -0.0018385816365480423, -3.725290298461914e-09, 0.0018385779112577438, 0.003677159547805786, 0.005515741184353828, 0.007354322820901871, 0.009192904457449913, 0.011031486093997955, 0.012870067730545998, 0.01470864936709404, 0.016547231003642082, 0.018385812640190125, 0.020224394276738167, 0.02206297591328621, 0.02390155754983425, 0.025740139186382294, 0.027578720822930336, 0.02941730245947838, 0.03125588595867157, 0.03309446573257446, 0.034933045506477356, 0.03677162900567055, 0.03861021250486374, 0.04044879227876663, 0.042287372052669525, 0.04412595555186272, 0.04596453905105591, 0.0478031188249588, 0.049641698598861694, 0.051480282098054886, 0.05331886559724808, 0.05515744537115097, 0.056996025145053864, 0.058834608644247055]}, "gradients/fc_hidden.1.bias": {"_type": "histogram", "values": [1.0, 0.0, 0.0, 0.0, 0.0, 0.0, 0.0, 0.0, 0.0, 0.0, 0.0, 0.0, 0.0, 0.0, 0.0, 0.0, 0.0, 0.0, 0.0, 0.0, 0.0, 0.0, 0.0, 0.0, 0.0, 0.0, 0.0, 1.0, 0.0, 0.0, 0.0, 0.0, 0.0, 0.0, 0.0, 0.0, 0.0, 0.0, 0.0, 0.0, 1.0, 0.0, 0.0, 0.0, 1.0, 0.0, 0.0, 0.0, 0.0, 2.0, 0.0, 1.0, 0.0, 1.0, 1.0, 1.0, 0.0, 2.0, 0.0, 2.0, 1.0, 337.0, 5.0, 3.0], "bins": [-0.043689221143722534, -0.04298291727900505, -0.04227661341428757, -0.041570305824279785, -0.0408640019595623, -0.04015769809484482, -0.039451394230127335, -0.03874509036540985, -0.03803878650069237, -0.037332482635974884, -0.0366261787712574, -0.03591987490653992, -0.035213567316532135, -0.03450726345181465, -0.03380095958709717, -0.033094655722379684, -0.0323883481323719, -0.03168204426765442, -0.030975738540291786, -0.030269434675574303, -0.02956313081085682, -0.028856825083494186, -0.028150521218776703, -0.02744421735405922, -0.026737913489341736, -0.026031609624624252, -0.02532530389726162, -0.024619000032544136, -0.023912696167826653, -0.02320639044046402, -0.022500086575746536, -0.021793782711029053, -0.02108747884631157, -0.020381174981594086, -0.019674869254231453, -0.01896856538951397, -0.018262261524796486, -0.017555955797433853, -0.01684965193271637, -0.016143348067998886, -0.015437042340636253, -0.014730737544596195, -0.014024433679878712, -0.013318128883838654, -0.012611824087798595, -0.011905519291758537, -0.011199215427041054, -0.010492910631000996, -0.009786605834960938, -0.00908030103892088, -0.008373997174203396, -0.007667692378163338, -0.00696138758212328, -0.006255083251744509, -0.005548778921365738, -0.00484247412532568, -0.004136170260608196, -0.0034298656973987818, -0.0027235611341893673, -0.0020172568038105965, -0.001310952240601182, -0.0006046476773917675, 0.00010165665298700333, 0.0008079614490270615, 0.0015142657794058323]}, "gradients/fc_hidden.1.weight": {"_type": "histogram", "values": [1.0, 0.0, 0.0, 0.0, 0.0, 0.0, 0.0, 0.0, 0.0, 1.0, 0.0, 0.0, 0.0, 0.0, 0.0, 0.0, 0.0, 0.0, 1.0, 2.0, 0.0, 0.0, 0.0, 1.0, 0.0, 1.0, 1.0, 0.0, 0.0, 0.0, 0.0, 0.0, 1.0, 0.0, 1.0, 0.0, 0.0, 3.0, 1.0, 0.0, 2.0, 1.0, 1.0, 1.0, 0.0, 1.0, 1.0, 4.0, 2.0, 2.0, 6.0, 2.0, 3.0, 4.0, 7.0, 8.0, 7.0, 11.0, 12.0, 15.0, 28.0, 49.0, 403.0, 129016.0], "bins": [-0.018924061208963394, -0.018624231219291687, -0.01832440122961998, -0.018024571239948273, -0.017724741250276566, -0.01742491126060486, -0.017125079408288002, -0.016825249418616295, -0.016525419428944588, -0.01622558943927288, -0.015925759449601173, -0.015625929459929466, -0.015326098538935184, -0.015026268549263477, -0.01472643855959177, -0.014426608569920063, -0.014126778580248356, -0.013826948590576649, -0.013527118600904942, -0.01322728767991066, -0.012927457690238953, -0.012627627700567245, -0.012327797710895538, -0.012027967721223831, -0.011728137731552124, -0.011428307741880417, -0.01112847775220871, -0.010828646831214428, -0.01052881684154272, -0.010228986851871014, -0.009929156862199306, -0.0096293268725276, -0.009329496882855892, -0.009029666893184185, -0.008729836903512478, -0.008430005982518196, -0.008130175992846489, -0.007830346003174782, -0.007530516013503075, -0.0072306860238313675, -0.006930855102837086, -0.006631025113165379, -0.006331194657832384, -0.006031364668160677, -0.0057315342128276825, -0.005431704223155975, -0.005131874233484268, -0.004832044243812561, -0.004532213788479567, -0.004232383798807859, -0.003932553343474865, -0.003632723353803158, -0.003332893131300807, -0.003033062908798456, -0.002733232919126749, -0.0024334026966243982, -0.0021335724741220474, -0.0018337422516196966, -0.0015339121455326676, -0.0012340820394456387, -0.0009342518169432878, -0.000634421594440937, -0.00033459148835390806, -3.476138226687908e-05, 0.0002650687238201499]}, "gradients/fc_hidden.0.bias": {"_type": "histogram",