{"graph_0": {"_type": "graph-file", "path": "media/graph/graph_0_summary_3f2acb75.graph.json", "sha256": "3f2acb759d5d77b8184c0100fc9b5dfcbdfc366eff06bc8dae0b2102ef460382", "size": 866}, "Train Loss": 0.22786897462275293, "Val Loss": 0.2275595422834158, "Train Acc": 90.80555555555556, "Val Acc": 90.70833333333333, "_runtime": 59, "_timestamp": 1617138084, "_step": 49, "gradients/fc_output.bias": {"_type": "histogram", "values": [1.0, 0.0, 0.0, 0.0, 0.0, 0.0, 0.0, 0.0, 0.0, 0.0, 0.0, 0.0, 0.0, 0.0, 0.0, 0.0, 0.0, 0.0, 0.0, 0.0, 0.0, 0.0, 0.0, 0.0, 0.0, 0.0, 0.0, 0.0, 0.0, 0.0, 0.0, 0.0, 0.0, 0.0, 0.0, 0.0, 0.0, 0.0, 0.0, 0.0, 0.0, 0.0, 0.0, 0.0, 0.0, 0.0, 0.0, 0.0, 0.0, 0.0, 0.0, 0.0, 0.0, 0.0, 0.0, 0.0, 0.0, 0.0, 0.0, 0.0, 0.0, 0.0, 0.0, 1.0], "bins": [-0.17414173483848572, -0.16869980096817017, -0.1632578819990158, -0.15781594812870026, -0.1523740142583847, -0.14693208038806915, -0.1414901614189148, -0.13604822754859924, -0.1306062936782837, -0.12516435980796814, -0.11972243338823318, -0.11428050696849823, -0.10883857309818268, -0.10339664667844772, -0.09795472025871277, -0.09251278638839722, -0.08707085996866226, -0.08162893354892731, -0.07618699967861176, -0.0707450732588768, -0.06530313938856125, -0.059861212968826294, -0.05441928282380104, -0.04897735267877579, -0.04353542625904083, -0.03809349611401558, -0.032651565968990326, -0.027209637686610222, -0.02176770754158497, -0.016325777396559715, -0.010883849114179611, -0.005441918969154358, 1.4901161193847656e-08, 0.00544194458052516, 0.010883874259889126, 0.016325803473591805, 0.021767733618617058, 0.02720966376364231, 0.032651592046022415, 0.03809352219104767, 0.04353545606136322, 0.048977386206388474, 0.05441931635141373, 0.05986124277114868, 0.06530317664146423, 0.07074510306119919, 0.07618702948093414, 0.0816289633512497, 0.08707088977098465, 0.0925128161907196, 0.09795475006103516, 0.10339667648077011, 0.10883861035108566, 0.11428053677082062, 0.11972247064113617, 0.12516438961029053, 0.13060632348060608, 0.13604825735092163, 0.141490176320076, 0.14693211019039154, 0.1523740440607071, 0.15781597793102264, 0.163257896900177, 0.16869983077049255, 0.1741417646408081]}, "gradients/fc_output.weight": {"_type": "histogram", "values": [2.0, 1.0, 0.0, 2.0, 1.0, 0.0, 3.0, 1.0, 1.0, 1.0, 7.0, 4.0, 3.0, 4.0, 4.0, 5.0, 6.0, 7.0, 3.0, 9.0, 3.0, 2.0, 6.0, 1.0, 7.0, 9.0, 2.0, 3.0, 2.0, 0.0, 1.0, 8.0, 152.0, 1.0, 0.0, 2.0, 3.0, 2.0, 9.0, 7.0, 1.0, 6.0, 2.0, 3.0, 9.0, 3.0, 7.0, 6.0, 5.0, 4.0, 4.0, 3.0, 4.0, 7.0, 1.0, 1.0, 1.0, 3.0, 0.0, 1.0, 2.0, 0.0, 1.0, 2.0], "bins": [-0.08151627331972122, -0.07896889001131058, -0.07642150670289993, -0.07387412339448929, -0.07132674008607864, -0.068779356777668, -0.06623197346925735, -0.06368459016084671, -0.061137206852436066, -0.05858982354402542, -0.05604244023561478, -0.05349505692720413, -0.05094767361879349, -0.04840029031038284, -0.0458529070019722, -0.043305523693561554, -0.04075814038515091, -0.038210757076740265, -0.03566337376832962, -0.033115990459918976, -0.03056860715150833, -0.028021223843097687, -0.025473840534687042, -0.022926457226276398, -0.020379073917865753, -0.01783169060945511, -0.015284307301044464, -0.01273692399263382, -0.010189540684223175, -0.0076421573758125305, -0.005094774067401886, -0.0025473907589912415, 0.0, 0.0025473833084106445, 0.005094766616821289, 0.007642149925231934, 0.010189533233642578, 0.012736916542053223, 0.015284299850463867, 0.01783168315887451, 0.020379066467285156, 0.0229264497756958, 0.025473833084106445, 0.02802121639251709, 0.030568599700927734, 0.03311598300933838, 0.03566336631774902, 0.03821074962615967, 0.04075813293457031, 0.04330551624298096, 0.0458528995513916, 0.048400282859802246, 0.05094766616821289, 0.053495049476623535, 0.05604243278503418, 0.058589816093444824, 0.06113719940185547, 0.06368458271026611, 0.06623196601867676, 0.0687793493270874, 0.07132673263549805, 0.07387411594390869, 0.07642149925231934, 0.07896888256072998, 0.08151626586914062]}, "gradients/fc_hidden.0.bias": {"_type": "histogram", "values": [1.0, 0.0, 0.0, 0.0, 0.0, 0.0, 0.0, 0.0, 2.0, 1.0, 0.0, 0.0, 1.0, 5.0, 4.0, 3.0, 0.0, 3.0, 3.0, 1.0, 7.0, 2.0, 4.0, 4.0, 0.0, 2.0, 1.0, 1.0, 2.0, 1.0, 1.0, 0.0, 0.0, 0.0, 0.0, 0.0, 1.0, 79.0, 0.0, 0.0, 0.0, 0.0, 0.0, 0.0, 0.0, 2.0, 0.0, 1.0, 1.0, 2.0, 3.0, 9.0, 1.0, 3.0, 9.0, 5.0, 1.0, 6.0, 3.0, 2.0, 1.0, 1.0, 0.0, 1.0], "bins": [-0.06615537405014038, -0.06438620388507843, -0.06261703372001648, -0.06084786355495453, -0.05907869338989258, -0.05730952322483063, -0.05554035305976868, -0.053771182894706726, -0.052002012729644775, -0.050232842564582825, -0.048463672399520874, -0.04669450223445892, -0.04492533206939697, -0.04315616190433502, -0.04138699173927307, -0.03961782157421112, -0.03784865513443947, -0.03607948496937752, -0.03431031480431557, -0.032541144639253616, -0.030771974474191666, -0.029002804309129715, -0.027233636006712914, -0.025464465841650963, -0.02369529753923416, -0.02192612737417221, -0.02015695720911026, -0.01838778704404831, -0.01661861687898636, -0.014849447645246983, -0.013080278411507607, -0.011311108246445656, -0.009541932493448257, -0.007772762328386307, -0.006003592628985643, -0.00423442292958498, -0.0024652527645230293, -0.0006960825994610786, 0.0010730866342782974, 0.002842256799340248, 0.004611428827047348, 0.006380598992109299, 0.00814976915717125, 0.009918938390910625, 0.011688108555972576, 0.013457278721034527, 0.015226447954773903, 0.016995618119835854, 0.018764786422252655, 0.020533956587314606, 0.022303126752376556, 0.024072296917438507, 0.025841467082500458, 0.02761063724756241, 0.02937980554997921, 0.03114897571504116, 0.03291814774274826, 0.03468731790781021, 0.03645648807287216, 0.03822565823793411, 0.03999482840299606, 0.041763998568058014, 0.043533168733119965, 0.045302338898181915, 0.04707150533795357]}, "gradients/fc_hidden.0.weight": {"_type": "histogram", "values": [1.0, 0.0, 0.0, 0.0, 0.0, 0.0, 0.0, 0.0, 2.0, 1.0, 0.0, 0.0, 1.0, 6.0, 3.0, 3.0, 0.0, 3.0, 3.0, 1.0, 7.0, 2.0, 5.0, 3.0, 0.0, 2.0, 1.0, 1.0, 2.0, 1.0, 1.0, 0.0, 0.0, 1.0, 13.0, 249.0, 576.0, 30627.0, 751.0, 83.0, 0.0, 0.0, 0.0, 0.0, 0.0, 2.0, 0.0, 1.0, 1.0, 2.0, 3.0, 9.0, 1.0, 3.0, 9.0, 5.0, 1.0, 6.0, 3.0, 2.0, 1.0, 1.0, 0.0, 1.0], "bins": [-0.2678636312484741, -0.2607004642486572, -0.25353726744651794, -0.24637408554553986, -0.23921090364456177, -0.23204772174358368, -0.2248845398426056, -0.2177213728427887, -0.21055817604064941, -0.20339499413967133, -0.19623181223869324, -0.18906863033771515, -0.18190544843673706, -0.17474226653575897, -0.16757908463478088, -0.160415917634964, -0.1532527357339859, -0.1460895538330078, -0.13892637193202972, -0.13176319003105164, -0.12460000813007355, -0.11743682622909546, -0.11027365177869797, -0.10311046987771988, -0.09594729542732239, -0.0887841135263443, -0.08162093162536621, -0.07445774972438812, -0.06729456782341003, -0.060131389647722244, -0.052968211472034454, -0.045805029571056366, -0.038641855120658875, -0.031478673219680786, -0.024315493181347847, -0.017152313143014908, -0.00998913124203682, -0.002825949341058731, 0.004337228834629059, 0.011500410735607147, 0.018663600087165833, 0.02582678198814392, 0.03298996388912201, 0.0401531420648098, 0.04731632396578789, 0.054479505866765976, 0.061642684042453766, 0.06880586594343185, 0.07596904039382935, 0.08313222229480743, 0.09029540419578552, 0.09745858609676361, 0.1046217679977417, 0.11178494989871979, 0.11894812434911728, 0.12611129879951477, 0.13327449560165405, 0.14043767750263214, 0.14760085940361023, 0.15476404130458832, 0.1619272232055664, 0.1690904051065445, 0.17625358700752258, 0.18341675400733948, 0.19057993590831757]}, "gradients/fc_input.bias": {"_type": "histogram", "values": [1.0, 0.0, 0.0, 0.0, 0.0, 0.0, 0.0, 0.0, 0.0, 0.0, 0.0, 0.0, 0.0, 0.0, 0.0, 0.0, 0.0, 0.0, 0.0, 0.0, 161.0, 0.0, 0.0, 0.0, 0.0, 0.0, 0.0, 0.0, 1.0, 0.0, 0.0, 1.0, 1.0, 0.0, 0.0, 0.0, 0.0, 2.0, 0.0, 1.0, 2.0, 1.0, 0.0, 1.0, 0.0, 3.0, 2.0, 0.0, 0.0, 0.0, 1.0, 0.0, 1.0, 0.0, 0.0, 0.0, 0.0, 0.0, 0.0, 0.0, 0.0, 0.0, 0.0, 1.0],