{"graph_0": {"_type": "graph-file", "path": "media/graph/graph_0_summary_4728a78f.graph.json", "sha256": "4728a78f9b2084d598cd30e9ccee61127b073563699ad2bd30e0a438753bce1d", "size": 1338}, "Train Loss": 0.20348532290922272, "Val Loss": 0.2488218623523911, "Train Acc": 92.25, "Val Acc": 90.375, "_runtime": 81, "_timestamp": 1617137878, "_step": 49, "gradients/fc_output.bias": {"_type": "histogram", "values": [1.0, 0.0, 0.0, 0.0, 0.0, 0.0, 0.0, 0.0, 0.0, 0.0, 0.0, 0.0, 0.0, 0.0, 0.0, 0.0, 0.0, 0.0, 0.0, 0.0, 0.0, 0.0, 0.0, 0.0, 0.0, 0.0, 0.0, 0.0, 0.0, 0.0, 0.0, 0.0, 0.0, 0.0, 0.0, 0.0, 0.0, 0.0, 0.0, 0.0, 0.0, 0.0, 0.0, 0.0, 0.0, 0.0, 0.0, 0.0, 0.0, 0.0, 0.0, 0.0, 0.0, 0.0, 0.0, 0.0, 0.0, 0.0, 0.0, 0.0, 0.0, 0.0, 0.0, 1.0], "bins": [-0.06802022457122803, -0.06589458882808685, -0.06376896053552628, -0.0616433285176754, -0.059517696499824524, -0.05739206448197365, -0.05526643246412277, -0.053140800446271896, -0.05101516842842102, -0.048889536410570145, -0.04676390439271927, -0.04463827237486839, -0.04251264035701752, -0.04038700833916664, -0.038261376321315765, -0.03613574430346489, -0.034010112285614014, -0.03188448026776314, -0.029758848249912262, -0.027633216232061386, -0.02550758421421051, -0.023381952196359634, -0.02125632017850876, -0.019130688160657883, -0.017005056142807007, -0.014879424124956131, -0.012753792107105255, -0.01062816008925438, -0.008502528071403503, -0.0063768960535526276, -0.004251264035701752, -0.002125632017850876, 0.0, 0.002125632017850876, 0.004251264035701752, 0.0063768960535526276, 0.008502528071403503, 0.01062816008925438, 0.012753792107105255, 0.014879424124956131, 0.017005056142807007, 0.019130688160657883, 0.02125632017850876, 0.023381952196359634, 0.02550758421421051, 0.027633216232061386, 0.029758848249912262, 0.03188448026776314, 0.034010112285614014, 0.03613574430346489, 0.038261376321315765, 0.04038700833916664, 0.04251264035701752, 0.04463827237486839, 0.04676390439271927, 0.048889536410570145, 0.05101516842842102, 0.053140800446271896, 0.05526643246412277, 0.05739206448197365, 0.059517696499824524, 0.0616433285176754, 0.06376896053552628, 0.06589458882808685, 0.06802022457122803]}, "gradients/fc_output.weight": {"_type": "histogram", "values": [1.0, 0.0, 1.0, 2.0, 1.0, 1.0, 1.0, 0.0, 4.0, 4.0, 5.0, 1.0, 9.0, 8.0, 14.0, 7.0, 7.0, 8.0, 7.0, 4.0, 3.0, 8.0, 5.0, 4.0, 6.0, 5.0, 8.0, 11.0, 11.0, 8.0, 12.0, 377.0, 11.0, 12.0, 8.0, 11.0, 11.0, 8.0, 5.0, 6.0, 4.0, 5.0, 8.0, 3.0, 4.0, 7.0, 8.0, 7.0, 7.0, 14.0, 8.0, 9.0, 1.0, 5.0, 4.0, 4.0, 0.0, 1.0, 1.0, 1.0, 2.0, 1.0, 0.0, 1.0], "bins": [-0.021158453077077866, -0.02049725130200386, -0.019836049526929855, -0.01917484775185585, -0.018513645976781845, -0.01785244420170784, -0.017191242426633835, -0.01653004065155983, -0.015868838876485825, -0.01520763710141182, -0.014546435326337814, -0.01388523355126381, -0.013224031776189804, -0.012562830001115799, -0.011901628226041794, -0.011240426450967789, -0.010579224675893784, -0.009918022900819778, -0.009256821125745773, -0.008595619350671768, -0.007934417575597763, -0.007273215800523758, -0.006612014025449753, -0.005950812250375748, -0.0052896104753017426, -0.004628408700227737, -0.003967206925153732, -0.003306005150079727, -0.002644803375005722, -0.001983601599931717, -0.0013223998248577118, -0.0006611980497837067, 3.725290298461914e-09, 0.0006612055003643036, 0.0013224072754383087, 0.001983609050512314, 0.002644810825586319, 0.003306012600660324, 0.003967214375734329, 0.004628416150808334, 0.0052896179258823395, 0.005950819700956345, 0.00661202147603035, 0.007273223251104355, 0.00793442502617836, 0.008595626801252365, 0.00925682857632637, 0.009918030351400375, 0.01057923212647438, 0.011240433901548386, 0.01190163567662239, 0.012562837451696396, 0.013224039226770401, 0.013885241001844406, 0.014546442776918411, 0.015207644551992416, 0.01586884632706642, 0.016530048102140427, 0.017191249877214432, 0.017852451652288437, 0.018513653427362442, 0.019174855202436447, 0.019836056977510452, 0.020497258752584457, 0.021158460527658463]}, "gradients/fc_hidden.2.bias": {"_type": "histogram", "values": [1.0, 0.0, 1.0, 1.0, 1.0, 3.0, 0.0, 4.0, 5.0, 3.0, 4.0, 3.0, 1.0, 7.0, 1.0, 3.0, 2.0, 2.0, 3.0, 1.0, 2.0, 5.0, 2.0, 6.0, 6.0, 3.0, 10.0, 7.0, 1.0, 6.0, 204.0, 7.0, 0.0, 0.0, 3.0, 3.0, 4.0, 3.0, 2.0, 0.0, 4.0, 1.0, 0.0, 0.0, 3.0, 1.0, 5.0, 2.0, 2.0, 2.0, 1.0, 1.0, 5.0, 2.0, 1.0, 2.0, 1.0, 3.0, 1.0, 1.0, 0.0, 1.0, 0.0, 1.0], "bins": [-0.009676970541477203, -0.009364494122564793, -0.009052017703652382, -0.008739542216062546, -0.008427065797150135, -0.008114589378237724, -0.007802113424986601, -0.0074896374717354774, -0.007177161052823067, -0.006864684633910656, -0.0065522086806595325, -0.006239732727408409, -0.005927256308495998, -0.005614779889583588, -0.005302303936332464, -0.004989827983081341, -0.00467735156416893, -0.004364875145256519, -0.004052399192005396, -0.003739923005923629, -0.0034274468198418617, -0.0031149706337600946, -0.0028024944476783276, -0.0024900182615965605, -0.0021775420755147934, -0.0018650658894330263, -0.0015525897033512592, -0.0012401135172694921, -0.0009276373311877251, -0.000615161145105958, -0.0003026849590241909, 9.79122705757618e-06, 0.00032226741313934326, 0.0006347435992211103, 0.0009472197853028774, 0.0012596959713846445, 0.0015721721574664116, 0.0018846483435481787, 0.0021971245296299458, 0.002509600715711713, 0.00282207690179348, 0.003134553087875247, 0.003447029273957014, 0.003759505460038781, 0.004071981646120548, 0.004384458065032959, 0.004696934018284082, 0.005009409971535206, 0.005321886390447617, 0.005634362809360027, 0.005946838762611151, 0.006259314715862274, 0.006571791134774685, 0.006884267553687096, 0.007196743506938219, 0.0075092194601893425, 0.007821695879101753, 0.008134172298014164, 0.008446648716926575, 0.00875912420451641, 0.009071600623428822, 0.009384077042341232, 0.009696552529931068, 0.01000902894884348, 0.01032150536775589]}, "gradients/fc_hidden.2.weight": {"_type": "histogram", "values": [2.0, 2.0, 6.0, 4.0, 14.0, 12.0, 28.0, 36.0, 41.0, 62.0, 82.0, 93.0, 148.0, 187.0, 207.0, 287.0, 321.0, 383.0, 511.0, 610.0, 719.0, 870.0, 1076.0, 1117.0, 1295.0, 3321.0, 112550.0, 1210.0, 651.0, 592.0, 490.0, 463.0, 356.0, 317.0, 298.0, 248.0, 231.0, 173.0, 152.0, 117.0, 88.0, 54.0, 52.0, 30.0, 29.0, 15.0, 13.0, 8.0, 6.0, 5.0, 6.0, 2.0, 2.0, 1.0, 2.0, 1.0, 0.0, 0.0, 1.0, 0.0, 0.0, 2.0, 0.0, 1.0], "bins": [-0.0019578831270337105, -0.0018828928004950285, -0.0018079024739563465, -0.0017329121474176645, -0.0016579218208789825, -0.0015829314943403006, -0.0015079412842169404, -0.0014329509576782584, -0.0013579606311395764, -0.0012829703046008945, -0.0012079799780622125, -0.0011329896515235305, -0.0010579994414001703, -0.0009830091148614883, -0.0009080187883228064, -0.0008330284617841244, -0.0007580381352454424, -0.0006830478087067604, -0.0006080574821680784, -0.0005330672138370574, -0.00045807688729837537, -0.0003830865607596934, -0.00030809626332484186, -0.00023310596588999033, -0.00015811563935130835, -8.312532736454159e-05, -8.135015377774835e-06, 6.685529660899192e-05, 0.00014184560859575868, 0.00021683593513444066, 0.0002918262325692922, 0.0003668165300041437, 0.00044180708937346935, 0.0005167974159121513, 0.0005917877424508333, 0.0006667780107818544, 0.0007417683373205364, 0.0008167586638592184, 0.0008917489321902394, 0.0009667392587289214, 0.0010417295852676034, 0.0011167199118062854, 0.0011917102383449674, 0.0012667005648836493, 0.0013416907750070095, 0.0014166811015456915, 0.0014916714280843735, 0.0015666617546230555, 0.0016416520811617374, 0.0017166424077004194, 0.0017916327342391014, 0.0018666230607777834, 0.0019416133873164654, 0.0020166037138551474, 0.0020915940403938293, 0.0021665841341018677, 0.0022415746934711933, 0.0023165650200098753, 0.0023915553465485573, 0.0024665456730872393, 0.0025415359996259212, 0.0026165263261646032, 0.0026915166527032852, 0.0027665067464113235, 0.0028414970729500055]}, "gradients/fc_hidden.1.bias": {"_type": "histogram",