{"graph_0": {"_type": "graph-file", "path": "media/graph/graph_0_summary_978f2b6b.graph.json", "sha256": "978f2b6b8864c0a039a0fc0ae185be7fa8d6e915d70f31dab2c4adcdbf5ca83e", "size": 1103}, "train": [0.6609921629230181, 0.6358261698236068, 0.571929669007659, 0.6701810335119566, 0.6393405546744665, 0.639144999285539, 0.6389444408317407, 0.6394850624104341, 0.6405208756526312, 0.637808316697677, 0.6385790059963862, 0.6382223057250181, 0.6384101758400599, 0.6383164251844088, 0.6387915760278702, 0.6402013724048933, 0.6369063978393873, 0.639075176169475, 0.6375692089398702, 0.6385650758941969, 0.6374856866896152, 0.637515073021253, 0.6397609027723471, 0.6380330634613832, 0.6392294454077879, 0.6356943591187397, 0.6407097292443117, 0.6378301978111267, 0.6380362162987391, 0.6379793956875801, 0.63833037763834, 0.6370671925445398, 0.637003111342589, 0.6391651344796022, 0.6363367475569248], "val": [0.6337255613356446, 0.6031150951943238, 0.9762501318227969, 0.6378940751436131, 0.6371964928729982, 0.6376530149602032, 0.6383846959908395, 0.6372716303502992, 0.6371109096433939, 0.637227332607333, 0.6372270607856368, 0.6371103631653332, 0.6371074114330018, 0.6371084654698947, 0.6376230591826696, 0.637916566550272, 0.6371562250322426, 0.6372881855786919, 0.6373583773261171, 0.637525283891928, 0.6372613801901016, 0.637455141253214, 0.6372531698418153, 0.6374746498228039, 0.6374354036117887, 0.6393693634201139, 0.6371161366183224, 0.6373071625330761, 0.6371982118311149, 0.6372587580454073, 0.6371219890589579, 0.6375779838978785, 0.6371073132155793, 0.6372058127257388, 0.6371137545010731], "_runtime": 72, "_timestamp": 1617030115, "_step": 69, "gradients/fc_output.bias": {"_type": "histogram", "values": [1.0, 0.0, 0.0, 0.0, 0.0, 0.0, 0.0, 0.0, 0.0, 0.0, 0.0, 0.0, 0.0, 0.0, 0.0, 0.0, 0.0, 0.0, 0.0, 0.0, 0.0, 0.0, 0.0, 0.0, 0.0, 0.0, 0.0, 0.0, 0.0, 0.0, 0.0, 0.0, 0.0, 0.0, 0.0, 0.0, 0.0, 0.0, 0.0, 0.0, 0.0, 0.0, 0.0, 0.0, 0.0, 0.0, 0.0, 0.0, 0.0, 0.0, 0.0, 0.0, 0.0, 0.0, 0.0, 0.0, 0.0, 0.0, 0.0, 0.0, 0.0, 0.0, 0.0, 1.0], "bins": [-0.07652044296264648, -0.07412917912006378, -0.07173791527748108, -0.06934665143489838, -0.06695538759231567, -0.06456412374973297, -0.06217285990715027, -0.059781596064567566, -0.05739033222198486, -0.05499906837940216, -0.05260780453681946, -0.050216540694236755, -0.04782527685165405, -0.04543401300907135, -0.04304274916648865, -0.040651485323905945, -0.03826022148132324, -0.03586895763874054, -0.03347769379615784, -0.031086429953575134, -0.02869516611099243, -0.02630390226840973, -0.023912638425827026, -0.021521374583244324, -0.01913011074066162, -0.01673884689807892, -0.014347583055496216, -0.011956319212913513, -0.00956505537033081, -0.007173791527748108, -0.004782527685165405, -0.0023912638425827026, 0.0, 0.0023912638425827026, 0.004782527685165405, 0.007173791527748108, 0.00956505537033081, 0.011956319212913513, 0.014347583055496216, 0.01673884689807892, 0.01913011074066162, 0.021521374583244324, 0.023912638425827026, 0.02630390226840973, 0.02869516611099243, 0.031086429953575134, 0.03347769379615784, 0.03586895763874054, 0.03826022148132324, 0.040651485323905945, 0.04304274916648865, 0.04543401300907135, 0.04782527685165405, 0.050216540694236755, 0.05260780453681946, 0.05499906837940216, 0.05739033222198486, 0.059781596064567566, 0.06217285990715027, 0.06456412374973297, 0.06695538759231567, 0.06934665143489838, 0.07173791527748108, 0.07412917912006378, 0.07652044296264648]}, "gradients/fc_output.weight": {"_type": "histogram", "values": [2.0, 0.0, 0.0, 1.0, 0.0, 0.0, 3.0, 0.0, 0.0, 0.0, 2.0, 1.0, 1.0, 1.0, 2.0, 0.0, 4.0, 3.0, 3.0, 0.0, 0.0, 0.0, 0.0, 1.0, 1.0, 0.0, 0.0, 0.0, 1.0, 1.0, 0.0, 4.0, 662.0, 0.0, 1.0, 1.0, 0.0, 0.0, 0.0, 1.0, 1.0, 0.0, 0.0, 0.0, 0.0, 3.0, 3.0, 4.0, 0.0, 2.0, 1.0, 1.0, 1.0, 2.0, 0.0, 0.0, 0.0, 3.0, 0.0, 0.0, 1.0, 0.0, 0.0, 2.0], "bins": [-0.012072729878127575, -0.011695456691086292, -0.011318184435367584, -0.010940911248326302, -0.010563638992607594, -0.010186365805566311, -0.009809093549847603, -0.00943182036280632, -0.009054547175765038, -0.008677273988723755, -0.008300001733005047, -0.007922728545963764, -0.007545455824583769, -0.0071681831032037735, -0.006790910381823778, -0.006413637660443783, -0.0060363649390637875, -0.005659092217683792, -0.005281819496303797, -0.004904546774923801, -0.004527273587882519, -0.004150000866502523, -0.003772728145122528, -0.003395455190911889, -0.0030181827023625374, -0.002640909980982542, -0.002263637026771903, -0.0018863643053919077, -0.0015090914675965905, -0.0011318186298012733, -0.000754545908421278, -0.000377272954210639, 0.0, 0.0003772728086914867, 0.0007545456173829734, 0.0011318183969706297, 0.0015090912347659469, 0.001886364072561264, 0.0022636367939412594, 0.0026409097481518984, 0.0030181827023625374, 0.0033954554237425327, 0.0037727283779531717, 0.004150001332163811, 0.004527274053543806, 0.004904546774923801, 0.005281819496303797, 0.005659092217683792, 0.0060363649390637875, 0.006413637660443783, 0.006790910381823778, 0.0071681831032037735, 0.007545456290245056, 0.007922729477286339, 0.008300001733005047, 0.00867727492004633, 0.009054547175765038, 0.00943182036280632, 0.009809092618525028, 0.010186365805566311, 0.010563638061285019, 0.010940911248326302, 0.011318184435367584, 0.011695456691086292, 0.012072729878127575]}, "gradients/fc_hidden.1.bias": {"_type": "histogram", "values": [1.0, 0.0, 0.0, 0.0, 0.0, 1.0, 1.0, 0.0, 0.0, 0.0, 0.0, 0.0, 0.0, 1.0, 0.0, 1.0, 1.0, 0.0, 0.0, 1.0, 1.0, 0.0, 0.0, 1.0, 2.0, 1.0, 0.0, 1.0, 0.0, 0.0, 1.0, 1.0, 0.0, 1.0, 0.0, 0.0, 1.0, 1.0, 0.0, 1.0, 0.0, 0.0, 0.0, 0.0, 1.0, 2.0, 0.0, 0.0, 0.0, 0.0, 1.0, 1.0, 1.0, 0.0, 0.0, 0.0, 0.0, 0.0, 0.0, 1.0, 0.0, 332.0, 1.0, 1.0], "bins": [-0.015561439096927643, -0.015310104005038738, -0.015058767981827259, -0.014807432889938354, -0.014556096866726875, -0.01430476177483797, -0.014053425751626492, -0.013802090659737587, -0.013550754636526108, -0.013299419544637203, -0.013048083521425724, -0.01279674842953682, -0.01254541240632534, -0.012294077314436436, -0.012042741291224957, -0.011791406199336052, -0.011540070176124573, -0.011288735084235668, -0.011037399061024189, -0.010786063969135284, -0.010534727945923805, -0.0102833928540349, -0.010032056830823421, -0.009780721738934517, -0.009529386647045612, -0.009278051555156708, -0.009026715531945229, -0.008775380440056324, -0.008524044416844845, -0.00827270932495594, -0.008021373301744461, -0.0077700382098555565, -0.00751870172098279, -0.007267366163432598, -0.007016030605882406, -0.006764695048332214, -0.0065133594907820225, -0.006262023933231831, -0.006010688841342926, -0.005759352818131447, -0.005508017260581255, -0.005256681703031063, -0.005005346145480871, -0.004754010587930679, -0.0045026750303804874, -0.0042513394728302956, -0.004000004380941391, -0.0037486685905605555, -0.0034973332658410072, -0.0032459977082908154, -0.0029946621507406235, -0.0027433265931904316, -0.0024919910356402397, -0.002240655478090048, -0.0019893201533704996, -0.0017379845958203077, -0.0014866490382701159, -0.001235313480719924, -0.000983977923169732, -0.000732642482034862, -0.00048130692448467016, -0.00022997136693447828, 2.136407420039177e-05, 0.00027269963175058365, 0.0005240351893007755]}, "gradients/fc_hidden.1.weight": {"_type": "histogram", "values": [1.0, 0.0, 0.0, 0.0, 0.0, 1.0, 1.0, 0.0, 0.0, 0.0, 0.0, 0.0, 0.0, 1.0, 0.0, 1.0, 1.0, 0.0, 0.0, 1.0, 1.0, 0.0, 0.0, 1.0, 2.0, 1.0, 0.0, 1.0, 0.0, 0.0, 2.0, 1.0, 0.0, 2.0, 1.0, 0.0, 1.0, 2.0, 1.0, 2.0, 1.0, 1.0, 1.0, 3.0, 2.0, 2.0, 2.0, 2.0, 1.0, 3.0, 2.0, 4.0, 3.0, 7.0, 3.0, 1.0, 7.0, 6.0, 9.0, 10.0, 5.0, 129495.0, 4.0, 1.0],