{"graph_0": {"_type": "graph-file", "path": "media/graph/graph_0_summary_09b48223.graph.json", "sha256": "09b48223fb4177499a84db0f9464632c2a4ce845d60c21d2cebc51fcff2121b3", "size": 866}, "Train Loss": 0.20261082518845797, "Val Loss": 0.2549640939881404, "Train Acc": 91.91666666666667, "Val Acc": 88.29166666666667, "_runtime": 61, "_timestamp": 1617139325, "_step": 49, "gradients/fc_output.bias": {"_type": "histogram", "values": [1.0, 0.0, 0.0, 0.0, 0.0, 0.0, 0.0, 0.0, 0.0, 0.0, 0.0, 0.0, 0.0, 0.0, 0.0, 0.0, 0.0, 0.0, 0.0, 0.0, 0.0, 0.0, 0.0, 0.0, 0.0, 0.0, 0.0, 0.0, 0.0, 0.0, 0.0, 0.0, 0.0, 0.0, 0.0, 0.0, 0.0, 0.0, 0.0, 0.0, 0.0, 0.0, 0.0, 0.0, 0.0, 0.0, 0.0, 0.0, 0.0, 0.0, 0.0, 0.0, 0.0, 0.0, 0.0, 0.0, 0.0, 0.0, 0.0, 0.0, 0.0, 0.0, 0.0, 1.0], "bins": [-0.13064329326152802, -0.12656068801879883, -0.12247808277606964, -0.11839548498392105, -0.11431287974119186, -0.11023027449846268, -0.10614767670631409, -0.1020650714635849, -0.09798246622085571, -0.09389986097812653, -0.08981725573539734, -0.08573465794324875, -0.08165205270051956, -0.07756944745779037, -0.07348684966564178, -0.0694042444229126, -0.06532163918018341, -0.061239033937454224, -0.057156432420015335, -0.05307383090257645, -0.04899122565984726, -0.04490862041711807, -0.040826018899679184, -0.036743417382240295, -0.03266081213951111, -0.02857820875942707, -0.024495605379343033, -0.020413001999258995, -0.016330398619174957, -0.01224779523909092, -0.008165191859006882, -0.004082588478922844, 0.0, 0.004082603380084038, 0.008165206760168076, 0.012247810140252113, 0.01633041352033615, 0.02041301690042019, 0.024495620280504227, 0.028578223660588264, 0.0326608270406723, 0.03674343228340149, 0.04082603380084038, 0.044908635318279266, 0.04899124056100845, 0.05307384580373764, 0.05715644732117653, 0.06123904883861542, 0.0653216540813446, 0.06940425932407379, 0.07348686456680298, 0.07756946235895157, 0.08165206760168076, 0.08573467284440994, 0.08981727063655853, 0.09389987587928772, 0.0979824811220169, 0.1020650863647461, 0.10614769160747528, 0.11023028939962387, 0.11431289464235306, 0.11839549988508224, 0.12247809767723083, 0.12656070291996002, 0.1306433081626892]}, "gradients/fc_output.weight": {"_type": "histogram", "values": [1.0, 0.0, 2.0, 1.0, 2.0, 2.0, 1.0, 3.0, 3.0, 3.0, 4.0, 2.0, 1.0, 4.0, 2.0, 3.0, 0.0, 2.0, 4.0, 1.0, 4.0, 7.0, 5.0, 7.0, 3.0, 4.0, 8.0, 9.0, 9.0, 5.0, 3.0, 145.0, 5.0, 3.0, 5.0, 9.0, 9.0, 8.0, 4.0, 3.0, 7.0, 5.0, 7.0, 4.0, 1.0, 4.0, 2.0, 0.0, 3.0, 2.0, 4.0, 1.0, 2.0, 4.0, 3.0, 3.0, 3.0, 1.0, 2.0, 2.0, 1.0, 2.0, 0.0, 1.0], "bins": [-0.09301317483186722, -0.09010650962591171, -0.0871998518705368, -0.0842931866645813, -0.08138652890920639, -0.07847986370325089, -0.07557320594787598, -0.07266654074192047, -0.06975987553596497, -0.06685321033000946, -0.06394655257463455, -0.06103988736867905, -0.05813322961330414, -0.05522656440734863, -0.052319902926683426, -0.04941324144601822, -0.04650658369064331, -0.043599922209978104, -0.0406932607293129, -0.03778659552335739, -0.03487993776798248, -0.03197327256202698, -0.02906661108136177, -0.026159949600696564, -0.02325328439474106, -0.02034662291407585, -0.017439961433410645, -0.014533298090100288, -0.011626636609435081, -0.008719975128769875, -0.005813311785459518, -0.0029066503047943115, 1.4901161193847656e-08, 0.002906676847487688, 0.005813338793814182, 0.008720001205801964, 0.01162666268646717, 0.014533324167132378, 0.017439987510442734, 0.02034664899110794, 0.02325330674648285, 0.026159968227148056, 0.029066629707813263, 0.03197329491376877, 0.03487995266914368, 0.03778661787509918, 0.04069327935576439, 0.043599940836429596, 0.0465066060423851, 0.04941326752305031, 0.052319929003715515, 0.05522659420967102, 0.05813325196504593, 0.061039917171001434, 0.06394657492637634, 0.06685324013233185, 0.06975990533828735, 0.07266657054424286, 0.07557322829961777, 0.07847989350557327, 0.08138655126094818, 0.08429321646690369, 0.08719988167285919, 0.0901065394282341, 0.09301319718360901]}, "gradients/fc_hidden.0.bias": {"_type": "histogram", "values": [2.0, 2.0, 2.0, 2.0, 2.0, 4.0, 1.0, 1.0, 4.0, 3.0, 0.0, 2.0, 4.0, 2.0, 2.0, 1.0, 3.0, 0.0, 1.0, 1.0, 0.0, 3.0, 1.0, 0.0, 2.0, 1.0, 0.0, 2.0, 0.0, 3.0, 2.0, 2.0, 71.0, 0.0, 1.0, 0.0, 1.0, 1.0, 0.0, 1.0, 0.0, 3.0, 1.0, 4.0, 2.0, 2.0, 6.0, 5.0, 3.0, 5.0, 3.0, 3.0, 1.0, 0.0, 2.0, 2.0, 2.0, 0.0, 0.0, 2.0, 0.0, 1.0, 1.0, 2.0], "bins": [-0.04419909417629242, -0.042840924113988876, -0.041482750326395035, -0.04012458026409149, -0.03876641020178795, -0.037408240139484406, -0.036050066351890564, -0.03469189628958702, -0.03333372622728348, -0.031975556164979935, -0.030617384240031242, -0.02925921231508255, -0.027901042252779007, -0.026542870327830315, -0.025184698402881622, -0.02382652834057808, -0.022468354552984238, -0.021110182628035545, -0.019752012565732002, -0.01839384064078331, -0.017035670578479767, -0.015677498653531075, -0.014319326728582382, -0.012961155734956264, -0.011602982878684998, -0.01024481188505888, -0.008886640891432762, -0.00752846896648407, -0.006170297972857952, -0.004812126979231834, -0.003453955054283142, -0.0020957840606570244, -0.0007376112043857574, 0.0006205600220710039, 0.0019787312485277653, 0.0033369027078151703, 0.004695073701441288, 0.006053244695067406, 0.007411416620016098, 0.008769587613642216, 0.010127756744623184, 0.011485927738249302, 0.01284409873187542, 0.014202270656824112, 0.01556044165045023, 0.016918612644076347, 0.01827678456902504, 0.019634954631328583, 0.020993128418922424, 0.022351300343871117, 0.02370947040617466, 0.025067642331123352, 0.026425812393426895, 0.027783984318375587, 0.02914215624332428, 0.030500326305627823, 0.031858496367931366, 0.03321666643023491, 0.03457484021782875, 0.035933010280132294, 0.03729118034243584, 0.03864935040473938, 0.04000752419233322, 0.041365694254636765, 0.042723868042230606]}, "gradients/fc_hidden.0.weight": {"_type": "histogram", "values": [2.0, 2.0, 2.0, 2.0, 2.0, 4.0, 1.0, 1.0, 4.0, 3.0, 0.0, 2.0, 4.0, 2.0, 2.0, 1.0, 3.0, 0.0, 1.0, 1.0, 0.0, 3.0, 1.0, 0.0, 2.0, 1.0, 0.0, 2.0, 0.0, 7.0, 181.0, 473.0, 30893.0, 639.0, 103.0, 3.0, 1.0, 1.0, 0.0, 1.0, 0.0, 3.0, 1.0, 4.0, 2.0, 2.0, 6.0, 5.0, 3.0, 5.0, 3.0, 3.0, 1.0, 0.0, 2.0, 2.0, 2.0, 0.0, 0.0, 2.0, 0.0, 1.0, 1.0, 2.0], "bins": [-0.23331262171268463, -0.22614416480064392, -0.2189757227897644, -0.2118072658777237, -0.20463880896568298, -0.19747036695480347, -0.19030191004276276, -0.18313345313072205, -0.17596501111984253, -0.16879655420780182, -0.1616281121969223, -0.1544596552848816, -0.14729121327400208, -0.14012275636196136, -0.13295429944992065, -0.12578585743904114, -0.11861740052700043, -0.11144895106554031, -0.1042805016040802, -0.09711204469203949, -0.08994359523057938, -0.08277514576911926, -0.07560668885707855, -0.06843823939561844, -0.061269789934158325, -0.05410134047269821, -0.0469328872859478, -0.03976443409919739, -0.032595984637737274, -0.02542753517627716, -0.01825908198952675, -0.011090628802776337, -0.003922164440155029, 0.0032462868839502335, 0.010414738208055496, 0.01758318953216076, 0.02475164085626602, 0.031920090317726135, 0.03908854350447655, 0.04625699669122696, 0.05342544615268707, 0.060593895614147186, 0.0677623450756073, 0.07493080198764801, 0.08209925144910812, 0.08926770091056824, 0.09643615782260895, 0.10360460728406906, 0.11077305674552917, 0.11794150620698929, 0.1251099556684494, 0.1322784125804901, 0.13944685459136963, 0.14661531150341034, 0.15378376841545105, 0.16095221042633057, 0.16812066733837128, 0.175289124250412, 0.1824575662612915, 0.18962602317333221, 0.19679448008537292, 0.20396292209625244, 0.21113137900829315, 0.21829983592033386, 0.22546827793121338]}, "gradients/fc_input.bias": {"_type": "histogram", "values": [1.0, 0.0, 0.0, 0.0, 0.0, 0.0, 0.0, 0.0, 0.0, 0.0, 0.0, 0.0, 0.0, 163.0, 0.0, 0.0, 0.0, 0.0, 0.0, 0.0, 0.0, 0.0, 0.0, 0.0, 0.0, 0.0, 0.0, 0.0, 0.0, 0.0, 0.0, 0.0, 1.0, 0.0, 2.0, 0.0, 1.0, 0.0, 2.0, 1.0, 0.0, 1.0, 1.0, 1.0, 1.0, 0.0, 1.0, 0.0, 0.0, 1.0, 1.0, 0.0, 0.0, 0.0, 0.0, 0.0, 0.0, 0.0, 0.0, 0.0, 0.0, 0.0, 1.0, 1.0],