{"graph_0": {"_type": "graph-file", "path": "media/graph/graph_0_summary_aec9e81a.graph.json", "sha256": "aec9e81ae738a5394030d7d2fece2fea9eb25e18ceb6161f6f9087341229f406", "size": 1100}, "Train Loss": 0.21450019457067052, "Val Loss": 0.3971230105315872, "Train Acc": 91.375, "Val Acc": 85.34704370179949, "_runtime": 92, "_timestamp": 1617099497, "_step": 49, "gradients/fc_output.bias": {"_type": "histogram", "values": [1.0, 0.0, 0.0, 0.0, 0.0, 0.0, 0.0, 0.0, 0.0, 0.0, 0.0, 0.0, 0.0, 0.0, 0.0, 0.0, 0.0, 0.0, 0.0, 0.0, 0.0, 0.0, 0.0, 0.0, 0.0, 0.0, 0.0, 0.0, 0.0, 0.0, 0.0, 0.0, 0.0, 0.0, 0.0, 0.0, 0.0, 0.0, 0.0, 0.0, 0.0, 0.0, 0.0, 0.0, 0.0, 0.0, 0.0, 0.0, 0.0, 0.0, 0.0, 0.0, 0.0, 0.0, 0.0, 0.0, 0.0, 0.0, 0.0, 0.0, 0.0, 0.0, 0.0, 1.0], "bins": [-0.020867586135864258, -0.0202154740691185, -0.01956336200237274, -0.018911249935626984, -0.018259136006236076, -0.01760702393949032, -0.01695491187274456, -0.016302799805998802, -0.015650685876607895, -0.014998573809862137, -0.014346460811793804, -0.013694348745048046, -0.013042235746979713, -0.012390123680233955, -0.011738011613488197, -0.01108589954674244, -0.010433787479996681, -0.009781675413250923, -0.00912956241518259, -0.008477450348436832, -0.0078253373503685, -0.007173225283622742, -0.006521113216876984, -0.005869000684469938, -0.0052168890833854675, -0.004564776550978422, -0.003912664018571377, -0.0032605519518256187, -0.0026084394194185734, -0.001956326887011528, -0.00130421482026577, -0.0006521022878587246, 1.1175870895385742e-08, 0.0006521235918626189, 0.0013042360078543425, 0.001956348307430744, 0.0026084608398377895, 0.003260573372244835, 0.003912685438990593, 0.004564797971397638, 0.005216911435127258, 0.005869023967534304, 0.006521136499941349, 0.007173248566687107, 0.00782536156475544, 0.008477473631501198, 0.009129585698246956, 0.009781697764992714, 0.010433809831738472, 0.01108592189848423, 0.011738034896552563, 0.01239014696329832, 0.013042259961366653, 0.013694372028112411, 0.01434648409485817, 0.014998596161603928, 0.015650708228349686, 0.016302820295095444, 0.016954932361841202, 0.01760704442858696, 0.018259158357977867, 0.018911270424723625, 0.019563382491469383, 0.02021549455821514, 0.02086760848760605]}, "gradients/fc_output.weight": {"_type": "histogram", "values": [1.0, 0.0, 0.0, 0.0, 0.0, 0.0, 0.0, 0.0, 2.0, 1.0, 0.0, 2.0, 0.0, 0.0, 1.0, 0.0, 1.0, 2.0, 2.0, 0.0, 2.0, 1.0, 3.0, 1.0, 0.0, 1.0, 2.0, 0.0, 1.0, 0.0, 4.0, 302.0, 4.0, 4.0, 0.0, 1.0, 0.0, 2.0, 1.0, 0.0, 1.0, 3.0, 1.0, 2.0, 0.0, 2.0, 2.0, 1.0, 0.0, 1.0, 0.0, 0.0, 2.0, 0.0, 1.0, 2.0, 0.0, 0.0, 0.0, 0.0, 0.0, 0.0, 0.0, 1.0], "bins": [-0.017419248819351196, -0.016874896362423897, -0.016330545768141747, -0.015786193311214447, -0.015241840854287148, -0.014697489328682423, -0.014153137803077698, -0.013608785346150398, -0.013064433820545673, -0.012520082294940948, -0.011975729838013649, -0.011431378312408924, -0.0108870267868042, -0.0103426743298769, -0.009798322804272175, -0.00925397127866745, -0.00870961882174015, -0.008165267296135426, -0.007620914839208126, -0.007076563313603401, -0.006532211322337389, -0.005987859331071377, -0.005443507805466652, -0.00489915581420064, -0.0043548038229346275, -0.0038104518316686153, -0.003266100073233247, -0.0027217483147978783, -0.002177396323531866, -0.0016330443322658539, -0.0010886925738304853, -0.0005443408153951168, 1.30385160446167e-08, 0.000544364913366735, 0.0010887167882174253, 0.0016330686630681157, 0.002177420537918806, 0.0027217725291848183, 0.003266124287620187, 0.0038104760460555553, 0.0043548280373215675, 0.00489918002858758, 0.005443532019853592, 0.005987883545458317, 0.006532235536724329, 0.007076587527990341, 0.007620939053595066, 0.008165290579199791, 0.00870964303612709, 0.009253994561731815, 0.009798347018659115, 0.01034269854426384, 0.01088705100119114, 0.011431402526795864, 0.011975754052400589, 0.012520106509327888, 0.013064458034932613, 0.013608809560537338, 0.014153162017464638, 0.014697513543069363, 0.015241865068674088, 0.015786217525601387, 0.016330569982528687, 0.016874920576810837, 0.017419273033738136]}, "gradients/fc_hidden.1.bias": {"_type": "histogram", "values": [1.0, 0.0, 0.0, 0.0, 0.0, 0.0, 0.0, 0.0, 0.0, 0.0, 0.0, 2.0, 0.0, 0.0, 0.0, 0.0, 0.0, 0.0, 0.0, 0.0, 0.0, 0.0, 1.0, 1.0, 0.0, 0.0, 0.0, 1.0, 0.0, 1.0, 0.0, 0.0, 2.0, 2.0, 1.0, 3.0, 0.0, 158.0, 1.0, 0.0, 0.0, 1.0, 1.0, 0.0, 0.0, 0.0, 1.0, 0.0, 0.0, 0.0, 0.0, 0.0, 0.0, 0.0, 0.0, 0.0, 1.0, 0.0, 0.0, 1.0, 0.0, 0.0, 0.0, 1.0], "bins": [-0.017413174733519554, -0.016947690397500992, -0.01648220792412758, -0.016016723588109016, -0.015551239252090454, -0.015085754916071892, -0.014620271511375904, -0.014154788106679916, -0.013689303770661354, -0.013223819434642792, -0.012758336029946804, -0.012292852625250816, -0.011827368289232254, -0.011361883953213692, -0.010896400548517704, -0.010430917143821716, -0.009965432807803154, -0.009499948471784592, -0.009034465067088604, -0.008568981662392616, -0.008103497326374054, -0.007638013456016779, -0.007172529585659504, -0.006707045715302229, -0.006241561844944954, -0.005776077974587679, -0.005310594104230404, -0.004845110233873129, -0.004379626363515854, -0.003914142493158579, -0.003448658622801304, -0.002983174752444029, -0.002517690882086754, -0.002052207011729479, -0.0015867231413722038, -0.0011212392710149288, -0.0006557554006576538, -0.0001902715303003788, 0.0002752123400568962, 0.0007406962104141712, 0.0012061800807714462, 0.0016716639511287212, 0.0021371478214859962, 0.0026026316918432713, 0.0030681155622005463, 0.0035335994325578213, 0.003999083302915096, 0.004464567173272371, 0.004930051043629646, 0.005395534913986921, 0.005861018784344196, 0.006326502654701471, 0.006791986525058746, 0.007257470395416021, 0.007722954265773296, 0.008188437670469284, 0.008653922006487846, 0.009119406342506409, 0.009584889747202396, 0.010050373151898384, 0.010515857487916946, 0.010981341823935509, 0.011446825228631496, 0.011912308633327484, 0.012377792969346046]}, "gradients/fc_hidden.1.weight": {"_type": "histogram", "values": [3.0, 0.0, 1.0, 1.0, 2.0, 1.0, 2.0, 3.0, 6.0, 1.0, 9.0, 1.0, 7.0, 5.0, 8.0, 9.0, 11.0, 11.0, 3.0, 9.0, 13.0, 18.0, 15.0, 13.0, 23.0, 17.0, 39.0, 38.0, 58.0, 71.0, 111.0, 126.0, 145.0, 31095.0, 115.0, 132.0, 84.0, 36.0, 14.0, 16.0, 16.0, 11.0, 11.0, 13.0, 8.0, 14.0, 7.0, 13.0, 7.0, 5.0, 6.0, 1.0, 4.0, 3.0, 1.0, 0.0, 4.0, 0.0, 1.0, 0.0, 0.0, 2.0, 0.0, 1.0], "bins": [-0.0027694408781826496, -0.0026868751738220453, -0.0026043097022920847, -0.0025217439979314804, -0.002439178293570876, -0.002356612589210272, -0.002274047117680311, -0.002191481413319707, -0.0021089157089591026, -0.0020263500045984983, -0.0019437844166532159, -0.0018612188287079334, -0.0017786531243473291, -0.0016960875364020467, -0.0016135219484567642, -0.00153095624409616, -0.0014483907725661993, -0.0013658251846209168, -0.0012832594802603126, -0.00120069389231503, -0.0011181281879544258, -0.0010355626000091434, -0.0009529970120638609, -0.0008704313659109175, -0.000787865836173296, -0.0007053001900203526, -0.0006227345438674092, -0.0005401689559221268, -0.0004576033097691834, -0.00037503766361624, -0.00029247207567095757, -0.0002099064295180142, -0.00012734043411910534, -4.4774802518077195e-05, 3.779082908295095e-05, 0.00012035644613206387, 0.00020292209228500724, 0.0002854877384379506, 0.00036805332638323307, 0.00045061897253617644, 0.0005331847351044416, 0.000615750381257385, 0.0006983160274103284, 0.0007808816153556108, 0.0008634472615085542, 0.0009460129076614976, 0.00102857849560678, 0.0011111441999673843, 0.001193709671497345, 0.0012762752594426274, 0.0013588409638032317, 0.0014414065517485142, 0.0015239722561091185, 0.001606537844054401, 0.0016891034319996834, 0.0017716691363602877, 0.0018542347243055701, 0.0019368003122508526, 0.002019366016611457, 0.002101931720972061, 0.002184497192502022, 0.002267062896862626, 0.0023496286012232304, 0.002432194072753191, 0.0025147597771137953]}, "gradients/fc_hidden.0.bias": {"_type": "histogram",