{"graph_0": {"_type": "graph-file", "path": "media/graph/graph_0_summary_097890c7.graph.json", "sha256": "097890c75a7cfc0e0d192cf6fb76e82e01ea8152aff3ffb83ea9fe3f709c90d7", "size": 868}, "Train Loss": 0.18118104555954537, "Val Loss": 0.27508132842679817, "Train Acc": 92.63888888888889, "Val Acc": 88.79166666666667, "_runtime": 58, "_timestamp": 1617185130, "_step": 49, "gradients/fc_output.bias": {"_type": "histogram", "values": [1.0, 0.0, 0.0, 0.0, 0.0, 0.0, 0.0, 0.0, 0.0, 0.0, 0.0, 0.0, 0.0, 0.0, 0.0, 0.0, 0.0, 0.0, 0.0, 0.0, 0.0, 0.0, 0.0, 0.0, 0.0, 0.0, 0.0, 0.0, 0.0, 0.0, 0.0, 0.0, 0.0, 0.0, 0.0, 0.0, 0.0, 0.0, 0.0, 0.0, 0.0, 0.0, 0.0, 0.0, 0.0, 0.0, 0.0, 0.0, 0.0, 0.0, 0.0, 0.0, 0.0, 0.0, 0.0, 0.0, 0.0, 0.0, 0.0, 0.0, 0.0, 0.0, 0.0, 1.0], "bins": [-0.021521693095564842, -0.020849140360951424, -0.020176587626338005, -0.019504034891724586, -0.01883148029446602, -0.0181589275598526, -0.01748637482523918, -0.016813822090625763, -0.016141269356012344, -0.015468716621398926, -0.014796163886785507, -0.014123610220849514, -0.013451057486236095, -0.012778504751622677, -0.012105951085686684, -0.011433398351073265, -0.010760845616459846, -0.010088292881846428, -0.00941574014723301, -0.008743186481297016, -0.008070633746683598, -0.007398081012070179, -0.006725527811795473, -0.006052974611520767, -0.005380421876907349, -0.00470786914229393, -0.004035315942019224, -0.003362762974575162, -0.0026902100071310997, -0.0020176570396870375, -0.0013451040722429752, -0.0006725508719682693, 0.0, 0.0006725529674440622, 0.0013451059348881245, 0.0020176589023321867, 0.002690211869776249, 0.003362764837220311, 0.004035317804664373, 0.004707871004939079, 0.005380423739552498, 0.0060529764741659164, 0.006725529674440622, 0.007398082874715328, 0.008070635609328747, 0.008743188343942165, 0.009415742009878159, 0.010088294744491577, 0.010760847479104996, 0.011433400213718414, 0.012105952948331833, 0.012778506614267826, 0.013451059348881245, 0.014123612083494663, 0.014796165749430656, 0.015468718484044075, 0.016141271218657494, 0.016813823953270912, 0.01748637668788433, 0.01815892942249775, 0.018831484019756317, 0.019504036754369736, 0.020176589488983154, 0.020849142223596573, 0.02152169495820999]}, "gradients/fc_output.weight": {"_type": "histogram", "values": [1.0, 1.0, 0.0, 0.0, 0.0, 4.0, 2.0, 3.0, 3.0, 3.0, 2.0, 4.0, 7.0, 7.0, 3.0, 7.0, 6.0, 7.0, 6.0, 4.0, 6.0, 8.0, 6.0, 11.0, 7.0, 19.0, 10.0, 5.0, 6.0, 6.0, 1.0, 403.0, 7.0, 1.0, 6.0, 6.0, 5.0, 10.0, 19.0, 7.0, 11.0, 6.0, 8.0, 6.0, 4.0, 6.0, 7.0, 6.0, 7.0, 3.0, 7.0, 7.0, 4.0, 2.0, 3.0, 3.0, 3.0, 2.0, 4.0, 0.0, 0.0, 0.0, 1.0, 1.0], "bins": [-0.014439244754612446, -0.013988018035888672, -0.013536792248487473, -0.013085565529763699, -0.012634338811039925, -0.01218311209231615, -0.011731885373592377, -0.011280659586191177, -0.010829432867467403, -0.01037820614874363, -0.00992698036134243, -0.009475753642618656, -0.009024526923894882, -0.008573300205171108, -0.008122073486447334, -0.007670847699046135, -0.007219620980322361, -0.006768394261598587, -0.0063171680085361, -0.005865941755473614, -0.00541471503674984, -0.004963488318026066, -0.004512262064963579, -0.0040610358119010925, -0.0036098090931773186, -0.0031585826072841883, -0.002707356121391058, -0.0022561296354979277, -0.0018049031496047974, -0.001353676663711667, -0.0009024501778185368, -0.00045122369192540646, 1.862645149230957e-09, 0.00045122834853827953, 0.0009024548344314098, 0.0013536813203245401, 0.0018049078062176704, 0.0022561342921108007, 0.002707360778003931, 0.0031585872638970613, 0.0036098137497901917, 0.004061040468513966, 0.004512266721576452, 0.004963492974638939, 0.005414719693362713, 0.005865946412086487, 0.0063171726651489735, 0.00676839891821146, 0.007219625636935234, 0.007670852355659008, 0.008122079074382782, 0.008573304861783981, 0.009024531580507755, 0.00947575829923153, 0.009926984086632729, 0.010378210805356503, 0.010829437524080276, 0.01128066424280405, 0.011731890961527824, 0.012183116748929024, 0.012634343467652798, 0.013085570186376572, 0.013536795973777771, 0.013988022692501545, 0.014439249411225319]}, "gradients/fc_hidden.0.bias": {"_type": "histogram", "values": [1.0, 0.0, 0.0, 0.0, 2.0, 2.0, 0.0, 3.0, 2.0, 1.0, 4.0, 2.0, 3.0, 1.0, 2.0, 8.0, 2.0, 4.0, 3.0, 0.0, 1.0, 9.0, 1.0, 5.0, 3.0, 1.0, 6.0, 3.0, 4.0, 0.0, 1.0, 1.0, 3.0, 0.0, 0.0, 203.0, 0.0, 1.0, 1.0, 0.0, 1.0, 0.0, 1.0, 5.0, 4.0, 1.0, 7.0, 6.0, 4.0, 6.0, 4.0, 9.0, 6.0, 8.0, 5.0, 3.0, 0.0, 1.0, 2.0, 2.0, 1.0, 0.0, 0.0, 1.0], "bins": [-0.006346167530864477, -0.006169032771140337, -0.005991898477077484, -0.005814763717353344, -0.005637628957629204, -0.005460494663566351, -0.005283359903842211, -0.005106225609779358, -0.004929090850055218, -0.004751956090331078, -0.004574821796268225, -0.0043976870365440845, -0.004220552742481232, -0.0040434179827570915, -0.0038662832230329514, -0.003689148696139455, -0.0035120141692459583, -0.003334879642352462, -0.0031577451154589653, -0.002980610355734825, -0.0028034758288413286, -0.002626341301947832, -0.002449206542223692, -0.0022720720153301954, -0.002094937488436699, -0.0019178029615432024, -0.001740668318234384, -0.0015635336749255657, -0.0013863991480320692, -0.0012092646211385727, -0.0010321299778297544, -0.000854995334520936, -0.0006778608076274395, -0.0005007262225262821, -0.00032359163742512465, -0.00014645705232396722, 3.067753277719021e-05, 0.00020781211787834764, 0.00038494670297950506, 0.0005620813462883234, 0.0007392158731818199, 0.0009163504582829773, 0.0010934850433841348, 0.0012706196866929531, 0.0014477542135864496, 0.0016248887404799461, 0.0018020233837887645, 0.001979158027097583, 0.0021562925539910793, 0.002333427080884576, 0.0025105616077780724, 0.0026876963675022125, 0.002864830894395709, 0.0030419654212892056, 0.0032191001810133457, 0.0033962347079068422, 0.0035733692348003387, 0.0037505037616938353, 0.003927638288587332, 0.004104773048311472, 0.004281907342374325, 0.004459042102098465, 0.004636176861822605, 0.004813311621546745, 0.004990445915609598]}, "gradients/fc_hidden.0.weight": {"_type": "histogram", "values": [1.0, 0.0, 0.0, 0.0, 1.0, 3.0, 0.0, 2.0, 3.0, 2.0, 4.0, 3.0, 4.0, 4.0, 3.0, 15.0, 6.0, 11.0, 11.0, 6.0, 10.0, 16.0, 15.0, 12.0, 8.0, 11.0, 16.0, 13.0, 12.0, 12.0, 12.0, 12.0, 66.0, 290.0, 600.0, 785.0, 126147.0, 939.0, 288.0, 27.0, 2.0, 11.0, 9.0, 16.0, 21.0, 16.0, 21.0, 23.0, 27.0, 21.0, 8.0, 10.0, 10.0, 13.0, 7.0, 5.0, 2.0, 2.0, 1.0, 2.0, 1.0, 1.0, 0.0, 1.0], "bins": [-0.023666122928261757, -0.023012055084109306, -0.022357987239956856, -0.021703921258449554, -0.021049853414297104, -0.020395785570144653, -0.019741717725992203, -0.019087649881839752, -0.0184335820376873, -0.01777951419353485, -0.0171254463493824, -0.01647137850522995, -0.01581731252372265, -0.015163244679570198, -0.014509176835417747, -0.013855108991265297, -0.013201043009757996, -0.012546975165605545, -0.011892908252775669, -0.011238840408623219, -0.010584773495793343, -0.009930705651640892, -0.009276637807488441, -0.008622569963335991, -0.00796850211918354, -0.007314434740692377, -0.006660367362201214, -0.006006299518048763, -0.0053522321395576, -0.004698164761066437, -0.004044096916913986, -0.003390029538422823, -0.0027359649538993835, -0.0020818975754082203, -0.0014278299640864134, -0.0007737623527646065, -0.00011969497427344322, 0.00053437240421772, 0.0011884402483701706, 0.0018425076268613338, 0.0024965740740299225, 0.0031506414525210857, 0.0038047090638428926, 0.0044587766751646996, 0.005112844053655863, 0.005766911432147026, 0.006420979276299477, 0.00707504665479064, 0.007729114964604378, 0.008383182808756828, 0.009037249721586704, 0.009691317565739155, 0.01034538447856903, 0.010999452322721481, 0.011653520166873932, 0.012307588011026382, 0.012961654923856258, 0.013615722768008709, 0.014269789680838585, 0.014923857524991035, 0.015577925369143486, 0.016231991350650787, 0.016886059194803238, 0.01754012703895569, 0.01819419488310814]}, "gradients/fc_input.bias": {"_type": "histogram",