{"graph_0": {"_type": "graph-file", "path": "media/graph/graph_0_summary_b523a578.graph.json", "sha256": "b523a578d08c20e293babcc8e3f9adbb8354cc72b640b1ddbd54d62ef4d632f7", "size": 646}, "Train Loss": 0.0988508704985078, "Val Loss": 0.05584815621841699, "Train Acc": 95.91666666666667, "Val Acc": 98.125, "_runtime": 54, "_timestamp": 1620478821, "_step": 49, "gradients/linear_layers.1.bias": {"_type": "histogram", "values": [1.0, 0.0, 0.0, 0.0, 0.0, 0.0, 0.0, 0.0, 0.0, 0.0, 0.0, 0.0, 0.0, 0.0, 0.0, 0.0, 0.0, 0.0, 0.0, 0.0, 0.0, 0.0, 0.0, 0.0, 0.0, 0.0, 0.0, 0.0, 0.0, 0.0, 0.0, 0.0, 0.0, 0.0, 0.0, 0.0, 0.0, 0.0, 0.0, 0.0, 0.0, 0.0, 0.0, 0.0, 0.0, 0.0, 0.0, 0.0, 0.0, 0.0, 0.0, 0.0, 0.0, 0.0, 0.0, 0.0, 0.0, 0.0, 0.0, 0.0, 0.0, 0.0, 0.0, 1.0], "bins": [-0.011386211961507797, -0.011030392721295357, -0.010674573481082916, -0.010318754240870476, -0.009962935000658035, -0.009607115760445595, -0.009251296520233154, -0.008895477280020714, -0.008539658039808273, -0.008183838799595833, -0.007828019559383392, -0.007472200319170952, -0.007116381078958511, -0.006760561838746071, -0.00640474259853363, -0.00604892335832119, -0.005693104583770037, -0.005337285343557596, -0.004981466103345156, -0.004625646863132715, -0.004269827622920275, -0.003914008382707834, -0.0035581893753260374, -0.003202370135113597, -0.0028465511277318, -0.0024907318875193596, -0.002134912647306919, -0.0017790935235098004, -0.00142327428329736, -0.0010674550430849195, -0.0007116359192878008, -0.0003558166790753603, 2.7939677238464355e-09, 0.0003558220050763339, 0.0007116412161849439, 0.0010674603981897235, 0.001423279638402164, 0.0017790988786146045, 0.002134918002411723, 0.0024907372426241636, 0.0028465567156672478, 0.0032023759558796883, 0.0035581951960921288, 0.003914014436304569, 0.00426983367651701, 0.00462565291672945, 0.004981472156941891, 0.005337291397154331, 0.005693110171705484, 0.006048929411917925, 0.006404748652130365, 0.006760567892342806, 0.007116387132555246, 0.007472206372767687, 0.00782802514731884, 0.00818384438753128, 0.008539663627743721, 0.008895482867956161, 0.009251302108168602, 0.009607121348381042, 0.009962940588593483, 0.010318759828805923, 0.010674579069018364, 0.011030398309230804, 0.011386217549443245]}, "gradients/linear_layers.1.weight": {"_type": "histogram", "values": [1.0, 0.0, 0.0, 1.0, 0.0, 1.0, 0.0, 0.0, 1.0, 0.0, 0.0, 0.0, 1.0, 1.0, 3.0, 1.0, 4.0, 7.0, 7.0, 24.0, 35.0, 17.0, 12.0, 3.0, 2.0, 1.0, 1.0, 0.0, 0.0, 0.0, 0.0, 474.0, 0.0, 0.0, 0.0, 0.0, 0.0, 1.0, 1.0, 2.0, 3.0, 12.0, 17.0, 35.0, 24.0, 7.0, 7.0, 4.0, 1.0, 3.0, 1.0, 1.0, 0.0, 0.0, 0.0, 1.0, 0.0, 0.0, 1.0, 0.0, 1.0, 0.0, 0.0, 1.0], "bins": [-0.012674638070166111, -0.012278555892407894, -0.011882472783327103, -0.011486390605568886, -0.011090307496488094, -0.010694225318729877, -0.010298142209649086, -0.00990206003189087, -0.009505977854132652, -0.009109895676374435, -0.008713812567293644, -0.008317730389535427, -0.007921647280454636, -0.007525565102696419, -0.007129482459276915, -0.00673339981585741, -0.006337316706776619, -0.005941234063357115, -0.005545151419937611, -0.005149069242179394, -0.004752986133098602, -0.0043569039553403854, -0.003960821311920881, -0.003564738668501377, -0.0031686564907431602, -0.002772573847323656, -0.002376491203904152, -0.0019804087933152914, -0.0015843261498957872, -0.001188243506476283, -0.0007921610958874226, -0.0003960784524679184, 4.6566128730773926e-09, 0.00039608724182471633, 0.0007921698270365596, 0.001188252354040742, 0.001584334997460246, 0.0019804176408797503, 0.0023765000514686108, 0.002772582694888115, 0.0031686658039689064, 0.0035647484473884106, 0.003960831090807915, 0.004356913268566132, 0.004752996377646923, 0.00514907855540514, 0.005545161198824644, 0.005941243842244148, 0.006337326020002365, 0.006733408663421869, 0.0071294913068413734, 0.00752557348459959, 0.007921656593680382, 0.008317738771438599, 0.008713820949196815, 0.009109904058277607, 0.009505987167358398, 0.009902069345116615, 0.010298152454197407, 0.010694234631955624, 0.011090317741036415, 0.011486399918794632, 0.011882482096552849, 0.01227856520563364, 0.012674647383391857]}, "gradients/linear_layers.0.bias": {"_type": "histogram", "values": [2.0, 0.0, 2.0, 4.0, 4.0, 3.0, 8.0, 5.0, 10.0, 5.0, 7.0, 5.0, 2.0, 2.0, 5.0, 2.0, 3.0, 7.0, 2.0, 1.0, 0.0, 0.0, 0.0, 0.0, 0.0, 2.0, 0.0, 0.0, 0.0, 0.0, 0.0, 0.0, 0.0, 0.0, 0.0, 237.0, 0.0, 0.0, 0.0, 0.0, 0.0, 0.0, 0.0, 1.0, 1.0, 0.0, 1.0, 2.0, 1.0, 2.0, 2.0, 2.0, 0.0, 4.0, 4.0, 4.0, 3.0, 2.0, 2.0, 1.0, 2.0, 3.0, 3.0, 2.0], "bins": [-0.004473424982279539, -0.004346028435975313, -0.0042186314240098, -0.004091234877705574, -0.003963837865740061, -0.003836441319435835, -0.0037090445403009653, -0.0035816477611660957, -0.003454250982031226, -0.0033268542028963566, -0.003199457423761487, -0.0030720606446266174, -0.0029446640983223915, -0.0028172670863568783, -0.0026898705400526524, -0.002562473760917783, -0.002435076981782913, -0.0023076802026480436, -0.002180283423513174, -0.0020528866443783045, -0.0019254899816587567, -0.0017980932025238872, -0.0016706965398043394, -0.0015432997606694698, -0.0014159029815346003, -0.0012885062023997307, -0.001161109423264861, -0.0010337127605453134, -0.0009063159814104438, -0.0007789192022755742, -0.0006515224813483655, -0.0005241257604211569, -0.00039672921411693096, -0.00026933246408589184, -0.00014193571405485272, -1.4538964023813605e-05, 0.00011285778600722551, 0.0002402545651420951, 0.00036765128606930375, 0.0004950480069965124, 0.000622444786131382, 0.0007498415652662516, 0.0008772382861934602, 0.0010046350071206689, 0.0011320317862555385, 0.001259428565390408, 0.0013868252281099558, 0.0015142220072448254, 0.001641618786379695, 0.0017690155655145645, 0.001896412344649434, 0.0020238091237843037, 0.0021512056700885296, 0.002278602682054043, 0.0024059992283582687, 0.0025333960074931383, 0.002660792786628008, 0.0027881895657628775, 0.002915586344897747, 0.0030429831240326166, 0.003170379903167486, 0.003297776449471712, 0.0034251732286065817, 0.0035525700077414513, 0.003679966786876321]}, "gradients/linear_layers.0.weight": {"_type": "histogram", "values": [9.0, 15.0, 32.0, 397.0, 103.0, 476.0, 865.0, 991.0, 905.0, 1974.0, 1907.0, 2344.0, 1223.0, 1977.0, 1278.0, 903.0, 1406.0, 1293.0, 1002.0, 2041.0, 1043.0, 797.0, 759.0, 871.0, 892.0, 880.0, 1183.0, 681.0, 424.0, 278.0, 110.0, 85.0, 16.0, 0.0, 0.0, 85320.0, 2.0, 32.0, 134.0, 243.0, 343.0, 457.0, 734.0, 768.0, 685.0, 525.0, 1022.0, 778.0, 712.0, 698.0, 367.0, 1095.0, 1032.0, 1347.0, 788.0, 402.0, 367.0, 679.0, 546.0, 799.0, 455.0, 66.0, 32.0, 12.0],