{"graph_0": {"_type": "graph-file", "path": "media/graph/graph_0_summary_2833052a.graph.json", "sha256": "2833052a82e012f813e06fe84456287c6f561a03c1d9384d34b0eba3bd987f1c", "size": 868}, "Train Loss": 0.18238130716296533, "Val Loss": 0.20191152617523694, "Train Acc": 92.875, "Val Acc": 92.03084832904884, "_runtime": 100, "_timestamp": 1617045560, "_step": 49, "gradients/fc_output.bias": {"_type": "histogram", "values": [1.0, 0.0, 0.0, 0.0, 0.0, 0.0, 0.0, 0.0, 0.0, 0.0, 0.0, 0.0, 0.0, 0.0, 0.0, 0.0, 0.0, 0.0, 0.0, 0.0, 0.0, 0.0, 0.0, 0.0, 0.0, 0.0, 0.0, 0.0, 0.0, 0.0, 0.0, 0.0, 0.0, 0.0, 0.0, 0.0, 0.0, 0.0, 0.0, 0.0, 0.0, 0.0, 0.0, 0.0, 0.0, 0.0, 0.0, 0.0, 0.0, 0.0, 0.0, 0.0, 0.0, 0.0, 0.0, 0.0, 0.0, 0.0, 0.0, 0.0, 0.0, 0.0, 0.0, 1.0], "bins": [-0.08204721659421921, -0.07948324084281921, -0.07691926509141922, -0.07435528934001923, -0.07179131358861923, -0.06922733783721924, -0.06666336208581924, -0.06409938633441925, -0.06153541058301926, -0.05897143483161926, -0.05640745908021927, -0.053843483328819275, -0.05127950757741928, -0.04871553182601929, -0.04615155607461929, -0.0435875803232193, -0.041023608297109604, -0.03845963254570961, -0.035895656794309616, -0.03333168104290962, -0.03076770529150963, -0.028203729540109634, -0.02563975565135479, -0.023075779899954796, -0.02051180601119995, -0.017947830259799957, -0.015383854508399963, -0.012819879688322544, -0.01025590393692255, -0.007691928185522556, -0.005127953365445137, -0.002563977614045143, 0.0, 0.0025639755185693502, 0.0051279510371387005, 0.007691926322877407, 0.010255902074277401, 0.012819877825677395, 0.015383852645754814, 0.017947828397154808, 0.02051180601119995, 0.023075781762599945, 0.02563975751399994, 0.028203733265399933, 0.030767709016799927, 0.03333168476819992, 0.035895660519599915, 0.03845963627099991, 0.041023608297109604, 0.0435875840485096, 0.04615155979990959, 0.048715535551309586, 0.05127951130270958, 0.05384348705410957, 0.05640745908021927, 0.05897143483161926, 0.06153541058301926, 0.06409938633441925, 0.06666336208581924, 0.06922733783721924, 0.07179131358861923, 0.07435528934001923, 0.07691926509141922, 0.07948324084281921, 0.08204721659421921]}, "gradients/fc_output.weight": {"_type": "histogram", "values": [2.0, 2.0, 4.0, 3.0, 2.0, 0.0, 5.0, 6.0, 8.0, 4.0, 1.0, 5.0, 2.0, 1.0, 2.0, 1.0, 1.0, 4.0, 0.0, 3.0, 2.0, 2.0, 5.0, 3.0, 0.0, 0.0, 0.0, 0.0, 1.0, 5.0, 9.0, 41.0, 513.0, 9.0, 5.0, 1.0, 0.0, 0.0, 0.0, 0.0, 3.0, 5.0, 2.0, 2.0, 3.0, 0.0, 4.0, 1.0, 1.0, 2.0, 1.0, 2.0, 5.0, 1.0, 4.0, 8.0, 6.0, 5.0, 0.0, 2.0, 3.0, 4.0, 2.0, 2.0], "bins": [-0.019164685159921646, -0.018565788865089417, -0.017966892570257187, -0.017367996275424957, -0.016769099980592728, -0.016170203685760498, -0.015571306459605694, -0.014972410164773464, -0.014373513869941235, -0.013774617575109005, -0.013175721280276775, -0.012576824985444546, -0.011977927759289742, -0.011379031464457512, -0.010780135169625282, -0.010181238874793053, -0.009582342579960823, -0.008983446285128593, -0.008384549990296364, -0.007785653229802847, -0.007186756934970617, -0.006587860640138388, -0.005988963879644871, -0.005390067584812641, -0.0047911712899804115, -0.004192274995148182, -0.0035933784674853086, -0.0029944819398224354, -0.0023955856449902058, -0.0017966893501579762, -0.0011977928224951029, -0.0005988962948322296, 0.0, 0.0005988964112475514, 0.0011977928224951029, 0.0017966892337426543, 0.0023955856449902058, 0.0029944819398224354, 0.0035933784674853086, 0.004192274995148182, 0.0047911712899804115, 0.005390067584812641, 0.005988963879644871, 0.006587860640138388, 0.007186756934970617, 0.007785653229802847, 0.008384549990296364, 0.008983446285128593, 0.009582342579960823, 0.010181238874793053, 0.010780135169625282, 0.011379031464457512, 0.011977927759289742, 0.012576824054121971, 0.013175721280276775, 0.013774617575109005, 0.014373513869941235, 0.014972410164773464, 0.015571306459605694, 0.016170203685760498, 0.016769099980592728, 0.017367996275424957, 0.017966892570257187, 0.018565788865089417, 0.019164685159921646]}, "gradients/fc_hidden.0.bias": {"_type": "histogram", "values": [1.0, 0.0, 0.0, 0.0, 1.0, 0.0, 0.0, 0.0, 0.0, 0.0, 0.0, 0.0, 0.0, 0.0, 0.0, 0.0, 1.0, 0.0, 0.0, 0.0, 1.0, 0.0, 1.0, 1.0, 0.0, 1.0, 1.0, 1.0, 4.0, 1.0, 2.0, 1.0, 4.0, 2.0, 1.0, 1.0, 2.0, 1.0, 2.0, 0.0, 0.0, 5.0, 6.0, 270.0, 0.0, 1.0, 1.0, 4.0, 2.0, 3.0, 6.0, 2.0, 2.0, 7.0, 6.0, 5.0, 4.0, 2.0, 2.0, 0.0, 1.0, 0.0, 0.0, 1.0], "bins": [-0.09222033619880676, -0.09011702984571457, -0.08801372349262238, -0.08591041713953018, -0.08380711078643799, -0.0817038044333458, -0.0796004980802536, -0.07749719172716141, -0.07539388537406921, -0.07329057902097702, -0.07118727266788483, -0.06908396631479263, -0.06698065996170044, -0.06487735360860825, -0.06277404725551605, -0.06067074090242386, -0.058567434549331665, -0.05646412819623947, -0.05436082184314728, -0.052257515490055084, -0.05015420913696289, -0.0480509027838707, -0.0459475964307785, -0.04384429007768631, -0.041740983724594116, -0.03963767737150192, -0.03753437101840973, -0.035431064665317535, -0.03332775831222534, -0.031224451959133148, -0.029121145606040955, -0.02701783925294876, -0.02491452917456627, -0.022811222821474075, -0.02070791646838188, -0.018604610115289688, -0.016501303762197495, -0.014397997409105301, -0.012294691056013107, -0.010191384702920914, -0.00808807834982872, -0.0059847719967365265, -0.003881465643644333, -0.0017781592905521393, 0.0003251470625400543, 0.002428453415632248, 0.0045317597687244415, 0.006635066121816635, 0.008738372474908829, 0.010841678828001022, 0.012944985181093216, 0.01504829153418541, 0.017151597887277603, 0.019254904240369797, 0.02135821059346199, 0.023461516946554184, 0.025564823299646378, 0.02766812965273857, 0.029771436005830765, 0.03187474235892296, 0.03397804871201515, 0.036081355065107346, 0.03818466141819954, 0.04028796777129173, 0.042391274124383926]}, "gradients/fc_hidden.0.weight": {"_type": "histogram", "values": [1.0, 0.0, 0.0, 0.0, 1.0, 0.0, 0.0, 0.0, 1.0, 0.0, 0.0, 0.0, 1.0, 0.0, 0.0, 0.0, 1.0, 0.0, 0.0, 0.0, 1.0, 0.0, 2.0, 1.0, 1.0, 1.0, 3.0, 2.0, 3.0, 3.0, 4.0, 5.0, 7.0, 3.0, 7.0, 3.0, 2.0, 3.0, 3.0, 1.0, 0.0, 2.0, 28.0, 129412.0, 1.0, 2.0, 5.0, 6.0, 9.0, 7.0, 9.0, 11.0, 10.0, 13.0, 10.0, 3.0, 7.0, 2.0, 0.0, 1.0, 1.0, 0.0, 0.0, 1.0], "bins": [-0.055097050964832306, -0.053822923451662064, -0.05254879966378212, -0.05127467215061188, -0.050000548362731934, -0.04872642084956169, -0.04745229333639145, -0.046178169548511505, -0.04490404203534126, -0.04362991452217102, -0.04235579073429108, -0.041081663221120834, -0.03980753570795059, -0.03853341192007065, -0.037259284406900406, -0.035985156893730164, -0.03471103310585022, -0.03343690559267998, -0.032162781804800034, -0.03088865429162979, -0.029614528641104698, -0.028340402990579605, -0.027066275477409363, -0.02579214982688427, -0.024518024176359177, -0.023243898525834084, -0.02196977287530899, -0.020695645362138748, -0.019421519711613655, -0.018147394061088562, -0.01687326654791832, -0.015599140897393227, -0.014325015246868134, -0.01305088959634304, -0.011776763014495373, -0.010502636432647705, -0.009228510782122612, -0.007954385131597519, -0.006680258549749851, -0.0054061319679021835, -0.0041320063173770905, -0.00285788020119071, -0.0015837540850043297, -0.0003096279688179493, 0.0009644981473684311, 0.0022386242635548115, 0.003512750379741192, 0.0047868769615888596, 0.006061002612113953, 0.007335128728300333, 0.008609254844486713, 0.009883381426334381, 0.011157507076859474, 0.012431632727384567, 0.013705759309232235, 0.014979885891079903, 0.016254011541604996, 0.01752813719213009, 0.018802262842655182, 0.020076390355825424, 0.021350516006350517, 0.02262464165687561, 0.023898769170045853, 0.025172894820570946, 0.02644702047109604]}, "gradients/fc_input.bias": {"_type": "histogram",