{"graph_0": {"_type": "graph-file", "path": "media/graph/graph_0_summary_21332c9d.graph.json", "sha256": "21332c9dd5d90a4cc16adf44e584483df7f70a1c29734fc7a4403eb30a18b93a", "size": 868}, "Train Loss": 0.0685336699243635, "Val Loss": 0.0920682883200546, "Train Acc": 97.66666666666667, "Val Acc": 96.08333333333333, "_runtime": 94, "_timestamp": 1617382483, "_step": 49, "gradients/fc_output.bias": {"_type": "histogram", "values": [1.0, 0.0, 0.0, 0.0, 0.0, 0.0, 0.0, 0.0, 0.0, 0.0, 0.0, 0.0, 0.0, 0.0, 0.0, 0.0, 0.0, 0.0, 0.0, 0.0, 0.0, 0.0, 0.0, 0.0, 0.0, 0.0, 0.0, 0.0, 0.0, 0.0, 0.0, 0.0, 0.0, 0.0, 0.0, 0.0, 0.0, 0.0, 0.0, 0.0, 0.0, 0.0, 0.0, 0.0, 0.0, 0.0, 0.0, 0.0, 0.0, 0.0, 0.0, 0.0, 0.0, 0.0, 0.0, 0.0, 0.0, 0.0, 0.0, 0.0, 0.0, 0.0, 0.0, 1.0], "bins": [-0.17781706154346466, -0.17226028442382812, -0.1667034924030304, -0.16114671528339386, -0.15558992326259613, -0.1500331461429596, -0.14447635412216187, -0.13891957700252533, -0.1333627998828888, -0.12780602276325226, -0.12224923074245453, -0.116692453622818, -0.11113566905260086, -0.10557888448238373, -0.1000220999121666, -0.09446531534194946, -0.08890853077173233, -0.0833517462015152, -0.07779496163129807, -0.07223817706108093, -0.0666813999414444, -0.061124615371227264, -0.05556783080101013, -0.0500110499560833, -0.04445426166057587, -0.038897477090358734, -0.0333406962454319, -0.027783911675214767, -0.022227128967642784, -0.0166703462600708, -0.011113561689853668, -0.005556780844926834, 0.0, 0.005556783173233271, 0.011113566346466541, 0.0166703499853611, 0.022227132692933083, 0.027783915400505066, 0.0333406999707222, 0.03889748081564903, 0.04445426166057587, 0.050011046230793, 0.05556782707571983, 0.061124611645936966, 0.0666813924908638, 0.07223817706108093, 0.07779496163129807, 0.0833517462015152, 0.08890853077173233, 0.09446531534194946, 0.1000220999121666, 0.10557888448238373, 0.11113566160202026, 0.1166924461722374, 0.12224923074245453, 0.12780600786209106, 0.1333627998828888, 0.13891957700252533, 0.14447636902332306, 0.1500331461429596, 0.15558993816375732, 0.16114671528339386, 0.1667034924030304, 0.17226028442382812, 0.17781706154346466]}, "gradients/fc_output.weight": {"_type": "histogram", "values": [1.0, 0.0, 0.0, 0.0, 0.0, 0.0, 0.0, 2.0, 1.0, 1.0, 3.0, 3.0, 3.0, 2.0, 6.0, 8.0, 5.0, 3.0, 7.0, 4.0, 14.0, 5.0, 9.0, 13.0, 8.0, 13.0, 8.0, 6.0, 4.0, 6.0, 8.0, 23.0, 411.0, 8.0, 6.0, 4.0, 6.0, 8.0, 13.0, 8.0, 13.0, 9.0, 5.0, 14.0, 4.0, 7.0, 3.0, 5.0, 8.0, 6.0, 2.0, 3.0, 3.0, 3.0, 1.0, 1.0, 2.0, 0.0, 0.0, 0.0, 0.0, 0.0, 0.0, 1.0], "bins": [-0.07322438806295395, -0.07093612849712372, -0.06864786148071289, -0.06635960191488266, -0.06407134234905243, -0.0617830753326416, -0.05949481576681137, -0.05720655247569084, -0.05491828918457031, -0.05263002589344978, -0.05034176632761955, -0.04805350303649902, -0.045765239745378494, -0.043476976454257965, -0.041188716888427734, -0.038900453597307205, -0.036612194031476974, -0.034323930740356445, -0.032035671174526215, -0.029747407883405685, -0.027459144592285156, -0.025170883163809776, -0.022882621735334396, -0.020594358444213867, -0.018306098878383636, -0.016017837449908257, -0.013729574158787727, -0.011441312730312347, -0.009153050370514393, -0.006864788010716438, -0.004576526582241058, -0.002288263291120529, 0.0, 0.002288262126967311, 0.004576524253934622, 0.006864786148071289, 0.009153048507869244, 0.011441310867667198, 0.013729572296142578, 0.016017835587263107, 0.018306098878383636, 0.020594360306859016, 0.022882623597979546, 0.025170885026454926, 0.027459148317575455, 0.029747409746050835, 0.032035671174526215, 0.034323934465646744, 0.036612194031476974, 0.038900457322597504, 0.041188716888427734, 0.043476980179548264, 0.04576524347066879, 0.04805350303649902, 0.05034176632761955, 0.05263002961874008, 0.05491828918457031, 0.05720655247569084, 0.05949481204152107, 0.0617830753326416, 0.06407133489847183, 0.06635960191488266, 0.06864786148071289, 0.07093612849712372, 0.07322438806295395]}, "gradients/fc_hidden.0.bias": {"_type": "histogram", "values": [1.0, 0.0, 0.0, 0.0, 0.0, 2.0, 0.0, 3.0, 1.0, 2.0, 3.0, 1.0, 1.0, 1.0, 5.0, 2.0, 3.0, 4.0, 6.0, 1.0, 3.0, 0.0, 2.0, 2.0, 3.0, 2.0, 1.0, 0.0, 4.0, 1.0, 2.0, 1.0, 2.0, 4.0, 6.0, 204.0, 2.0, 0.0, 4.0, 1.0, 1.0, 2.0, 2.0, 2.0, 4.0, 4.0, 4.0, 8.0, 2.0, 6.0, 8.0, 5.0, 7.0, 4.0, 4.0, 5.0, 1.0, 1.0, 1.0, 3.0, 0.0, 1.0, 0.0, 5.0], "bins": [-0.04679834470152855, -0.04549287259578705, -0.044187404215335846, -0.042881932109594345, -0.04157646372914314, -0.04027099162340164, -0.03896552324295044, -0.03766005113720894, -0.036354582756757736, -0.035049110651016235, -0.03374364227056503, -0.03243817016482353, -0.03113270178437233, -0.029827231541275978, -0.028521761298179626, -0.027216289192438126, -0.025910818949341774, -0.024605348706245422, -0.02329987846314907, -0.02199440822005272, -0.020688937976956367, -0.019383467733860016, -0.018077995628118515, -0.016772527247667313, -0.015467055141925812, -0.01416158489882946, -0.012856114655733109, -0.011550644412636757, -0.010245174169540405, -0.008939703926444054, -0.007634232752025127, -0.006328762508928776, -0.005023293197154999, -0.003717822954058647, -0.002412352478131652, -0.0011068820022046566, 0.00019858824089169502, 0.0015040584839880466, 0.0028095291927456856, 0.004114999435842037, 0.005420468747615814, 0.006725938990712166, 0.008031409233808517, 0.009336879476904869, 0.01064234972000122, 0.011947819963097572, 0.013253291137516499, 0.01455876138061285, 0.015864232555031776, 0.017169702798128128, 0.01847517304122448, 0.01978064328432083, 0.021086113527417183, 0.022391583770513535, 0.023697055876255035, 0.025002524256706238, 0.02630799636244774, 0.02761346660554409, 0.028918936848640442, 0.030224407091736794, 0.031529877334833145, 0.032835349440574646, 0.03414081782102585, 0.03544628992676735, 0.03675175830721855]}, "gradients/fc_hidden.0.weight": {"_type": "histogram", "values": [1.0, 0.0, 1.0, 0.0, 0.0, 2.0, 0.0, 5.0, 1.0, 6.0, 3.0, 4.0, 5.0, 3.0, 7.0, 10.0, 9.0, 14.0, 18.0, 15.0, 12.0, 17.0, 15.0, 17.0, 26.0, 19.0, 8.0, 22.0, 30.0, 32.0, 47.0, 77.0, 187.0, 481.0, 724.0, 124712.0, 940.0, 1120.0, 380.0, 123.0, 82.0, 46.0, 42.0, 38.0, 32.0, 44.0, 36.0, 30.0, 21.0, 26.0, 21.0, 18.0, 18.0, 10.0, 14.0, 7.0, 2.0, 4.0, 1.0, 4.0, 0.0, 6.0, 0.0, 5.0], "bins": [-0.08166753500699997, -0.07938937097787857, -0.07711119949817657, -0.07483303546905518, -0.07255487143993378, -0.07027669996023178, -0.06799853593111038, -0.06572036445140839, -0.06344220042228699, -0.06116403266787529, -0.05888586863875389, -0.056607700884342194, -0.054329533129930496, -0.0520513653755188, -0.0497732013463974, -0.0474950335919857, -0.045216869562864304, -0.042938701808452606, -0.04066053777933121, -0.03838237002491951, -0.03610420227050781, -0.033826038241386414, -0.031547870486974716, -0.02926970273256302, -0.02699153870344162, -0.02471337281167507, -0.022435205057263374, -0.020157039165496826, -0.01787887141108513, -0.01560070551931858, -0.013322539627552032, -0.011044371873140335, -0.008766204118728638, -0.006488037295639515, -0.0042098709382116795, -0.001931704580783844, 0.0003464622423052788, 0.0026246290653944016, 0.00490279495716095, 0.007180962711572647, 0.009459130465984344, 0.011737297289073467, 0.01401546411216259, 0.016293630003929138, 0.018571797758340836, 0.020849963650107384, 0.023128129541873932, 0.02540629729628563, 0.027684461325407028, 0.029962627217173576, 0.032240793108940125, 0.03451896086335182, 0.03679712861776352, 0.03907529264688492, 0.041353460401296616, 0.04363162815570831, 0.04590979218482971, 0.04818795993924141, 0.05046612396836281, 0.052744291722774506, 0.0550224594771862, 0.0573006272315979, 0.0595787912607193, 0.061856959015131, 0.0641351267695427]}, "gradients/fc_input.bias": {"_type": "histogram",