{"graph_0": {"_type": "graph-file", "path": "media/graph/graph_0_summary_f47bdfc5.graph.json", "sha256": "f47bdfc5b47e7d2715a2a1f2e1b107273e7d7fd1aec93430695adc7417858d4e", "size": 1103}, "train-loss": 0.637791189054648, "val-loss": 0.637235951684128, "train-accuracy": 66.54166666666667, "val-accuracy": 66.58097686375321, "_runtime": 94, "_timestamp": 1617027051, "_step": 49, "gradients/fc_output.bias": {"_type": "histogram", "values": [1.0, 0.0, 0.0, 0.0, 0.0, 0.0, 0.0, 0.0, 0.0, 0.0, 0.0, 0.0, 0.0, 0.0, 0.0, 0.0, 0.0, 0.0, 0.0, 0.0, 0.0, 0.0, 0.0, 0.0, 0.0, 0.0, 0.0, 0.0, 0.0, 0.0, 0.0, 0.0, 0.0, 0.0, 0.0, 0.0, 0.0, 0.0, 0.0, 0.0, 0.0, 0.0, 0.0, 0.0, 0.0, 0.0, 0.0, 0.0, 0.0, 0.0, 0.0, 0.0, 0.0, 0.0, 0.0, 0.0, 0.0, 0.0, 0.0, 0.0, 0.0, 0.0, 0.0, 1.0], "bins": [-0.08050049096345901, -0.07798484712839127, -0.07546921074390411, -0.07295356690883636, -0.07043792307376862, -0.06792228668928146, -0.06540664285421371, -0.06289100646972656, -0.060375362634658813, -0.05785972252488136, -0.055344078689813614, -0.05282843858003616, -0.05031279847025871, -0.04779715836048126, -0.04528151452541351, -0.04276587441563606, -0.040250230580568314, -0.03773459047079086, -0.035218946635723114, -0.03270330652594566, -0.030187666416168213, -0.027672024443745613, -0.025156382471323013, -0.022640742361545563, -0.020125098526477814, -0.017609456554055214, -0.015093816444277763, -0.012578174471855164, -0.010062533430755138, -0.007546892389655113, -0.005031250417232513, -0.002515610307455063, 2.9802322387695312e-08, 0.0025156710762530565, 0.005031312350183725, 0.007546953856945038, 0.010062594898045063, 0.012578235939145088, 0.015093877911567688, 0.01760951802134514, 0.02012515813112259, 0.02264080010354519, 0.02515644021332264, 0.02767208218574524, 0.03018772229552269, 0.03270336240530014, 0.03521900624036789, 0.03773464635014534, 0.04025029018521309, 0.04276593029499054, 0.04528157413005829, 0.04779721423983574, 0.05031285434961319, 0.05282849818468094, 0.05534413829445839, 0.05785977840423584, 0.06037542223930359, 0.06289106607437134, 0.06540670245885849, 0.06792234629392624, 0.07043799012899399, 0.07295362651348114, 0.07546927034854889, 0.07798491418361664, 0.08050055056810379]}, "gradients/fc_output.weight": {"_type": "histogram", "values": [1.0, 0.0, 0.0, 0.0, 0.0, 0.0, 0.0, 0.0, 0.0, 0.0, 0.0, 0.0, 0.0, 0.0, 0.0, 0.0, 0.0, 0.0, 0.0, 0.0, 0.0, 0.0, 0.0, 0.0, 0.0, 0.0, 0.0, 0.0, 0.0, 0.0, 0.0, 718.0, 0.0, 0.0, 0.0, 0.0, 0.0, 0.0, 0.0, 0.0, 0.0, 0.0, 0.0, 0.0, 0.0, 0.0, 0.0, 0.0, 0.0, 0.0, 0.0, 0.0, 0.0, 0.0, 0.0, 0.0, 0.0, 0.0, 0.0, 0.0, 0.0, 0.0, 0.0, 1.0], "bins": [-0.04697343707084656, -0.04550551623106003, -0.0440375953912735, -0.04256967455148697, -0.04110175743699074, -0.03963383659720421, -0.03816591575741768, -0.03669799491763115, -0.03523007407784462, -0.03376215323805809, -0.03229423239827156, -0.03082631342113018, -0.02935839258134365, -0.02789047360420227, -0.02642255276441574, -0.02495463192462921, -0.02348671294748783, -0.0220187921077013, -0.02055087313055992, -0.01908295229077339, -0.017615031450986862, -0.016147110611200333, -0.014679191634058952, -0.013211270794272423, -0.011743351817131042, -0.010275431908667088, -0.008807511068880558, -0.007339591160416603, -0.005871670786291361, -0.004403750412166119, -0.0029358305037021637, -0.0014679096639156342, 1.1175870895385742e-08, 0.0014679314335808158, 0.002935851691290736, 0.004403771832585335, 0.005871692206710577, 0.007339612580835819, 0.008807532489299774, 0.010275453329086304, 0.011743374168872833, 0.013211294077336788, 0.014679214917123318, 0.016147134825587273, 0.017615055665373802, 0.019082974642515182, 0.020550895482301712, 0.02201881632208824, 0.023486735299229622, 0.02495465613901615, 0.026422575116157532, 0.02789049595594406, 0.02935841679573059, 0.03082633763551712, 0.03229425847530365, 0.03376217931509018, 0.03523009642958641, 0.03669801726937294, 0.03816593810915947, 0.0396338552236557, 0.04110177606344223, 0.04256969690322876, 0.04403761774301529, 0.04550553858280182, 0.04697345942258835]}, "gradients/fc_hidden.1.bias": {"_type": "histogram", "values": [359.0, 0.0, 0.0, 0.0, 0.0, 0.0, 0.0, 0.0, 0.0, 0.0, 0.0, 0.0, 0.0, 0.0, 0.0, 0.0, 0.0, 0.0, 0.0, 0.0, 0.0, 0.0, 0.0, 0.0, 0.0, 0.0, 0.0, 0.0, 0.0, 0.0, 0.0, 0.0, 0.0, 0.0, 0.0, 0.0, 0.0, 0.0, 0.0, 0.0, 0.0, 0.0, 0.0, 0.0, 0.0, 0.0, 0.0, 0.0, 0.0, 0.0, 0.0, 0.0, 0.0, 0.0, 0.0, 0.0, 0.0, 0.0, 0.0, 0.0, 0.0, 0.0, 0.0, 1.0], "bins": [0.0, 0.0003508165245875716, 0.0007016330491751432, 0.0010524495737627149, 0.0014032660983502865, 0.001754082622937858, 0.0021048991475254297, 0.0024557155556976795, 0.002806532196700573, 0.0031573488377034664, 0.003508165245875716, 0.003858981654047966, 0.0042097982950508595, 0.004560614936053753, 0.004911431111395359, 0.0052622477523982525, 0.005613064393401146, 0.005963881034404039, 0.006314697675406933, 0.006665513850748539, 0.007016330491751432, 0.007367147132754326, 0.007717963308095932, 0.008068779483437538, 0.008419596590101719, 0.008770412765443325, 0.009121229872107506, 0.009472046047449112, 0.009822862222790718, 0.010173679329454899, 0.010524495504796505, 0.010875312611460686, 0.011226128786802292, 0.011576944962143898, 0.011927762068808079, 0.012278578244149685, 0.012629395350813866, 0.012980211526155472, 0.013331027701497078, 0.013681843876838684, 0.014032660983502865, 0.014383477158844471, 0.014734294265508652, 0.015085110440850258, 0.015435926616191864, 0.01578674279153347, 0.016137560829520226, 0.01648837700486183, 0.016839193180203438, 0.017190009355545044, 0.01754082553088665, 0.017891643568873405, 0.01824245974421501, 0.018593275919556618, 0.018944092094898224, 0.01929490827023983, 0.019645724445581436, 0.019996540620923042, 0.02034735679626465, 0.020698174834251404, 0.02104899100959301, 0.021399807184934616, 0.021750623360276222, 0.02210143953561783, 0.022452257573604584]}, "gradients/fc_hidden.1.weight": {"_type": "histogram", "values": [129551.0, 1.0, 1.0, 1.0, 2.0, 0.0, 1.0, 1.0, 0.0, 3.0, 0.0, 0.0, 1.0, 1.0, 2.0, 0.0, 1.0, 1.0, 0.0, 2.0, 0.0, 0.0, 2.0, 0.0, 0.0, 1.0, 3.0, 0.0, 0.0, 0.0, 1.0, 4.0, 1.0, 2.0, 1.0, 1.0, 1.0, 0.0, 1.0, 0.0, 2.0, 0.0, 3.0, 1.0, 1.0, 0.0, 0.0, 0.0, 0.0, 0.0, 1.0, 0.0, 1.0, 0.0, 3.0, 0.0, 0.0, 0.0, 0.0, 0.0, 0.0, 0.0, 0.0, 1.0], "bins": [0.0, 4.685687235905789e-05, 9.371374471811578e-05, 0.00014057061343919486, 0.00018742748943623155, 0.00023428436543326825, 0.0002811412268783897, 0.0003279981028754264, 0.0003748549788724631, 0.0004217118548694998, 0.0004685687308665365, 0.0005154255777597427, 0.0005622824537567794, 0.0006091393297538161, 0.0006559962057508528, 0.0007028530817478895, 0.0007497099577449262, 0.0007965668337419629, 0.0008434237097389996, 0.0008902805857360363, 0.000937137461733073, 0.0009839943377301097, 0.0010308511555194855, 0.001077708089724183, 0.0011245649075135589, 0.0011714217253029346, 0.0012182786595076323, 0.001265135477297008, 0.0013119924115017056, 0.0013588492292910814, 0.001405706163495779, 0.0014525629812851548, 0.0014994199154898524, 0.0015462767332792282, 0.0015931336674839258, 0.0016399904852733016, 0.0016868474194779992, 0.001733704237267375, 0.0017805611714720726, 0.0018274179892614484, 0.001874274923466146, 0.0019211317412555218, 0.0019679886754602194, 0.002014845609664917, 0.002061702311038971, 0.0021085592452436686, 0.002155416179448366, 0.0022022731136530638, 0.0022491298150271177, 0.0022959867492318153, 0.0023428434506058693, 0.002389700384810567, 0.0024365573190152645, 0.002483414253219962, 0.002530270954594016, 0.0025771278887987137, 0.0026239848230034113, 0.002670841757208109, 0.002717698458582163, 0.0027645553927868605, 0.002811412326991558, 0.0028582692611962557, 0.0029051259625703096, 0.0029519828967750072, 0.002998839830979705]}, "gradients/fc_hidden.0.bias": {"_type": "histogram",