{"graph_0": {"_type": "graph-file", "path": "media/graph/graph_0_summary_79f53a95.graph.json", "sha256": "79f53a95c1f1e5083386577ea42aaa9873fb7d460b12d27c964a912a69b70aae", "size": 868}, "Train Loss": 0.21965887739012638, "Val Loss": 0.3228779658675194, "Train Acc": 91.29166666666667, "Val Acc": 87.25, "_runtime": 57, "_timestamp": 1617739794, "_step": 49, "gradients/fc_output.bias": {"_type": "histogram", "values": [1.0, 0.0, 0.0, 0.0, 0.0, 0.0, 0.0, 0.0, 0.0, 0.0, 0.0, 0.0, 0.0, 0.0, 0.0, 0.0, 0.0, 0.0, 0.0, 0.0, 0.0, 0.0, 0.0, 0.0, 0.0, 0.0, 0.0, 0.0, 0.0, 0.0, 0.0, 0.0, 0.0, 0.0, 0.0, 0.0, 0.0, 0.0, 0.0, 0.0, 0.0, 0.0, 0.0, 0.0, 0.0, 0.0, 0.0, 0.0, 0.0, 0.0, 0.0, 0.0, 0.0, 0.0, 0.0, 0.0, 0.0, 0.0, 0.0, 0.0, 0.0, 0.0, 0.0, 1.0], "bins": [-0.036695048213005066, -0.03554832935333252, -0.034401606768369675, -0.03325488418340683, -0.03210816532373428, -0.030961444601416588, -0.029814723879098892, -0.028668003156781197, -0.0275212824344635, -0.026374561712145805, -0.02522784098982811, -0.024081120267510414, -0.02293439954519272, -0.021787678822875023, -0.020640958100557327, -0.01949423737823963, -0.018347516655921936, -0.01720079593360424, -0.016054075211286545, -0.01490735448896885, -0.013760633766651154, -0.012613913044333458, -0.011467192322015762, -0.010320471599698067, -0.009173750877380371, -0.008027030155062675, -0.00688030943274498, -0.005733588710427284, -0.004586867988109589, -0.003440147265791893, -0.0022934265434741974, -0.0011467058211565018, 1.1175870895385742e-08, 0.001146731898188591, 0.0022934526205062866, 0.0034401733428239822, 0.004586894065141678, 0.0057336147874593735, 0.006880335509777069, 0.008027056232094765, 0.00917377695441246, 0.010320497676730156, 0.011467218399047852, 0.012613939121365547, 0.013760659843683243, 0.014907380566000938, 0.016054101288318634, 0.01720082201063633, 0.018347542732954025, 0.01949426345527172, 0.020640984177589417, 0.021787704899907112, 0.022934425622224808, 0.024081146344542503, 0.0252278670668602, 0.026374587789177895, 0.02752130851149559, 0.028668029233813286, 0.02981474995613098, 0.030961470678448677, 0.03210819140076637, 0.03325491398572922, 0.034401632845401764, 0.03554835170507431, 0.036695074290037155]}, "gradients/fc_output.weight": {"_type": "histogram", "values": [2.0, 0.0, 1.0, 1.0, 2.0, 6.0, 1.0, 2.0, 5.0, 8.0, 11.0, 6.0, 12.0, 7.0, 11.0, 4.0, 5.0, 12.0, 11.0, 9.0, 3.0, 5.0, 4.0, 3.0, 6.0, 6.0, 1.0, 6.0, 3.0, 2.0, 4.0, 391.0, 11.0, 4.0, 2.0, 3.0, 6.0, 1.0, 6.0, 6.0, 3.0, 4.0, 5.0, 3.0, 9.0, 11.0, 12.0, 5.0, 4.0, 11.0, 7.0, 12.0, 6.0, 11.0, 8.0, 5.0, 2.0, 1.0, 6.0, 2.0, 1.0, 1.0, 0.0, 2.0], "bins": [-0.010959255509078503, -0.010616778396070004, -0.010274302214384079, -0.00993182510137558, -0.00958934798836708, -0.009246870875358582, -0.008904394693672657, -0.008561917580664158, -0.008219441398978233, -0.007876964285969734, -0.007534487638622522, -0.0071920109912753105, -0.006849533878266811, -0.0065070572309195995, -0.006164580583572388, -0.0058221034705638885, -0.005479626357555389, -0.005137149710208178, -0.004794672597199678, -0.004452195949852467, -0.0041097188368439674, -0.0037672421894967556, -0.0034247655421495438, -0.0030822886619716883, -0.00273981224745512, -0.0023973353672772646, -0.002054858487099409, -0.0017123818397521973, -0.0013699049595743418, -0.0010274280793964863, -0.0006849514320492744, -0.00034247455187141895, 3.725290298461914e-09, 0.00034248054726049304, 0.0006849573692306876, 0.0010274341329932213, 0.0013699110131710768, 0.0017123878933489323, 0.002054864540696144, 0.0023973414208739996, 0.0027398187667131424, 0.003082295646890998, 0.0034247725270688534, 0.003767249174416065, 0.004109726287424564, 0.004452202934771776, 0.004794679582118988, 0.005137156695127487, 0.005479632876813412, 0.0058221095241606236, 0.006164586637169123, 0.0065070632845163345, 0.006849540397524834, 0.0071920170448720455, 0.007534493692219257, 0.007876970805227757, 0.008219446986913681, 0.00856192409992218, 0.008904400281608105, 0.009246877394616604, 0.009589354507625103, 0.009931830689311028, 0.010274307802319527, 0.010616784915328026, 0.010959262028336525]}, "gradients/fc_hidden.0.bias": {"_type": "histogram", "values": [2.0, 1.0, 0.0, 0.0, 0.0, 1.0, 0.0, 0.0, 0.0, 1.0, 0.0, 3.0, 1.0, 3.0, 4.0, 2.0, 3.0, 7.0, 6.0, 6.0, 1.0, 4.0, 2.0, 3.0, 1.0, 4.0, 1.0, 3.0, 2.0, 3.0, 2.0, 2.0, 0.0, 1.0, 0.0, 1.0, 1.0, 1.0, 0.0, 1.0, 0.0, 2.0, 200.0, 4.0, 1.0, 2.0, 2.0, 2.0, 1.0, 3.0, 4.0, 8.0, 4.0, 5.0, 7.0, 8.0, 6.0, 6.0, 8.0, 5.0, 4.0, 4.0, 0.0, 1.0], "bins": [-0.014348541386425495, -0.014013100415468216, -0.013677659444510937, -0.013342218473553658, -0.013006777502596378, -0.012671336531639099, -0.01233589556068182, -0.01200045458972454, -0.011665013618767262, -0.011329572647809982, -0.010994131676852703, -0.010658690705895424, -0.010323249734938145, -0.009987808763980865, -0.009652367793023586, -0.009316926822066307, -0.008981484919786453, -0.008646043948829174, -0.008310602977871895, -0.007975162006914616, -0.007639721035957336, -0.007304280065000057, -0.006968839094042778, -0.006633398123085499, -0.00629795715212822, -0.00596251618117094, -0.005627075210213661, -0.005291634239256382, -0.004956193268299103, -0.004620752297341824, -0.004285311326384544, -0.003949870355427265, -0.003614429384469986, -0.0032789884135127068, -0.0029435474425554276, -0.0026081064715981483, -0.002272665500640869, -0.001937224413268268, -0.001601783325895667, -0.0012663423549383879, -0.0009309016168117523, -0.0005954606458544731, -0.000260019616689533, 7.542141247540712e-05, 0.00041086238343268633, 0.0007463033543899655, 0.0010817444417625666, 0.0014171854127198458, 0.0017526266165077686, 0.002088067587465048, 0.002423508558422327, 0.0027589495293796062, 0.0030943905003368855, 0.0034298314712941647, 0.0037652726750820875, 0.00410071387887001, 0.00443615484982729, 0.004771595820784569, 0.005107036791741848, 0.005442477762699127, 0.005777918733656406, 0.006113359704613686, 0.006448800675570965, 0.006784241646528244, 0.007119682617485523]}, "gradients/fc_hidden.0.weight": {"_type": "histogram", "values": [2.0, 1.0, 0.0, 0.0, 0.0, 0.0, 1.0, 1.0, 2.0, 1.0, 0.0, 2.0, 3.0, 3.0, 6.0, 4.0, 2.0, 11.0, 7.0, 12.0, 10.0, 8.0, 12.0, 13.0, 21.0, 9.0, 27.0, 29.0, 24.0, 33.0, 35.0, 44.0, 63.0, 80.0, 121.0, 146.0, 178.0, 187.0, 146.0, 137.0, 100.0, 57.0, 58.0, 94.0, 126173.0, 120.0, 236.0, 353.0, 344.0, 260.0, 149.0, 69.0, 42.0, 28.0, 24.0, 24.0, 23.0, 21.0, 16.0, 13.0, 8.0, 5.0, 1.0, 1.0], "bins": [-0.013964845798909664, -0.013648216612637043, -0.013331587426364422, -0.0130149582400918, -0.01269832905381918, -0.012381699867546558, -0.012065070681273937, -0.01174844242632389, -0.01143181324005127, -0.011115184053778648, -0.010798554867506027, -0.010481925681233406, -0.010165296494960785, -0.009848667308688164, -0.009532038122415543, -0.009215408936142921, -0.0088987797498703, -0.00858215056359768, -0.008265521377325058, -0.007948892191052437, -0.007632263004779816, -0.0073156338185071945, -0.006999005097895861, -0.0066823759116232395, -0.006365746725350618, -0.006049117539077997, -0.005732488352805376, -0.005415859166532755, -0.005099230445921421, -0.0047826012596488, -0.004465972073376179, -0.004149342887103558, -0.003832713235169649, -0.003516084048897028, -0.003199454862624407, -0.0028828259091824293, -0.002566196722909808, -0.002249567536637187, -0.0019329384667798877, -0.0016163093969225883, -0.0012996802106499672, -0.000983051024377346, -0.0006664219545200467, -0.00034979282645508647, -3.316369839012623e-05, 0.0002834654878824949, 0.0006000945577397943, 0.0009167236275970936, 0.0012333528138697147, 0.001549982000142336, 0.0018666110699996352, 0.0021832401398569345, 0.0024998693261295557, 0.002816498512402177, 0.0031331274658441544, 0.0034497566521167755, 0.0037663858383893967, 0.004083015024662018, 0.004399644210934639, 0.00471627339720726, 0.005032902583479881, 0.0053495317697525024, 0.005666160490363836, 0.0059827896766364574, 0.006299418862909079]}, "gradients/fc_input.bias": {"_type": "histogram",