{"graph_0": {"_type": "graph-file", "path": "media/graph/graph_0_summary_29bc09e2.graph.json", "sha256": "29bc09e223587c2a1e3efd7c824ccbc79373023e59a5538cacdb869a70530d07", "size": 868}, "Train Loss": 0.16709258127957582, "Val Loss": 0.24013874212214087, "Train Acc": 93.41666666666667, "Val Acc": 88.4318766066838, "_runtime": 219, "_timestamp": 1617136905, "_step": 99, "gradients/fc_output.bias": {"_type": "histogram", "values": [1.0, 0.0, 0.0, 0.0, 0.0, 0.0, 0.0, 0.0, 0.0, 0.0, 0.0, 0.0, 0.0, 0.0, 0.0, 0.0, 0.0, 0.0, 0.0, 0.0, 0.0, 0.0, 0.0, 0.0, 0.0, 0.0, 0.0, 0.0, 0.0, 0.0, 0.0, 0.0, 0.0, 0.0, 0.0, 0.0, 0.0, 0.0, 0.0, 0.0, 0.0, 0.0, 0.0, 0.0, 0.0, 0.0, 0.0, 0.0, 0.0, 0.0, 0.0, 0.0, 0.0, 0.0, 0.0, 0.0, 0.0, 0.0, 0.0, 0.0, 0.0, 0.0, 0.0, 1.0], "bins": [-0.024285221472382545, -0.023526309058070183, -0.02276739478111267, -0.022008482366800308, -0.021249568089842796, -0.020490655675530434, -0.019731741398572922, -0.01897282898426056, -0.018213916569948196, -0.017455004155635834, -0.016696089878678322, -0.01593717746436596, -0.015178264118731022, -0.014419350773096085, -0.013660437427461147, -0.01290152408182621, -0.012142610736191273, -0.011383697390556335, -0.010624784044921398, -0.009865870699286461, -0.009106958284974098, -0.008348044939339161, -0.007589131593704224, -0.006830218713730574, -0.006071304902434349, -0.005312391556799412, -0.004553478676825762, -0.0037945653311908245, -0.003035652218386531, -0.0022767391055822372, -0.0015178257599473, -0.00075891287997365, 0.0, 0.0007589131710119545, 0.001517826342023909, 0.0022767395712435246, 0.003035652684047818, 0.003794565796852112, 0.004553479142487049, 0.005312392022460699, 0.006071304902434349, 0.006830218248069286, 0.007589131128042936, 0.008348044008016586, 0.009106957353651524, 0.009865870699286461, 0.010624784044921398, 0.011383697390556335, 0.012142610736191273, 0.01290152408182621, 0.013660437427461147, 0.014419350773096085, 0.015178263187408447, 0.01593717560172081, 0.016696089878678322, 0.017455002292990685, 0.018213916569948196, 0.01897282898426056, 0.01973174326121807, 0.020490655675530434, 0.021249569952487946, 0.022008482366800308, 0.02276739478111267, 0.023526309058070183, 0.024285221472382545]}, "gradients/fc_output.weight": {"_type": "histogram", "values": [1.0, 1.0, 2.0, 3.0, 1.0, 1.0, 1.0, 1.0, 1.0, 0.0, 1.0, 0.0, 2.0, 0.0, 4.0, 3.0, 3.0, 1.0, 1.0, 0.0, 2.0, 1.0, 0.0, 2.0, 2.0, 8.0, 5.0, 8.0, 2.0, 5.0, 22.0, 42.0, 510.0, 22.0, 5.0, 2.0, 8.0, 5.0, 8.0, 2.0, 2.0, 0.0, 1.0, 2.0, 0.0, 1.0, 1.0, 3.0, 3.0, 4.0, 0.0, 2.0, 0.0, 1.0, 0.0, 1.0, 1.0, 1.0, 1.0, 1.0, 3.0, 2.0, 1.0, 1.0], "bins": [-0.014184705913066864, -0.01374143362045288, -0.013298161327838898, -0.01285488996654749, -0.012411617673933506, -0.011968345381319523, -0.011525074020028114, -0.011081801727414131, -0.010638529434800148, -0.010195257142186165, -0.009751984849572182, -0.009308713488280773, -0.00886544119566679, -0.008422168903052807, -0.007978897541761398, -0.007535625249147415, -0.007092352956533432, -0.006649080663919449, -0.006205808836966753, -0.005762537010014057, -0.005319264717400074, -0.004875992424786091, -0.004432720597833395, -0.003989448770880699, -0.003546176478266716, -0.0031029044184833765, -0.002659632358700037, -0.0022163602989166975, -0.001773088239133358, -0.0013298161793500185, -0.000886544119566679, -0.0004432720597833395, -9.313225746154785e-10, 0.0004432711284607649, 0.0008865431882441044, 0.0013298152480274439, 0.0017730873078107834, 0.002216359367594123, 0.0026596314273774624, 0.003102903487160802, 0.0035461755469441414, 0.0039894478395581245, 0.00443271966651082, 0.004875991493463516, 0.005319263786077499, 0.0057625360786914825, 0.006205807905644178, 0.006649079732596874, 0.007092352025210857, 0.0075356243178248405, 0.007978895679116249, 0.008422167971730232, 0.008865440264344215, 0.009308712556958199, 0.009751984849572182, 0.01019525621086359, 0.010638528503477573, 0.011081800796091557, 0.011525072157382965, 0.011968344449996948, 0.012411616742610931, 0.012854889035224915, 0.013298161327838898, 0.013741432689130306, 0.01418470498174429]}, "gradients/fc_hidden.0.bias": {"_type": "histogram", "values": [2.0, 0.0, 0.0, 1.0, 0.0, 0.0, 0.0, 0.0, 0.0, 0.0, 0.0, 0.0, 0.0, 0.0, 0.0, 1.0, 2.0, 4.0, 7.0, 8.0, 6.0, 268.0, 9.0, 4.0, 5.0, 6.0, 2.0, 0.0, 3.0, 3.0, 1.0, 1.0, 1.0, 0.0, 1.0, 0.0, 0.0, 1.0, 0.0, 2.0, 1.0, 4.0, 1.0, 2.0, 2.0, 0.0, 0.0, 1.0, 0.0, 3.0, 0.0, 2.0, 1.0, 0.0, 0.0, 0.0, 0.0, 2.0, 0.0, 1.0, 1.0, 0.0, 0.0, 1.0], "bins": [-0.011683273129165173, -0.01112858671694994, -0.010573900304734707, -0.010019213892519474, -0.009464527480304241, -0.008909841068089008, -0.0083551537245512, -0.007800467777997255, -0.0072457813657820225, -0.00669109495356679, -0.006136408541351557, -0.005581721663475037, -0.005027035251259804, -0.004472348839044571, -0.003917662426829338, -0.0033629760146141052, -0.0028082896023988724, -0.0022536031901836395, -0.0016989166615530849, -0.0011442301329225302, -0.0005895437207072973, -3.4857308492064476e-05, 0.000519829336553812, 0.0010745157487690449, 0.001629202626645565, 0.002183889038860798, 0.0027385754510760307, 0.0032932620961219072, 0.00384794850833714, 0.004402634687721729, 0.0049573215655982494, 0.005512007977813482, 0.0060666948556900024, 0.006621381267905235, 0.007176067680120468, 0.007730754092335701, 0.008285440504550934, 0.008840126916766167, 0.0093948133289814, 0.009949499741196632, 0.010504186153411865, 0.011058872565627098, 0.011613558977842331, 0.012168245390057564, 0.012722931802272797, 0.01327761821448803, 0.013832304626703262, 0.014386991038918495, 0.014941678382456303, 0.015496364794671535, 0.016051052138209343, 0.016605738550424576, 0.01716042496263981, 0.01771511137485504, 0.018269797787070274, 0.018824484199285507, 0.01937917061150074, 0.019933857023715973, 0.020488543435931206, 0.02104322984814644, 0.02159791626036167, 0.022152602672576904, 0.022707289084792137, 0.02326197549700737, 0.023816661909222603]}, "gradients/fc_hidden.0.weight": {"_type": "histogram", "values": [2.0, 0.0, 0.0, 0.0, 1.0, 0.0, 0.0, 0.0, 0.0, 0.0, 0.0, 0.0, 0.0, 0.0, 0.0, 0.0, 0.0, 0.0, 1.0, 2.0, 1.0, 4.0, 8.0, 7.0, 15.0, 129523.0, 0.0, 0.0, 1.0, 2.0, 2.0, 2.0, 1.0, 0.0, 1.0, 2.0, 1.0, 1.0, 0.0, 0.0, 0.0, 0.0, 0.0, 0.0, 2.0, 1.0, 1.0, 4.0, 2.0, 2.0, 1.0, 5.0, 0.0, 0.0, 0.0, 1.0, 0.0, 1.0, 0.0, 1.0, 1.0, 0.0, 0.0, 1.0], "bins": [-0.01786832883954048, -0.017160899937152863, -0.016453472897410393, -0.015746043995022774, -0.015038615092635155, -0.01433118712157011, -0.013623759150505066, -0.012916330248117447, -0.012208902277052402, -0.011501474305987358, -0.010794045403599739, -0.010086617432534695, -0.00937918946146965, -0.008671760559082031, -0.007964332588016987, -0.007256904151290655, -0.006549475714564323, -0.005842047277837992, -0.00513461884111166, -0.004427190870046616, -0.003719762433320284, -0.003012333996593952, -0.0023049060255289078, -0.001597477588802576, -0.000890050083398819, -0.00018262176308780909, 0.0005248065572232008, 0.0012322347611188889, 0.0019396631978452206, 0.0026470916345715523, 0.0033545196056365967, 0.004061948042362928, 0.004769377410411835, 0.005476805847138166, 0.006184234283864498, 0.0068916622549295425, 0.007599090691655874, 0.008306519128382206, 0.00901394709944725, 0.00972137600183487, 0.010428804904222488, 0.011136232875287533, 0.011843661777675152, 0.012551089748740196, 0.013258518651127815, 0.01396594662219286, 0.014673374593257904, 0.015380803495645523, 0.016088230535387993, 0.016795659437775612, 0.01750308647751808, 0.0182105153799057, 0.01891794428229332, 0.01962537318468094, 0.02033280022442341, 0.021040229126811028, 0.021747656166553497, 0.022455085068941116, 0.023162512108683586, 0.023869941011071205, 0.024577369913458824, 0.025284796953201294, 0.025992225855588913, 0.026699654757976532, 0.02740708366036415]}, "gradients/fc_input.bias": {"_type": "histogram",