{"graph_0": {"_type": "graph-file", "path": "media/graph/graph_0_summary_f392948f.graph.json", "sha256": "f392948f724560fea06968b47b2d3129388c6cfe93436db2e90a3b2bf28913eb", "size": 646}, "Train Loss": 0.019092218790319748, "Val Loss": 0.05649587382989315, "Train Acc": 99.41666666666667, "Val Acc": 98.0, "_runtime": 74, "_timestamp": 1620478983, "_step": 99, "gradients/linear_layers.1.bias": {"_type": "histogram", "values": [1.0, 0.0, 0.0, 0.0, 0.0, 0.0, 0.0, 0.0, 0.0, 0.0, 0.0, 0.0, 0.0, 0.0, 0.0, 0.0, 0.0, 0.0, 0.0, 0.0, 0.0, 0.0, 0.0, 0.0, 0.0, 0.0, 0.0, 0.0, 0.0, 0.0, 0.0, 0.0, 0.0, 0.0, 0.0, 0.0, 0.0, 0.0, 0.0, 0.0, 0.0, 0.0, 0.0, 0.0, 0.0, 0.0, 0.0, 0.0, 0.0, 0.0, 0.0, 0.0, 0.0, 0.0, 0.0, 0.0, 0.0, 0.0, 0.0, 0.0, 0.0, 0.0, 0.0, 1.0], "bins": [-0.004150599241256714, -0.0040208930149674416, -0.0038911867886781693, -0.003761480562388897, -0.0036317743360996246, -0.0035020681098103523, -0.00337236188352108, -0.0032426556572318077, -0.0031129494309425354, -0.002983243204653263, -0.002853536978363991, -0.0027238307520747185, -0.002594124525785446, -0.002464418299496174, -0.0023347120732069016, -0.0022050058469176292, -0.0020752998534590006, -0.0019455936271697283, -0.001815887400880456, -0.0016861811745911837, -0.0015564749483019114, -0.001426768722012639, -0.0012970626121386886, -0.0011673563858494163, -0.0010376502759754658, -0.0009079440496861935, -0.0007782378233969212, -0.0006485316553153098, -0.0005188254290260375, -0.00038911920273676515, -0.00025941303465515375, -0.00012970680836588144, -4.656612873077393e-10, 0.00012970574607606977, 0.00025941195781342685, 0.0003891181549988687, 0.000518824381288141, 0.0006485306075774133, 0.0007782367756590247, 0.000907943001948297, 0.0010376493446528912, 0.0011673555709421635, 0.0012970617972314358, 0.001426768023520708, 0.0015564742498099804, 0.0016861804760992527, 0.0018158865859732032, 0.0019455928122624755, 0.002075298922136426, 0.0022050051484256983, 0.0023347113747149706, 0.002464417601004243, 0.002594123827293515, 0.0027238300535827875, 0.002853536047041416, 0.0029832422733306885, 0.003112948499619961, 0.003242654725909233, 0.0033723609521985054, 0.0035020671784877777, 0.00363177340477705, 0.0037614796310663223, 0.0038911858573555946, 0.004020892083644867, 0.004150598309934139]}, "gradients/linear_layers.1.weight": {"_type": "histogram", "values": [1.0, 0.0, 0.0, 0.0, 0.0, 0.0, 0.0, 1.0, 0.0, 0.0, 0.0, 4.0, 5.0, 2.0, 1.0, 8.0, 5.0, 6.0, 4.0, 12.0, 11.0, 11.0, 7.0, 9.0, 2.0, 4.0, 3.0, 4.0, 4.0, 3.0, 2.0, 500.0, 2.0, 2.0, 3.0, 4.0, 4.0, 3.0, 4.0, 2.0, 9.0, 7.0, 11.0, 11.0, 12.0, 4.0, 6.0, 5.0, 8.0, 1.0, 2.0, 5.0, 4.0, 0.0, 0.0, 0.0, 1.0, 0.0, 0.0, 0.0, 0.0, 0.0, 0.0, 1.0], "bins": [-0.004790630657225847, -0.004640923347324133, -0.004491216037422419, -0.004341509193181992, -0.004191801883280277, -0.004042094573378563, -0.0038923872634768486, -0.0037426799535751343, -0.0035929728765040636, -0.0034432655666023493, -0.0032935584895312786, -0.0031438511796295643, -0.00299414386972785, -0.0028444367926567793, -0.002694729482755065, -0.0025450224056839943, -0.00239531509578228, -0.0022456077858805656, -0.002095900708809495, -0.0019461933989077806, -0.0017964862054213881, -0.0016467790119349957, -0.0014970717020332813, -0.0013473645085468888, -0.0011976573150604963, -0.0010479501215741038, -0.0008982428698800504, -0.000748535618185997, -0.0005988284246996045, -0.000449121231213212, -0.0002994139795191586, -0.0001497067278251052, 4.656612873077393e-10, 0.00014970768825151026, 0.0002994149108417332, 0.00044912213343195617, 0.0005988293560221791, 0.0007485365495085716, 0.000898243801202625, 0.0010479510528966784, 0.001197658246383071, 0.0013473654398694634, 0.001497072633355856, 0.0016467799432575703, 0.0017964871367439628, 0.0019461943302303553, 0.0020959016401320696, 0.0022456087172031403, 0.0023953160271048546, 0.002545023337006569, 0.0026947304140776396, 0.002844437723979354, 0.0029941448010504246, 0.003143852110952139, 0.0032935594208538532, 0.0034432667307555676, 0.0035929738078266382, 0.0037426811177283525, 0.0038923881947994232, 0.0040420955047011375, 0.004191802814602852, 0.004341510124504566, 0.004491216968744993, 0.0046409242786467075, 0.004790631588548422]}, "gradients/linear_layers.0.bias": {"_type": "histogram", "values": [2.0, 2.0, 1.0, 0.0, 4.0, 7.0, 4.0, 6.0, 6.0, 5.0, 2.0, 2.0, 2.0, 7.0, 4.0, 5.0, 2.0, 3.0, 2.0, 3.0, 1.0, 0.0, 4.0, 0.0, 2.0, 0.0, 0.0, 0.0, 0.0, 0.0, 0.0, 0.0, 0.0, 0.0, 0.0, 0.0, 249.0, 0.0, 0.0, 0.0, 0.0, 0.0, 0.0, 0.0, 0.0, 0.0, 0.0, 0.0, 0.0, 1.0, 3.0, 3.0, 1.0, 1.0, 2.0, 0.0, 3.0, 3.0, 5.0, 2.0, 6.0, 3.0, 0.0, 2.0], "bins": [-0.00229458324611187, -0.002231368562206626, -0.0021681541111320257, -0.002104939427226782, -0.0020417249761521816, -0.0019785102922469378, -0.0019152958411723375, -0.0018520811572670937, -0.0017888667061924934, -0.0017256521387025714, -0.0016624375712126493, -0.0015992230037227273, -0.0015360084362328053, -0.0014727938687428832, -0.0014095793012529612, -0.0013463646173477173, -0.0012831500498577952, -0.0012199354823678732, -0.0011567209148779511, -0.001093506347388029, -0.001030291779898107, -0.000967077212408185, -0.000903862586710602, -0.00084064801922068, -0.000777433393523097, -0.000714218826033175, -0.0006510042585432529, -0.0005877896910533309, -0.0005245751235634089, -0.00046136052696965635, -0.00039814593037590384, -0.0003349313628859818, -0.00027171685360372066, -0.00020850228611379862, -0.00014528770407196134, -8.207312203012407e-05, -1.885855454020202e-05, 4.4356012949720025e-05, 0.00010757060954347253, 0.00017078517703339458, 0.0002339996863156557, 0.00029721425380557775, 0.0003604288212954998, 0.0004236434178892523, 0.00048685798537917435, 0.0005500725237652659, 0.0006132871494628489, 0.000676501716952771, 0.0007397163426503539, 0.000802930910140276, 0.000866145477630198, 0.00092936004512012, 0.000992574612610042, 0.0010557891800999641, 0.001119003864005208, 0.0011822183150798082, 0.0012454329989850521, 0.0013086475664749742, 0.0013718621339648962, 0.0014350767014548182, 0.0014982912689447403, 0.0015615058364346623, 0.0016247204039245844, 0.0016879350878298283, 0.0017511495389044285]}, "gradients/linear_layers.0.weight": {"_type": "histogram", "values": [2.0, 3.0, 4.0, 0.0, 5.0, 12.0, 18.0, 22.0, 31.0, 36.0, 52.0, 68.0, 94.0, 110.0, 134.0, 141.0, 191.0, 428.0, 992.0, 648.0, 2748.0, 2831.0, 2967.0, 1379.0, 2276.0, 2730.0, 1594.0, 1286.0, 821.0, 1318.0, 829.0, 357.0, 426.0, 503.0, 579.0, 420.0, 90281.0, 486.0, 466.0, 408.0, 255.0, 281.0, 247.0, 1735.0, 746.0, 1004.0, 1235.0, 2407.0, 2176.0, 745.0, 427.0, 160.0, 116.0, 102.0, 78.0, 68.0, 43.0, 33.0, 16.0, 12.0, 11.0, 3.0, 2.0, 2.0],