{"graph_0": {"_type": "graph-file", "path": "media/graph/graph_0_summary_570c71cb.graph.json", "sha256": "570c71cb378b7d700b2ea16972ff984cf48861b54afed3eb72536a77dde4e2b5", "size": 868}, "Train Loss": 0.0007646781951330518, "Val Loss": 0.015054188089834497, "Train Acc": 100.0, "Val Acc": 99.75, "_runtime": 63, "_timestamp": 1617460905, "_step": 49, "gradients/fc_output.bias": {"_type": "histogram", "values": [1.0, 0.0, 0.0, 0.0, 0.0, 0.0, 0.0, 0.0, 0.0, 0.0, 0.0, 0.0, 0.0, 0.0, 0.0, 0.0, 0.0, 0.0, 0.0, 0.0, 0.0, 0.0, 0.0, 0.0, 0.0, 0.0, 0.0, 0.0, 0.0, 0.0, 0.0, 0.0, 0.0, 0.0, 0.0, 0.0, 0.0, 0.0, 0.0, 0.0, 0.0, 0.0, 0.0, 0.0, 0.0, 0.0, 0.0, 0.0, 0.0, 0.0, 0.0, 0.0, 0.0, 0.0, 0.0, 0.0, 0.0, 0.0, 0.0, 0.0, 0.0, 0.0, 0.0, 1.0], "bins": [-0.0031751112546771765, -0.003075889078900218, -0.0029766669031232595, -0.002877444727346301, -0.0027782225515693426, -0.002679000375792384, -0.0025797782000154257, -0.002480556024238467, -0.0023813338484615088, -0.0022821116726845503, -0.002182889496907592, -0.0020836673211306334, -0.001984445145353675, -0.0018852229695767164, -0.001786000793799758, -0.0016867786180227995, -0.001587556442245841, -0.0014883342664688826, -0.001389112090691924, -0.0012898899149149656, -0.0011906677391380072, -0.0010914455633610487, -0.0009922233875840902, -0.0008930012118071318, -0.0007937790360301733, -0.0006945568602532148, -0.0005953346844762564, -0.0004961125086992979, -0.00039689033292233944, -0.000297668157145381, -0.0001984459813684225, -9.922380559146404e-05, -1.862645149230957e-09, 9.922031313180923e-05, 0.0001984424889087677, 0.00029766466468572617, 0.00039688684046268463, 0.0004961090162396431, 0.0005953311920166016, 0.00069455336779356, 0.0007937755435705185, 0.000892997719347477, 0.0009922198951244354, 0.0010914420709013939, 0.0011906642466783524, 0.0012898864224553108, 0.0013891085982322693, 0.0014883307740092278, 0.0015875529497861862, 0.0016867751255631447, 0.0017859973013401031, 0.0018852194771170616, 0.00198444165289402, 0.0020836638286709785, 0.002182886004447937, 0.0022821081802248955, 0.002381330356001854, 0.0024805525317788124, 0.002579774707555771, 0.0026789968833327293, 0.002778219059109688, 0.0028774412348866463, 0.0029766634106636047, 0.003075885586440563, 0.0031751077622175217]}, "gradients/fc_output.weight": {"_type": "histogram", "values": [1.0, 0.0, 1.0, 4.0, 1.0, 3.0, 4.0, 12.0, 8.0, 17.0, 9.0, 5.0, 7.0, 8.0, 3.0, 3.0, 3.0, 1.0, 2.0, 0.0, 3.0, 0.0, 2.0, 2.0, 6.0, 8.0, 18.0, 18.0, 25.0, 17.0, 4.0, 308.0, 22.0, 4.0, 17.0, 25.0, 18.0, 18.0, 8.0, 6.0, 2.0, 2.0, 0.0, 3.0, 0.0, 2.0, 1.0, 3.0, 3.0, 3.0, 8.0, 7.0, 5.0, 9.0, 17.0, 8.0, 12.0, 4.0, 3.0, 1.0, 4.0, 1.0, 0.0, 1.0], "bins": [-0.001976641593500972, -0.0019148715073242784, -0.001853101421147585, -0.0017913313349708915, -0.001729561248794198, -0.0016677910462021828, -0.0016060209600254893, -0.0015442508738487959, -0.0014824807876721025, -0.001420710701495409, -0.0013589406153187156, -0.0012971705291420221, -0.0012354003265500069, -0.0011736303567886353, -0.00111186015419662, -0.0010500900680199265, -0.0009883199818432331, -0.0009265498956665397, -0.0008647798094898462, -0.0008030096651054919, -0.0007412395789287984, -0.000679469492752105, -0.0006176993483677506, -0.0005559292621910572, -0.0004941591760143638, -0.0004323890898376703, -0.00037061897455714643, -0.00030884885927662253, -0.0002470787730999291, -0.00018530868692323565, -0.00012353857164271176, -6.176845636218786e-05, 1.3969838619232178e-09, 6.177149771247059e-05, 0.00012354159844107926, 0.00018531169916968793, 0.0002470817998982966, 0.00030885188607499003, 0.00037062200135551393, 0.0004323921166360378, 0.0004941622028127313, 0.0005559322889894247, 0.0006177023751661181, 0.0006794725195504725, 0.0007412426057271659, 0.0008030126919038594, 0.0008647828362882137, 0.0009265529224649072, 0.0009883230086416006, 0.001050093094818294, 0.0011118631809949875, 0.001173633267171681, 0.0012354033533483744, 0.0012971735559403896, 0.001358943642117083, 0.0014207137282937765, 0.00148248381447047, 0.0015442539006471634, 0.0016060239868238568, 0.0016677940730005503, 0.0017295642755925655, 0.0017913342453539371, 0.0018531044479459524, 0.0019148745341226459, 0.0019766446202993393]}, "gradients/fc_hidden.0.bias": {"_type": "histogram", "values": [1.0, 0.0, 0.0, 3.0, 3.0, 1.0, 5.0, 2.0, 9.0, 8.0, 6.0, 6.0, 4.0, 5.0, 10.0, 8.0, 6.0, 4.0, 3.0, 2.0, 1.0, 1.0, 1.0, 1.0, 2.0, 1.0, 0.0, 1.0, 1.0, 2.0, 0.0, 1.0, 0.0, 1.0, 157.0, 0.0, 0.0, 0.0, 0.0, 0.0, 2.0, 2.0, 2.0, 1.0, 1.0, 0.0, 3.0, 4.0, 7.0, 1.0, 9.0, 10.0, 10.0, 12.0, 5.0, 7.0, 4.0, 5.0, 4.0, 3.0, 5.0, 2.0, 3.0, 2.0], "bins": [-0.0005977833061479032, -0.0005802684463560581, -0.0005627535283565521, -0.000545238668564707, -0.000527723808772862, -0.000510208890773356, -0.0004926940309815109, -0.00047517914208583534, -0.0004576642531901598, -0.00044014936429448426, -0.0004226344753988087, -0.00040511961560696363, -0.0003876047267112881, -0.00037008983781561255, -0.00035257497802376747, -0.00033506008912809193, -0.0003175452002324164, -0.00030003031133674085, -0.0002825154224410653, -0.00026500056264922023, -0.0002474856737535447, -0.00022997078485786915, -0.00021245591051410884, -0.00019494103617034853, -0.00017742614727467299, -0.00015991125837899745, -0.00014239638403523713, -0.00012488150969147682, -0.00010736662079580128, -8.985173917608336e-05, -7.233685755636543e-05, -5.482198321260512e-05, -3.730715252459049e-05, -1.9792270904872566e-05, -2.2773892851546407e-06, 1.5237492334563285e-05, 3.275237395428121e-05, 5.026725557399914e-05, 6.778213719371706e-05, 8.529701153747737e-05, 0.00010281190043315291, 0.00012032678205287084, 0.00013784166367258877, 0.00015535653801634908, 0.00017287142691202462, 0.00019038631580770016, 0.00020790119015146047, 0.00022541606449522078, 0.00024293095339089632, 0.00026044584228657186, 0.0002779607311822474, 0.0002954755909740925, 0.000312990479869768, 0.00033050536876544356, 0.00034802022855728865, 0.0003655351174529642, 0.0003830500063486397, 0.00040056489524431527, 0.0004180797841399908, 0.0004355946439318359, 0.00045310953282751143, 0.00047062442172318697, 0.00048813928151503205, 0.0005056541413068771, 0.0005231690593063831]}, "gradients/fc_hidden.0.weight": {"_type": "histogram", "values": [1.0, 0.0, 0.0, 3.0, 3.0, 0.0, 6.0, 3.0, 9.0, 8.0, 9.0, 9.0, 8.0, 8.0, 20.0, 18.0, 18.0, 13.0, 17.0, 27.0, 39.0, 36.0, 70.0, 115.0, 183.0, 277.0, 476.0, 667.0, 907.0, 1098.0, 1181.0, 1503.0, 2370.0, 1181.0, 108826.0, 2673.0, 2015.0, 1540.0, 1319.0, 1031.0, 665.0, 454.0, 258.0, 146.0, 103.0, 53.0, 38.0, 30.0, 29.0, 16.0, 20.0, 18.0, 16.0, 15.0, 12.0, 8.0, 8.0, 5.0, 4.0, 3.0, 4.0, 3.0, 3.0, 2.0],