{"graph_0": {"_type": "graph-file", "path": "media/graph/graph_0_summary_6d6b95c9.graph.json", "sha256": "6d6b95c931c69184db4350e3ed7e5c4719c114763430c47508a28f69a819f0b5", "size": 646}, "Train Loss": 0.17746525319914022, "Val Loss": 0.24839666113257408, "Train Acc": 93.33333333333333, "Val Acc": 89.625, "_runtime": 41, "_timestamp": 1618078020, "_step": 49, "gradients/linear_layers.1.bias": {"_type": "histogram", "values": [1.0, 0.0, 0.0, 0.0, 0.0, 0.0, 0.0, 0.0, 0.0, 0.0, 0.0, 0.0, 0.0, 0.0, 0.0, 0.0, 0.0, 0.0, 0.0, 0.0, 0.0, 0.0, 0.0, 0.0, 0.0, 0.0, 0.0, 0.0, 0.0, 0.0, 0.0, 0.0, 0.0, 0.0, 0.0, 0.0, 0.0, 0.0, 0.0, 0.0, 0.0, 0.0, 0.0, 0.0, 0.0, 0.0, 0.0, 0.0, 0.0, 0.0, 0.0, 0.0, 0.0, 0.0, 0.0, 0.0, 0.0, 0.0, 0.0, 0.0, 0.0, 0.0, 0.0, 1.0], "bins": [-0.15882903337478638, -0.15386562049388885, -0.14890222251415253, -0.143938809633255, -0.13897541165351868, -0.13401199877262115, -0.12904858589172363, -0.12408518046140671, -0.11912177503108978, -0.11415836960077286, -0.10919496417045593, -0.10423155128955841, -0.09926814585924149, -0.09430474042892456, -0.08934132754802704, -0.08437792211771011, -0.07941451668739319, -0.07445111125707626, -0.06948770582675934, -0.06452429294586182, -0.05956088751554489, -0.054597482085227966, -0.04963407292962074, -0.04467066377401352, -0.039707258343696594, -0.03474385291337967, -0.029780443757772446, -0.02481703646481037, -0.019853629171848297, -0.014890221878886223, -0.009926814585924149, -0.004963405430316925, 1.4901161193847656e-08, 0.004963422194123268, 0.009926829487085342, 0.014890236780047417, 0.01985364407300949, 0.024817051365971565, 0.02978045865893364, 0.03474386781454086, 0.03970727324485779, 0.04467067867517471, 0.04963408783078194, 0.05459749698638916, 0.059560902416706085, 0.06452430784702301, 0.06948772072792053, 0.07445112615823746, 0.07941453158855438, 0.08437793701887131, 0.08934134244918823, 0.09430475533008575, 0.09926816076040268, 0.1042315661907196, 0.10919497907161713, 0.11415838450193405, 0.11912178993225098, 0.1240851953625679, 0.12904860079288483, 0.13401201367378235, 0.13897541165351868, 0.1439388245344162, 0.14890223741531372, 0.15386563539505005, 0.15882904827594757]}, "gradients/linear_layers.1.weight": {"_type": "histogram", "values": [1.0, 1.0, 2.0, 2.0, 3.0, 3.0, 1.0, 4.0, 1.0, 2.0, 1.0, 2.0, 4.0, 6.0, 6.0, 9.0, 6.0, 3.0, 1.0, 4.0, 0.0, 2.0, 0.0, 0.0, 1.0, 0.0, 1.0, 0.0, 0.0, 0.0, 0.0, 587.0, 1.0, 0.0, 0.0, 0.0, 0.0, 1.0, 0.0, 1.0, 0.0, 0.0, 2.0, 0.0, 4.0, 1.0, 3.0, 6.0, 9.0, 6.0, 6.0, 4.0, 2.0, 1.0, 2.0, 1.0, 4.0, 1.0, 3.0, 3.0, 2.0, 2.0, 1.0, 1.0], "bins": [-0.09810299426317215, -0.09503727406263351, -0.09197155386209488, -0.08890584111213684, -0.0858401209115982, -0.08277440071105957, -0.07970868051052094, -0.0766429603099823, -0.07357724010944366, -0.07051151990890503, -0.0674457997083664, -0.06438007950782776, -0.06131436675786972, -0.058248646557331085, -0.05518292635679245, -0.052117206156253815, -0.049051493406295776, -0.04598577320575714, -0.042920056730508804, -0.03985433652997017, -0.03678862005472183, -0.0337228998541832, -0.030657179653644562, -0.027591461315751076, -0.02452573925256729, -0.021460020914673805, -0.01839430257678032, -0.015328582376241684, -0.012262864038348198, -0.009197145700454712, -0.006131425499916077, -0.0030657071620225906, 7.450580596923828e-09, 0.0030657262541353703, 0.006131445057690144, 0.009197164326906204, 0.01226288266479969, 0.015328601002693176, 0.01839432120323181, 0.021460039541125298, 0.024525754153728485, 0.02759147249162197, 0.030657190829515457, 0.03372291103005409, 0.03678862750530243, 0.039854347705841064, 0.0429200679063797, 0.045985788106918335, 0.04905150830745697, 0.052117228507995605, 0.05518294498324394, 0.05824866518378258, 0.061314381659030914, 0.06438010185956955, 0.06744582206010818, 0.07051154226064682, 0.07357725501060486, 0.0766429752111435, 0.07970869541168213, 0.08277441561222076, 0.0858401283621788, 0.08890584856271744, 0.09197156876325607, 0.09503728896379471, 0.09810300916433334]}, "gradients/linear_layers.0.bias": {"_type": "histogram", "values": [1.0, 1.0, 0.0, 1.0, 0.0, 0.0, 3.0, 0.0, 2.0, 4.0, 0.0, 4.0, 1.0, 2.0, 7.0, 3.0, 2.0, 5.0, 2.0, 1.0, 0.0, 0.0, 1.0, 1.0, 1.0, 0.0, 0.0, 0.0, 0.0, 0.0, 0.0, 0.0, 0.0, 0.0, 0.0, 294.0, 0.0, 0.0, 0.0, 0.0, 0.0, 0.0, 0.0, 0.0, 0.0, 0.0, 1.0, 0.0, 1.0, 1.0, 0.0, 1.0, 1.0, 1.0, 0.0, 1.0, 4.0, 1.0, 1.0, 1.0, 5.0, 3.0, 1.0, 1.0], "bins": [-0.0701126903295517, -0.06815242767333984, -0.0661921575665474, -0.06423189491033554, -0.06227163225412369, -0.060311365872621536, -0.058351099491119385, -0.05639083683490753, -0.05443057045340538, -0.05247030407190323, -0.050510041415691376, -0.048549775034189224, -0.04658950865268707, -0.04462924599647522, -0.04266897961497307, -0.04070871323347092, -0.038748450577259064, -0.03678818419575691, -0.03482792153954506, -0.03286765515804291, -0.030907390639185905, -0.028947126120328903, -0.02698685973882675, -0.02502659521996975, -0.023066330701112747, -0.021106066182255745, -0.019145801663398743, -0.01718553528189659, -0.015225270763039589, -0.013265006244182587, -0.01130474079400301, -0.009344475343823433, -0.007384218275547028, -0.005423953291028738, -0.0034636883065104485, -0.0015034233219921589, 0.0004568416625261307, 0.002417106181383133, 0.00437737163156271, 0.006337637081742287, 0.008297901600599289, 0.010258166119456291, 0.012218431569635868, 0.014178697019815445, 0.016138961538672447, 0.01809922605752945, 0.0200594924390316, 0.022019756957888603, 0.023980021476745605, 0.025940285995602608, 0.02790055051445961, 0.02986081689596176, 0.031821079552173615, 0.033781345933675766, 0.03574161231517792, 0.03770187497138977, 0.03966214135289192, 0.041622407734394073, 0.043582670390605927, 0.04554293677210808, 0.04750320315361023, 0.04946346580982208, 0.051423732191324234, 0.053383998572826385, 0.05534426122903824]}, "gradients/linear_layers.0.weight": {"_type": "histogram", "values": [192.0, 207.0, 99.0, 181.0, 95.0, 22.0, 574.0, 177.0, 410.0, 531.0, 603.0, 333.0, 769.0, 738.0, 1181.0, 1383.0, 679.0, 741.0, 1321.0, 437.0, 247.0, 223.0, 501.0, 650.0, 671.0, 692.0, 548.0, 429.0, 229.0, 133.0, 99.0, 25.0, 0.0, 0.0, 0.0, 105840.0, 0.0, 0.0, 0.0, 13.0, 65.0, 105.0, 115.0, 155.0, 222.0, 429.0, 490.0, 567.0, 308.0, 361.0, 117.0, 309.0, 276.0, 277.0, 291.0, 445.0, 883.0, 297.0, 342.0, 779.0, 727.0, 807.0, 51.0, 209.0], "bins": [-0.05336511507630348, -0.05187308415770531, -0.05038105323910713, -0.04888902232050896, -0.04739699140191078, -0.04590496048331261, -0.04441292956471443, -0.04292089864611626, -0.04142886772751808, -0.03993683680891991, -0.03844480589032173, -0.036952774971723557, -0.03546074405312538, -0.033968713134527206, -0.03247668221592903, -0.030984651297330856, -0.02949262037873268, -0.028000589460134506, -0.02650855854153633, -0.025016527622938156, -0.02352449670433998, -0.022032465785741806, -0.02054043486714363, -0.019048403948545456, -0.01755637302994728, -0.016064342111349106, -0.01457231119275093, -0.013080280274152756, -0.01158824935555458, -0.010096218436956406, -0.00860418751835823, -0.0071121565997600555, -0.005620121955871582, -0.004128091037273407, -0.002636060118675232, -0.0011440292000770569, 0.00034800171852111816, 0.0018400326371192932, 0.0033320635557174683, 0.004824094474315643, 0.006316125392913818, 0.007808156311511993, 0.009300187230110168, 0.010792218148708344, 0.012284249067306519, 0.013776279985904694, 0.015268310904502869, 0.016760341823101044, 0.01825237274169922, 0.019744403660297394, 0.02123643457889557, 0.022728465497493744, 0.02422049641609192, 0.025712527334690094, 0.02720455825328827, 0.028696589171886444, 0.03018862009048462, 0.031680651009082794, 0.03317268192768097, 0.034664712846279144, 0.03615674376487732, 0.037648774683475494, 0.03914080560207367, 0.040632836520671844, 0.04212486743927002]}}