{"graph_0": {"_type": "graph-file", "path": "media/graph/graph_0_summary_98342cf9.graph.json", "sha256": "98342cf929313e91a4bdc6e6174449539fbf4dfc0984be06b3af9c7c99dbbcc4", "size": 646}, "Train Loss": 0.09032028551316923, "Val Loss": 0.10214072582311928, "Train Acc": 96.83333333333333, "Val Acc": 97.375, "_runtime": 41, "_timestamp": 1620596141, "_step": 49, "gradients/linear_layers.1.bias": {"_type": "histogram", "values": [1.0, 0.0, 0.0, 0.0, 0.0, 0.0, 0.0, 0.0, 0.0, 0.0, 0.0, 0.0, 0.0, 0.0, 0.0, 0.0, 0.0, 0.0, 0.0, 0.0, 0.0, 0.0, 0.0, 0.0, 0.0, 0.0, 0.0, 0.0, 0.0, 0.0, 0.0, 0.0, 0.0, 0.0, 0.0, 0.0, 0.0, 0.0, 0.0, 0.0, 0.0, 0.0, 0.0, 0.0, 0.0, 0.0, 0.0, 0.0, 0.0, 0.0, 0.0, 0.0, 0.0, 0.0, 0.0, 0.0, 0.0, 0.0, 0.0, 0.0, 0.0, 0.0, 0.0, 1.0], "bins": [-0.010406949557363987, -0.010081731714308262, -0.009756514802575111, -0.009431296959519386, -0.009106080047786236, -0.00878086220473051, -0.00845564529299736, -0.008130427449941635, -0.007805210072547197, -0.0074799926951527596, -0.007154775317758322, -0.006829557940363884, -0.006504340097308159, -0.006179123185575008, -0.005853905342519283, -0.0055286879651248455, -0.005203470587730408, -0.00487825321033597, -0.004553035832941532, -0.004227818455547094, -0.003902600845322013, -0.003577383467927575, -0.0032521658577024937, -0.002926948480308056, -0.002601731102913618, -0.0022765137255191803, -0.0019512962317094207, -0.001626078737899661, -0.0013008613605052233, -0.0009756439831107855, -0.0006504264893010259, -0.00032520899549126625, 9.313225746154785e-09, 0.00032522674882784486, 0.0006504441844299436, 0.0009756616200320423, 0.001300879055634141, 0.0016260964330285788, 0.0019513139268383384, 0.002276531420648098, 0.0026017487980425358, 0.0029269661754369736, 0.0032521835528314114, 0.003577401163056493, 0.0039026185404509306, 0.004227835685014725, 0.00455305352807045, 0.004878270905464888, 0.005203488282859325, 0.005528705660253763, 0.005853923037648201, 0.006179140415042639, 0.006504357792437077, 0.006829575635492802, 0.0071547930128872395, 0.007480010390281677, 0.007805227767676115, 0.008130445145070553, 0.008455662988126278, 0.008780879899859428, 0.009106097742915154, 0.009431314654648304, 0.009756532497704029, 0.01008174940943718, 0.010406967252492905]}, "gradients/linear_layers.1.weight": {"_type": "histogram", "values": [1.0, 0.0, 0.0, 0.0, 0.0, 0.0, 0.0, 0.0, 1.0, 1.0, 1.0, 3.0, 4.0, 4.0, 1.0, 2.0, 2.0, 1.0, 1.0, 2.0, 0.0, 1.0, 0.0, 0.0, 0.0, 0.0, 1.0, 5.0, 8.0, 10.0, 14.0, 580.0, 14.0, 14.0, 10.0, 8.0, 5.0, 1.0, 0.0, 0.0, 0.0, 0.0, 1.0, 0.0, 2.0, 1.0, 1.0, 2.0, 2.0, 1.0, 4.0, 4.0, 3.0, 1.0, 1.0, 1.0, 0.0, 0.0, 0.0, 0.0, 0.0, 0.0, 0.0, 1.0], "bins": [-0.017947757616639137, -0.017386889085173607, -0.016826022416353226, -0.016265153884887695, -0.015704287216067314, -0.015143418684601784, -0.014582551084458828, -0.014021683484315872, -0.013460815884172916, -0.01289994828402996, -0.012339080683887005, -0.011778213083744049, -0.011217344552278519, -0.010656477883458138, -0.010095609351992607, -0.009534741751849651, -0.008973874151706696, -0.00841300655156374, -0.007852138951420784, -0.007291270885616541, -0.006730403285473585, -0.006169535685330629, -0.005608667619526386, -0.0050478000193834305, -0.004486932419240475, -0.003926064819097519, -0.0033651969861239195, -0.00280432915315032, -0.0022434615530073643, -0.0016825939528644085, -0.001121726119890809, -0.0005608582869172096, 7.450580596923828e-09, 0.0005608751671388745, 0.0011217428836971521, 0.0016826106002554297, 0.0022434783168137074, 0.002804345916956663, 0.0033652137499302626, 0.003926081582903862, 0.004486949183046818, 0.0050478167831897736, 0.005608684383332729, 0.006169552449136972, 0.006730420049279928, 0.007291287649422884, 0.007852155715227127, 0.008413023315370083, 0.008973890915513039, 0.009534758515655994, 0.01009562611579895, 0.010656493715941906, 0.011217361316084862, 0.011778229847550392, 0.012339097447693348, 0.012899965047836304, 0.01346083264797926, 0.014021700248122215, 0.014582567848265171, 0.015143435448408127, 0.015704303979873657, 0.01626517064869404, 0.01682603918015957, 0.01738690584897995, 0.01794777438044548]}, "gradients/linear_layers.0.bias": {"_type": "histogram", "values": [3.0, 1.0, 1.0, 3.0, 3.0, 2.0, 1.0, 2.0, 1.0, 3.0, 2.0, 1.0, 1.0, 0.0, 0.0, 0.0, 1.0, 0.0, 0.0, 0.0, 0.0, 0.0, 0.0, 0.0, 0.0, 1.0, 0.0, 0.0, 283.0, 0.0, 0.0, 0.0, 0.0, 2.0, 0.0, 0.0, 0.0, 0.0, 1.0, 2.0, 0.0, 1.0, 0.0, 0.0, 0.0, 3.0, 3.0, 4.0, 1.0, 3.0, 2.0, 4.0, 5.0, 2.0, 3.0, 1.0, 2.0, 2.0, 1.0, 0.0, 3.0, 4.0, 1.0, 1.0], "bins": [-0.0033539924770593643, -0.0032382295466959476, -0.0031224668491631746, -0.003006703918799758, -0.002890941221266985, -0.0027751782909035683, -0.0026594153605401516, -0.0025436526630073786, -0.002427889732643962, -0.0023121268022805452, -0.002196364104747772, -0.0020806011743843555, -0.0019648384768515825, -0.0018490755464881659, -0.001733312732540071, -0.0016175499185919762, -0.0015017871046438813, -0.0013860242906957865, -0.0012702614767476916, -0.0011544986627995968, -0.0010387357324361801, -0.0009229729184880853, -0.0008072101045399904, -0.0006914472323842347, -0.0005756844766438007, -0.00045992163359187543, -0.00034415879053995013, -0.0002283959765918553, -0.00011263313353992999, 3.1297095119953156e-06, 0.00011889252346009016, 0.00023465539561584592, 0.0003504182677716017, 0.000466181110823527, 0.0005819439538754523, 0.0006977067678235471, 0.0008134696399793029, 0.0009292324539273977, 0.0010449952678754926, 0.0011607580818235874, 0.001276521012187004, 0.001392283826135099, 0.0015080466400831938, 0.0016238095704466105, 0.0017395723843947053, 0.0018553351983428001, 0.001971098128706217, 0.00208686082623899, 0.002202623523771763, 0.0023183864541351795, 0.0024341491516679525, 0.002549912082031369, 0.0026656747795641422, 0.002781437709927559, 0.0028972006402909756, 0.0030129633378237486, 0.0031287262681871653, 0.003244489198550582, 0.003360251896083355, 0.0034760148264467716, 0.0035917775239795446, 0.0037075404543429613, 0.0038233031518757343, 0.003939066082239151, 0.004054829012602568]}, "gradients/linear_layers.0.weight": {"_type": "histogram", "values": [3.0, 3.0, 2.0, 6.0, 10.0, 16.0, 18.0, 34.0, 37.0, 58.0, 56.0, 88.0, 439.0, 523.0, 880.0, 1154.0, 942.0, 959.0, 1036.0, 604.0, 398.0, 359.0, 253.0, 209.0, 236.0, 281.0, 519.0, 329.0, 102220.0, 294.0, 383.0, 910.0, 405.0, 433.0, 955.0, 516.0, 401.0, 733.0, 1547.0, 1485.0, 1503.0, 1400.0, 1662.0, 1135.0, 927.0, 735.0, 921.0, 883.0, 299.0, 89.0, 63.0, 61.0, 43.0, 47.0, 28.0, 19.0, 20.0, 9.0, 6.0, 6.0, 3.0, 5.0, 1.0, 1.0],