{"graph_0": {"_type": "graph-file", "path": "media/graph/graph_0_summary_b8706262.graph.json", "sha256": "b87062623fbdea0d359a59946512435b67836febde110965988d2770d921e7c6", "size": 646}, "Train Loss": 0.6429143912262387, "Val Loss": 0.6391120950380961, "Train Acc": 65.91666666666667, "Val Acc": 66.45833333333333, "_runtime": 53, "_timestamp": 1618077752, "_step": 49, "gradients/linear_layers.1.bias": {"_type": "histogram", "values": [1.0, 0.0, 0.0, 0.0, 0.0, 0.0, 0.0, 0.0, 0.0, 0.0, 0.0, 0.0, 0.0, 0.0, 0.0, 0.0, 0.0, 0.0, 0.0, 0.0, 0.0, 0.0, 0.0, 0.0, 0.0, 0.0, 0.0, 0.0, 0.0, 0.0, 0.0, 0.0, 0.0, 0.0, 0.0, 0.0, 0.0, 0.0, 0.0, 0.0, 0.0, 0.0, 0.0, 0.0, 0.0, 0.0, 0.0, 0.0, 0.0, 0.0, 0.0, 0.0, 0.0, 0.0, 0.0, 0.0, 0.0, 0.0, 0.0, 0.0, 0.0, 0.0, 0.0, 1.0], "bins": [-0.09181250631809235, -0.08894336223602295, -0.08607422560453415, -0.08320508152246475, -0.08033594489097595, -0.07746680080890656, -0.07459765672683716, -0.07172852009534836, -0.06885937601327896, -0.06599023193120956, -0.06312109529972076, -0.06025195121765137, -0.05738281086087227, -0.05451367050409317, -0.05164453014731407, -0.04877538979053497, -0.045906249433755875, -0.043037109076976776, -0.04016796872019768, -0.03729882836341858, -0.03442968428134918, -0.031560543924570084, -0.028691403567790985, -0.025822261348366737, -0.022953122854232788, -0.02008398249745369, -0.017214840278029442, -0.014345699921250343, -0.01147655863314867, -0.008607417345046997, -0.0057382769882678986, -0.002869134768843651, 7.450580596923828e-09, 0.0028691485058516264, 0.005738289561122656, 0.008607430383563042, 0.011476571671664715, 0.014345712959766388, 0.017214853316545486, 0.020083995535969734, 0.022953137755393982, 0.02582227811217308, 0.028691420331597328, 0.031560562551021576, 0.034429702907800674, 0.03729884326457977, 0.04016798362135887, 0.04303712397813797, 0.04590626433491707, 0.04877540469169617, 0.051644545048475266, 0.054513685405254364, 0.05738282948732376, 0.06025196984410286, 0.06312111020088196, 0.06599025428295135, 0.06885939091444016, 0.07172853499650955, 0.07459767162799835, 0.07746681571006775, 0.08033595234155655, 0.08320509642362595, 0.08607423305511475, 0.08894337713718414, 0.09181252121925354]}, "gradients/linear_layers.1.weight": {"_type": "histogram", "values": [2.0, 0.0, 0.0, 0.0, 1.0, 0.0, 2.0, 0.0, 0.0, 1.0, 0.0, 0.0, 0.0, 0.0, 1.0, 0.0, 1.0, 0.0, 1.0, 0.0, 0.0, 0.0, 0.0, 1.0, 0.0, 0.0, 0.0, 0.0, 1.0, 0.0, 1.0, 690.0, 6.0, 1.0, 0.0, 1.0, 0.0, 0.0, 0.0, 0.0, 1.0, 0.0, 0.0, 0.0, 0.0, 1.0, 0.0, 1.0, 0.0, 1.0, 0.0, 0.0, 0.0, 0.0, 1.0, 0.0, 0.0, 2.0, 0.0, 1.0, 0.0, 0.0, 0.0, 2.0], "bins": [-0.1787494421005249, -0.1731635183095932, -0.1675775945186615, -0.161991685628891, -0.1564057618379593, -0.1508198380470276, -0.1452339142560959, -0.13964799046516418, -0.13406208157539368, -0.12847615778446198, -0.12289024144411087, -0.11730431765317917, -0.11171840131282806, -0.10613247752189636, -0.10054655373096466, -0.09496063739061356, -0.08937471359968185, -0.08378878980875015, -0.07820287346839905, -0.07261694967746735, -0.06703103333711624, -0.06144510954618454, -0.05585918948054314, -0.05027326941490173, -0.04468734562397003, -0.03910142555832863, -0.033515505492687225, -0.027929583564400673, -0.02234366349875927, -0.016757743433117867, -0.011171821504831314, -0.005585901439189911, 1.4901161193847656e-08, 0.005585935432463884, 0.011171855963766575, 0.016757776960730553, 0.022343697026371956, 0.02792961709201336, 0.03351553902029991, 0.039101459085941315, 0.04468737542629242, 0.05027329549193382, 0.055859215557575226, 0.06144513934850693, 0.06703105568885803, 0.07261697947978973, 0.07820290327072144, 0.08378881961107254, 0.08937474340200424, 0.09496066719293594, 0.10054658353328705, 0.10613250732421875, 0.11171842366456985, 0.11730434745550156, 0.12289026379585266, 0.12847618758678436, 0.13406211137771606, 0.13964803516864777, 0.14523395895957947, 0.15081986784934998, 0.15640579164028168, 0.16199171543121338, 0.16757763922214508, 0.17316356301307678, 0.1787494719028473]}, "gradients/linear_layers.0.bias": {"_type": "histogram", "values": [1.0, 0.0, 0.0, 0.0, 0.0, 0.0, 0.0, 0.0, 0.0, 0.0, 1.0, 1.0, 0.0, 0.0, 0.0, 1.0, 0.0, 0.0, 0.0, 0.0, 0.0, 0.0, 0.0, 1.0, 1.0, 0.0, 0.0, 0.0, 0.0, 0.0, 1.0, 1.0, 0.0, 1.0, 0.0, 0.0, 0.0, 0.0, 0.0, 0.0, 0.0, 0.0, 1.0, 0.0, 0.0, 0.0, 0.0, 0.0, 0.0, 0.0, 0.0, 0.0, 0.0, 0.0, 0.0, 1.0, 1.0, 0.0, 0.0, 0.0, 0.0, 0.0, 4.0, 344.0], "bins": [-0.004340830259025097, -0.004272101912647486, -0.004203373566269875, -0.004134644754230976, -0.004065916407853365, -0.003997188061475754, -0.003928459715098143, -0.003859731135889888, -0.003791002556681633, -0.003722274210304022, -0.003653545631095767, -0.003584817284718156, -0.003516088705509901, -0.00344736035913229, -0.003378631779924035, -0.003309903433546424, -0.003241174854338169, -0.003172446507960558, -0.003103717928752303, -0.003034989582374692, -0.002966261003166437, -0.002897532656788826, -0.002828804077580571, -0.00276007573120296, -0.002691347384825349, -0.0026226190384477377, -0.002553890459239483, -0.0024851621128618717, -0.002416433533653617, -0.0023477051872760057, -0.002278976608067751, -0.0022102482616901398, -0.0021415199153125286, -0.0020727915689349174, -0.0020040629897266626, -0.0019353345269337296, -0.0018666060641407967, -0.0017978776013478637, -0.0017291491385549307, -0.0016604207921773195, -0.0015916920965537429, -0.00152296363376081, -0.001454235170967877, -0.001385506708174944, -0.001316778245382011, -0.001248049782589078, -0.0011793214362114668, -0.001110592857003212, -0.0010418645106256008, -0.0009731360478326678, -0.0009044075850397348, -0.0008356791222468019, -0.0007669506594538689, -0.0006982221966609359, -0.0006294937920756638, -0.0005607653292827308, -0.0004920368664897978, -0.00042330840369686484, -0.00035457994090393186, -0.0002858515072148293, -0.00021712304442189634, -0.00014839458162896335, -7.966614793986082e-05, -1.0937685146927834e-05, 5.7790763094089925e-05]}, "gradients/linear_layers.0.weight": {"_type": "histogram", "values": [1.0, 0.0, 1.0, 3.0, 2.0, 0.0, 6.0, 10.0, 8.0, 8.0, 12.0, 11.0, 16.0, 101.0, 24.0, 28.0, 35.0, 42.0, 37.0, 26.0, 44.0, 128.0, 131.0, 68.0, 67.0, 140.0, 54.0, 52.0, 60.0, 39.0, 38.0, 130.0, 156.0, 96.0, 87.0, 91.0, 153.0, 110.0, 202.0, 213.0, 102.0, 51.0, 42.0, 48.0, 67.0, 65.0, 161.0, 125.0, 94.0, 45.0, 64.0, 61.0, 47.0, 59.0, 43.0, 49.0, 262.0, 279.0, 59.0, 75.0, 76.0, 50.0, 124905.0, 341.0], "bins": [-0.004108607303351164, -0.004043215420097113, -0.0039778235368430614, -0.00391243165358901, -0.003847039770334959, -0.003781647887080908, -0.0037162560038268566, -0.003650864353403449, -0.003585472470149398, -0.0035200805868953466, -0.0034546887036412954, -0.0033892968203872442, -0.003323904937133193, -0.0032585132867097855, -0.0031931214034557343, -0.003127729520201683, -0.003062337636947632, -0.0029969457536935806, -0.0029315538704395294, -0.002866161987185478, -0.002800770103931427, -0.002735378220677376, -0.0026699863374233246, -0.002604594686999917, -0.002539202570915222, -0.002473810687661171, -0.0024084188044071198, -0.0023430269211530685, -0.0022776350378990173, -0.002212243154644966, -0.002146851271390915, -0.0020814596209675074, -0.0020160679705441, -0.0019506760872900486, -0.0018852842040359974, -0.0018198923207819462, -0.0017545005539432168, -0.0016891086706891656, -0.0016237167874351144, -0.0015583249041810632, -0.0014929331373423338, -0.0014275412540882826, -0.0013621493708342314, -0.0012967574875801802, -0.0012313657207414508, -0.0011659738374873996, -0.0011005819542333484, -0.0010351900709792972, -0.000969798129517585, -0.0009044062462635338, -0.0008390144212171435, -0.0007736225379630923, -0.0007082306547090411, -0.0006428388296626508, -0.0005774469464085996, -0.0005120551213622093, -0.00044666326721198857, -0.0003812714130617678, -0.0003158795298077166, -0.00025048767565749586, -0.0001850958215072751, -0.00011970396735705435, -5.4312084103003144e-05, 1.1079770047217607e-05, 7.647163147339597e-05]}}